{"version":"2021.4.25.11","config":{"name":"Drawing-3.sketchpad","surface":{"method":"fill","blend":"normal","enabled":true,"opacity":1,"type":"color","color":"#ffffff"},"clipPath":{"enabled":true,"style":{"strokeStyle":"black","lineWidth":1}},"description":"Made with Sketchpad","metadata":{},"exportDPI":72,"exportFormat":"png","exportQuality":0.95,"units":"px","width":1536,"height":731,"pages":[{"width":1536,"height":731}],"uuid":"9e77f983-a54e-41cb-88fd-ab38e2ab3ca6"},"layers":[{"type":"fancyText","content":"component scan ","fitText":true,"fontFamily":"abel","fontSize":61.875,"fontStyle":"normal","fontVariant":"normal","fontWeight":400,"letterSpacing":0.09,"lineHeight":0.98,"searchTerm":"","textAlign":"center","textDecoration":"none","textTransform":"none","whiteSpace":"pre-wrap","wordSpacing":0.17,"blend":"normal","exportable":true,"findable":true,"fill":{"method":"fill","blend":"normal","enabled":true,"opacity":1,"type":"color","color":"#000000"},"filter":{"enabled":true,"opened":true,"stack":[]},"stroke":{"method":"stroke","blend":"normal","enabled":true,"opacity":1,"type":"gradient","gradient":{"type":"linearGradient","noise":0,"spreadMethod":"pad","stops":[{"color":"#e43a15","offset":0},{"color":"#e65245","offset":1}],"x1":0.5,"y1":1,"x2":0.5,"y2":0},"alignment":0.5,"lineCap":"round","lineDash":"none","lineDashOffset":0,"lineJoin":"miter","lineWidth":1.5,"lineWidthVariance":0,"miterLimit":4,"color":"black"},"bbox":{"x":369,"y":43.79960226239826,"width":495.3333333333333,"height":100,"rotation":0,"scale":{"x":1,"y":1},"skew":{"x":0,"y":0},"anchor":{"x":0,"y":0}},"id":"c45ab23f-54f4-476a-8701-0b6c0ac36104","seed":320001514,"pointerId":"you_66345","parentId":"Top","idx":0},{"type":"pen","iteration":1864,"pathSpacing":{"clamp":{"min":5},"compatOverlapSegments":false,"enabled":true,"type":1},"blend":"normal","seed":1660052434,"exportable":true,"findable":true,"fill":{"method":"fill","blend":"normal","enabled":false,"opacity":0,"type":"color","color":"black"},"filter":{"enabled":true,"opened":true,"stack":[]},"stroke":{"method":"stroke","blend":"normal","enabled":true,"opacity":1,"type":"color","color":"#000000","alignment":0.5,"lineCap":"round","lineDash":"none","lineDashOffset":0,"lineJoin":"miter","lineWidth":5.005,"lineWidthVariance":4.995,"miterLimit":4,"gradient":{"type":"linearGradient","noise":0,"spreadMethod":"pad","stops":[{"color":"#e43a15","offset":0},{"color":"#e65245","offset":1}],"x1":0,"y1":0.5,"x2":1,"y2":0.5}},"bbox":{"x":957.9475749,"y":24.2354382,"width":55.75970030745849,"height":64.59881238870129,"rotation":0,"scale":{"x":1,"y":1},"skew":{"x":0,"y":0},"anchor":{"x":0,"y":0}},"id":"a389d4ae-68b6-4950-9b5f-7169c161a2b2","pointerId":"you_66349","path":[{"x":22.92,"y":21.77,"cmd":"M"},{"x":22.92,"y":21.77,"cmd":"L"},{"x":22.92,"y":21.77,"cmd":"L"},{"x":22.42,"y":21.43,"cmd":"L"},{"x":20.74,"y":20.81,"cmd":"L"},{"x":17.88,"y":20.3,"cmd":"L"},{"x":13.86,"y":21.15,"cmd":"L"},{"x":10.72,"y":25.37,"cmd":"L"},{"x":9.3,"y":28.11,"cmd":"L"},{"x":8.28,"y":30.1,"cmd":"L"},{"x":7.62,"y":32.85,"cmd":"L"},{"x":7.79,"y":36.77,"cmd":"L"},{"x":9.53,"y":40.11,"cmd":"L"},{"x":10.88,"y":41.57,"cmd":"L"},{"x":13.17,"y":42.57,"cmd":"L"},{"x":16.97,"y":43.25,"cmd":"L"},{"x":20.93,"y":43.54,"cmd":"L"},{"x":24.05,"y":42.62,"cmd":"L"},{"x":24.79,"y":41.88,"cmd":"L"},{"x":26.11,"y":40.16,"cmd":"L"},{"x":27.21,"y":35.68,"cmd":"L"},{"x":27.49,"y":33.74,"cmd":"L"},{"x":27.71,"y":30.76,"cmd":"L"},{"x":27.76,"y":29.77,"cmd":"L"},{"x":27.76,"y":29.77,"cmd":"L"},{"x":29.06,"y":31.42,"cmd":"L"},{"x":29.47,"y":32.15,"cmd":"L"},{"x":29.87,"y":32.58,"cmd":"L"},{"x":32.39,"y":34.17,"cmd":"L"},{"x":35.93,"y":33.95,"cmd":"L"},{"x":39.65,"y":30.73,"cmd":"L"},{"x":42.35,"y":26.33,"cmd":"L"},{"x":44.64,"y":21.48,"cmd":"L"},{"x":45.43,"y":16.73,"cmd":"L"},{"x":45.74,"y":11.76,"cmd":"L"},{"x":42.47,"y":6.34,"cmd":"L"},{"x":37.63,"y":4.05,"cmd":"L"},{"x":33.62,"y":2.09,"cmd":"L"},{"x":26.84,"y":0.47,"cmd":"L"},{"x":21.91,"y":0.03,"cmd":"L"},{"x":19.92,"y":-0.07,"cmd":"L"},{"x":15.82,"y":1.01,"cmd":"L"},{"x":10.49,"y":4.22,"cmd":"L"},{"x":4.47,"y":14.2,"cmd":"L"},{"x":2.7,"y":20.87,"cmd":"L"},{"x":0.66,"y":28.86,"cmd":"L"},{"x":0.17,"y":34.78,"cmd":"L"},{"x":0.01,"y":40.77,"cmd":"L"},{"x":1.01,"y":43.91,"cmd":"L"},{"x":1.82,"y":45.98,"cmd":"L"},{"x":3.02,"y":47.45,"cmd":"L"},{"x":4.91,"y":49.54,"cmd":"L"},{"x":10.27,"y":52.37,"cmd":"L"},{"x":12.26,"y":53.4,"cmd":"L"},{"x":17.96,"y":54.3,"cmd":"L"},{"x":23.93,"y":54.61,"cmd":"L"},{"x":32.18,"y":50.98,"cmd":"L"},{"x":36.87,"y":45.96,"cmd":"L"},{"x":39.08,"y":43.14,"cmd":"L"},{"x":40.84,"y":38.57,"cmd":"L"},{"x":41.45,"y":34.73,"cmd":"L"},{"x":41.77,"y":28.77,"cmd":"L"},{"x":41.83,"y":26.77,"cmd":"L"},{"x":41.37,"y":23.74,"cmd":"L"},{"x":41.24,"y":23.47,"cmd":"L"}],"parentId":"Top","idx":1},{"type":"pen","iteration":1903,"pathSpacing":{"clamp":{"min":5},"compatOverlapSegments":false,"enabled":true,"type":1},"blend":"normal","seed":997510322,"exportable":true,"findable":true,"fill":{"method":"fill","blend":"normal","enabled":false,"opacity":0,"type":"color","color":"black"},"filter":{"enabled":true,"opened":true,"stack":[]},"stroke":{"method":"stroke","blend":"normal","enabled":true,"opacity":1,"type":"color","color":"#000000","alignment":0.5,"lineCap":"round","lineDash":"none","lineDashOffset":0,"lineJoin":"miter","lineWidth":5.005,"lineWidthVariance":4.995,"miterLimit":4,"gradient":{"type":"linearGradient","noise":0,"spreadMethod":"pad","stops":[{"color":"#e43a15","offset":0},{"color":"#e65245","offset":1}],"x1":0,"y1":0.5,"x2":1,"y2":0.5}},"bbox":{"x":978.9291179,"y":96.2456795,"width":51.0246410092655,"height":57.672147756532006,"rotation":0,"scale":{"x":1,"y":1},"skew":{"x":0,"y":0},"anchor":{"x":0,"y":0}},"id":"696ec2e1-843d-481c-a24d-ae8accac2bc9","pointerId":"you_66350","path":[{"x":8.07,"y":10.75,"cmd":"M"},{"x":8.07,"y":10.75,"cmd":"L"},{"x":8.07,"y":10.75,"cmd":"L"},{"x":6.02,"y":11.16,"cmd":"L"},{"x":4.86,"y":11.63,"cmd":"L"},{"x":2.35,"y":13.79,"cmd":"L"},{"x":1.14,"y":16.95,"cmd":"L"},{"x":-0.05,"y":20.88,"cmd":"L"},{"x":-0.4,"y":22.8,"cmd":"L"},{"x":-0.53,"y":23.78,"cmd":"L"},{"x":-0.05,"y":24.97,"cmd":"L"},{"x":0.86,"y":27.01,"cmd":"L"},{"x":1.54,"y":28.17,"cmd":"L"},{"x":2.34,"y":29.3,"cmd":"L"},{"x":3.57,"y":30.11,"cmd":"L"},{"x":4.36,"y":30.48,"cmd":"L"},{"x":6.18,"y":30.97,"cmd":"L"},{"x":7.13,"y":31.16,"cmd":"L"},{"x":8.11,"y":31.31,"cmd":"L"},{"x":9.55,"y":30.38,"cmd":"L"},{"x":9.99,"y":29.92,"cmd":"L"},{"x":11.73,"y":26.44,"cmd":"L"},{"x":12.25,"y":24.64,"cmd":"L"},{"x":13.02,"y":22.56,"cmd":"L"},{"x":13.28,"y":21.64,"cmd":"L"},{"x":13.47,"y":20.69,"cmd":"L"},{"x":13.47,"y":20.69,"cmd":"L"},{"x":15.58,"y":22.09,"cmd":"L"},{"x":17.75,"y":23.86,"cmd":"L"},{"x":19.58,"y":25.08,"cmd":"L"},{"x":23.3,"y":26.61,"cmd":"L"},{"x":27.12,"y":27.26,"cmd":"L"},{"x":29.2,"y":26.62,"cmd":"L"},{"x":31.49,"y":25.28,"cmd":"L"},{"x":31.93,"y":24.85,"cmd":"L"},{"x":33.2,"y":20.62,"cmd":"L"},{"x":33.55,"y":18.71,"cmd":"L"},{"x":33.81,"y":15.74,"cmd":"L"},{"x":33.94,"y":12.75,"cmd":"L"},{"x":33.44,"y":8.73,"cmd":"L"},{"x":32.87,"y":6.65,"cmd":"L"},{"x":31.56,"y":4.36,"cmd":"L"},{"x":28.37,"y":1.68,"cmd":"L"},{"x":25.89,"y":0.78,"cmd":"L"},{"x":22.04,"y":0.2,"cmd":"L"},{"x":20.06,"y":0.02,"cmd":"L"},{"x":14.91,"y":1.78,"cmd":"L"},{"x":12.85,"y":2.62,"cmd":"L"},{"x":8.8,"y":4.49,"cmd":"L"},{"x":6.54,"y":6.05,"cmd":"L"},{"x":4.14,"y":8.58,"cmd":"L"},{"x":2.85,"y":10.34,"cmd":"L"},{"x":1.12,"y":14.94,"cmd":"L"},{"x":0.47,"y":19.78,"cmd":"L"},{"x":0.22,"y":24.76,"cmd":"L"},{"x":0.14,"y":28.75,"cmd":"L"},{"x":0.68,"y":32.78,"cmd":"L"},{"x":2.1,"y":36.92,"cmd":"L"},{"x":4.72,"y":42.08,"cmd":"L"},{"x":7.25,"y":45.37,"cmd":"L"},{"x":7.78,"y":45.82,"cmd":"L"},{"x":10.26,"y":46.72,"cmd":"L"},{"x":17.09,"y":47.44,"cmd":"L"},{"x":24.07,"y":47.66,"cmd":"L"},{"x":29.09,"y":47.09,"cmd":"L"},{"x":32.28,"y":45.84,"cmd":"L"},{"x":37.42,"y":43.15,"cmd":"L"},{"x":38.56,"y":42.4,"cmd":"L"},{"x":39.68,"y":41.56,"cmd":"L"},{"x":40.12,"y":41.03,"cmd":"L"},{"x":41.03,"y":38.57,"cmd":"L"},{"x":40.49,"y":34.72,"cmd":"L"},{"x":39.06,"y":30.59,"cmd":"L"},{"x":37.92,"y":29.12,"cmd":"L"},{"x":35.62,"y":25.32,"cmd":"L"}],"parentId":"Top","idx":2},{"type":"pen","iteration":1938,"pathSpacing":{"clamp":{"min":5},"compatOverlapSegments":false,"enabled":true,"type":1},"blend":"normal","seed":169744600,"exportable":true,"findable":true,"fill":{"method":"fill","blend":"normal","enabled":false,"opacity":0,"type":"color","color":"black"},"filter":{"enabled":true,"opened":true,"stack":[]},"stroke":{"method":"stroke","blend":"normal","enabled":true,"opacity":1,"type":"color","color":"#000000","alignment":0.5,"lineCap":"round","lineDash":"none","lineDashOffset":0,"lineJoin":"miter","lineWidth":5.005,"lineWidthVariance":4.995,"miterLimit":4,"gradient":{"type":"linearGradient","noise":0,"spreadMethod":"pad","stops":[{"color":"#e43a15","offset":0},{"color":"#e65245","offset":1}],"x1":0,"y1":0.5,"x2":1,"y2":0.5}},"bbox":{"x":1162.2437253,"y":27.9987371,"width":49.76905480765814,"height":43.39514457816092,"rotation":0,"scale":{"x":1,"y":1},"skew":{"x":0,"y":0},"anchor":{"x":0,"y":0}},"id":"2bde3717-1a6e-401b-894d-ff373db4a298","pointerId":"you_66351","path":[{"x":27.76,"y":0,"cmd":"M"},{"x":27.76,"y":0,"cmd":"L"},{"x":25.76,"y":0,"cmd":"L"},{"x":17.71,"y":1.46,"cmd":"L"},{"x":9.33,"y":6.46,"cmd":"L"},{"x":4.88,"y":10.88,"cmd":"L"},{"x":1.23,"y":17.39,"cmd":"L"},{"x":0.32,"y":22.05,"cmd":"L"},{"x":-0.03,"y":27.01,"cmd":"L"},{"x":1.29,"y":29.38,"cmd":"L"},{"x":4.46,"y":32.06,"cmd":"L"},{"x":9.83,"y":33.32,"cmd":"L"},{"x":14.8,"y":32.49,"cmd":"L"},{"x":20.14,"y":29.47,"cmd":"L"},{"x":22.1,"y":26.5,"cmd":"L"},{"x":22.89,"y":23.87,"cmd":"L"},{"x":23.32,"y":20.97,"cmd":"L"},{"x":23.49,"y":18.99,"cmd":"L"},{"x":23.49,"y":18.99,"cmd":"L"},{"x":23.49,"y":18.99,"cmd":"L"},{"x":28.44,"y":23.09,"cmd":"L"},{"x":30.27,"y":24.32,"cmd":"L"},{"x":33.06,"y":25.68,"cmd":"L"},{"x":34.87,"y":26.19,"cmd":"L"},{"x":38.78,"y":26.65,"cmd":"L"},{"x":39.77,"y":26.74,"cmd":"L"}],"parentId":"Top","idx":3},{"type":"pen","iteration":1954,"pathSpacing":{"clamp":{"min":5},"compatOverlapSegments":false,"enabled":true,"type":1},"blend":"normal","seed":1132180550,"exportable":true,"findable":true,"fill":{"method":"fill","blend":"normal","enabled":false,"opacity":0,"type":"color","color":"black"},"filter":{"enabled":true,"opened":true,"stack":[]},"stroke":{"method":"stroke","blend":"normal","enabled":true,"opacity":1,"type":"color","color":"#000000","alignment":0.5,"lineCap":"round","lineDash":"none","lineDashOffset":0,"lineJoin":"miter","lineWidth":5.005,"lineWidthVariance":4.995,"miterLimit":4,"gradient":{"type":"linearGradient","noise":0,"spreadMethod":"pad","stops":[{"color":"#e43a15","offset":0},{"color":"#e65245","offset":1}],"x1":0,"y1":0.5,"x2":1,"y2":0.5}},"bbox":{"x":1141.0535554,"y":17.8689597,"width":91.91187355124241,"height":103.84256292445521,"rotation":0,"scale":{"x":1,"y":1},"skew":{"x":0,"y":0},"anchor":{"x":0,"y":0}},"id":"902e3804-d41f-4540-b502-7c5ef1185477","pointerId":"you_66352","path":[{"x":46.94,"y":2.13,"cmd":"M"},{"x":46.94,"y":2.13,"cmd":"L"},{"x":42.83,"y":0.95,"cmd":"L"},{"x":38.92,"y":0.48,"cmd":"L"},{"x":35.94,"y":0.31,"cmd":"L"},{"x":29.94,"y":0.19,"cmd":"L"},{"x":24.86,"y":1.42,"cmd":"L"},{"x":18.6,"y":4.73,"cmd":"L"},{"x":14.27,"y":8.24,"cmd":"L"},{"x":5.65,"y":20.66,"cmd":"L"},{"x":1.82,"y":33.26,"cmd":"L"},{"x":0.26,"y":48.14,"cmd":"L"},{"x":-0.01,"y":63.13,"cmd":"L"},{"x":1.42,"y":71.17,"cmd":"L"},{"x":11.11,"y":83.75,"cmd":"L"},{"x":21.43,"y":90.49,"cmd":"L"},{"x":29.11,"y":93.15,"cmd":"L"},{"x":34.96,"y":93.8,"cmd":"L"},{"x":53.95,"y":92.35,"cmd":"L"},{"x":65.2,"y":87.35,"cmd":"L"},{"x":72.53,"y":81.91,"cmd":"L"},{"x":78.13,"y":74.52,"cmd":"L"},{"x":81.06,"y":64.99,"cmd":"L"},{"x":81.75,"y":54.12,"cmd":"L"},{"x":81.91,"y":41.13,"cmd":"L"},{"x":78.76,"y":30.01,"cmd":"L"},{"x":73.35,"y":19.78,"cmd":"L"},{"x":61.89,"y":6.41,"cmd":"L"},{"x":55.53,"y":2.65,"cmd":"L"},{"x":48.76,"y":0.16,"cmd":"L"},{"x":46.88,"y":-0.24,"cmd":"L"},{"x":34.91,"y":1.66,"cmd":"L"},{"x":26.53,"y":6.6,"cmd":"L"},{"x":21.37,"y":10.36,"cmd":"L"},{"x":16.02,"y":15.96,"cmd":"L"},{"x":14.72,"y":17.71,"cmd":"L"}],"parentId":"Top","idx":4},{"type":"pen","iteration":1986,"pathSpacing":{"clamp":{"min":5},"compatOverlapSegments":false,"enabled":true,"type":1},"blend":"normal","seed":1130143893,"exportable":true,"findable":true,"fill":{"method":"fill","blend":"normal","enabled":false,"opacity":0,"type":"color","color":"black"},"filter":{"enabled":true,"opened":true,"stack":[]},"stroke":{"method":"stroke","blend":"normal","enabled":true,"opacity":1,"type":"color","color":"#000000","alignment":0.5,"lineCap":"round","lineDash":"none","lineDashOffset":0,"lineJoin":"miter","lineWidth":5.005,"lineWidthVariance":4.995,"miterLimit":4,"gradient":{"type":"linearGradient","noise":0,"spreadMethod":"pad","stops":[{"color":"#e43a15","offset":0},{"color":"#e65245","offset":1}],"x1":0,"y1":0.5,"x2":1,"y2":0.5}},"bbox":{"x":1175.0423668,"y":88.4563136,"width":55.91601719630569,"height":88.60307273710997,"rotation":0,"scale":{"x":1,"y":1},"skew":{"x":0,"y":0},"anchor":{"x":0,"y":0}},"id":"11cab4c7-7c27-4ce1-9ecb-85beef8aed42","pointerId":"you_66353","path":[{"x":28.96,"y":23.54,"cmd":"M"},{"x":28.96,"y":23.54,"cmd":"L"},{"x":26.9,"y":23.13,"cmd":"L"},{"x":22.95,"y":22.8,"cmd":"L"},{"x":20.95,"y":22.69,"cmd":"L"},{"x":17.48,"y":24.92,"cmd":"L"},{"x":15.22,"y":29.82,"cmd":"L"},{"x":14.31,"y":37.56,"cmd":"L"},{"x":14.13,"y":40.55,"cmd":"L"},{"x":15.08,"y":43.67,"cmd":"L"},{"x":16.84,"y":45.42,"cmd":"L"},{"x":21.96,"y":45.5,"cmd":"L"},{"x":26.35,"y":43.02,"cmd":"L"},{"x":28.5,"y":39.16,"cmd":"L"},{"x":29.55,"y":37.19,"cmd":"L"},{"x":30.09,"y":35.41,"cmd":"L"},{"x":30.32,"y":35.06,"cmd":"L"},{"x":31.18,"y":35.41,"cmd":"L"},{"x":35.57,"y":38.73,"cmd":"L"},{"x":36.65,"y":39.63,"cmd":"L"},{"x":39.14,"y":40.52,"cmd":"L"},{"x":41.41,"y":39.12,"cmd":"L"},{"x":43.68,"y":34.26,"cmd":"L"},{"x":45,"y":30.38,"cmd":"L"},{"x":45.54,"y":26.51,"cmd":"L"},{"x":43.71,"y":19.45,"cmd":"L"},{"x":40.5,"y":14.11,"cmd":"L"},{"x":28.38,"y":5.31,"cmd":"L"},{"x":21.91,"y":4.09,"cmd":"L"},{"x":14.95,"y":3.71,"cmd":"L"},{"x":12.77,"y":4.51,"cmd":"L"},{"x":6.3,"y":9.67,"cmd":"L"},{"x":1.78,"y":25.66,"cmd":"L"},{"x":0.26,"y":40.56,"cmd":"L"},{"x":0,"y":58.54,"cmd":"L"},{"x":1.51,"y":68.58,"cmd":"L"},{"x":3.08,"y":73.67,"cmd":"L"},{"x":4.64,"y":76.85,"cmd":"L"},{"x":7.49,"y":78.83,"cmd":"L"},{"x":15.98,"y":77.88,"cmd":"L"},{"x":23.43,"y":73.15,"cmd":"L"},{"x":36.97,"y":57.79,"cmd":"L"},{"x":42.47,"y":48.15,"cmd":"L"},{"x":44.83,"y":42.32,"cmd":"L"},{"x":45.73,"y":30.53,"cmd":"L"},{"x":45.92,"y":14.54,"cmd":"L"},{"x":42.97,"y":6.36,"cmd":"L"},{"x":40.48,"y":2.13,"cmd":"L"},{"x":38.31,"y":0.41,"cmd":"L"},{"x":37.58,"y":0,"cmd":"L"}],"parentId":"Top","idx":5},{"type":"pen","iteration":2022,"pathSpacing":{"clamp":{"min":5},"compatOverlapSegments":false,"enabled":true,"type":1},"blend":"normal","seed":1184544884,"exportable":true,"findable":true,"fill":{"method":"fill","blend":"normal","enabled":false,"opacity":0,"type":"color","color":"black"},"filter":{"enabled":true,"opened":true,"stack":[]},"stroke":{"method":"stroke","blend":"normal","enabled":true,"opacity":1,"type":"color","color":"#000000","alignment":0.5,"lineCap":"round","lineDash":"none","lineDashOffset":0,"lineJoin":"miter","lineWidth":5.005,"lineWidthVariance":4.995,"miterLimit":4,"gradient":{"type":"linearGradient","noise":0,"spreadMethod":"pad","stops":[{"color":"#e43a15","offset":0},{"color":"#e65245","offset":1}],"x1":0,"y1":0.5,"x2":1,"y2":0.5}},"bbox":{"x":1229.0601797,"y":8.0570221,"width":104.75384439956076,"height":113.21734901920895,"rotation":0,"scale":{"x":1,"y":1},"skew":{"x":0,"y":0},"anchor":{"x":0,"y":0}},"id":"c1914dc9-6aba-443c-a430-4f08169a4111","pointerId":"you_66354","path":[{"x":42.94,"y":22.94,"cmd":"M"},{"x":40.88,"y":22.53,"cmd":"L"},{"x":34.89,"y":21.47,"cmd":"L"},{"x":30.93,"y":21.17,"cmd":"L"},{"x":27.29,"y":24.07,"cmd":"L"},{"x":24.82,"y":32.08,"cmd":"L"},{"x":24.16,"y":40.95,"cmd":"L"},{"x":24.01,"y":47.94,"cmd":"L"},{"x":25.02,"y":51.09,"cmd":"L"},{"x":28.24,"y":52.64,"cmd":"L"},{"x":36.97,"y":51.37,"cmd":"L"},{"x":46.49,"y":44.67,"cmd":"L"},{"x":55.04,"y":34.26,"cmd":"L"},{"x":58.65,"y":26.65,"cmd":"L"},{"x":59.15,"y":24.84,"cmd":"L"},{"x":59.6,"y":20.92,"cmd":"L"},{"x":59.6,"y":20.92,"cmd":"L"},{"x":59.38,"y":21.31,"cmd":"L"},{"x":58.13,"y":24.19,"cmd":"L"},{"x":57.4,"y":28.98,"cmd":"L"},{"x":57.71,"y":32.95,"cmd":"L"},{"x":58.14,"y":33.54,"cmd":"L"},{"x":58.66,"y":33.99,"cmd":"L"},{"x":61.14,"y":33.03,"cmd":"L"},{"x":65.19,"y":27.38,"cmd":"L"},{"x":66.9,"y":22.76,"cmd":"L"},{"x":67.49,"y":18.91,"cmd":"L"},{"x":65.16,"y":13.68,"cmd":"L"},{"x":54.27,"y":4.84,"cmd":"L"},{"x":44.73,"y":1.05,"cmd":"L"},{"x":30.93,"y":0.14,"cmd":"L"},{"x":22.94,"y":0,"cmd":"L"},{"x":10.59,"y":6.54,"cmd":"L"},{"x":4.43,"y":17.34,"cmd":"L"},{"x":0.52,"y":37,"cmd":"L"},{"x":0.01,"y":58.94,"cmd":"L"},{"x":4.22,"y":76.03,"cmd":"L"},{"x":10.81,"y":92.17,"cmd":"L"},{"x":23.57,"y":102.1,"cmd":"L"},{"x":29.01,"y":103.3,"cmd":"L"},{"x":43.96,"y":101.33,"cmd":"L"},{"x":61.33,"y":91.43,"cmd":"L"},{"x":82.81,"y":70.06,"cmd":"L"},{"x":88.42,"y":60.53,"cmd":"L"},{"x":94.03,"y":42.8,"cmd":"L"},{"x":94.77,"y":29.94,"cmd":"L"},{"x":92.58,"y":19.88,"cmd":"L"},{"x":90.19,"y":14.67,"cmd":"L"}],"parentId":"Top","idx":6},{"type":"pen","iteration":2060,"pathSpacing":{"clamp":{"min":5},"compatOverlapSegments":false,"enabled":true,"type":1},"blend":"normal","seed":713904679,"exportable":true,"findable":true,"fill":{"method":"fill","blend":"normal","enabled":false,"opacity":0,"type":"color","color":"black"},"filter":{"enabled":true,"opened":true,"stack":[]},"stroke":{"method":"stroke","blend":"normal","enabled":true,"opacity":1,"type":"color","color":"#000000","alignment":0.5,"lineCap":"round","lineDash":"none","lineDashOffset":0,"lineJoin":"miter","lineWidth":5.005,"lineWidthVariance":4.995,"miterLimit":4,"gradient":{"type":"linearGradient","noise":0,"spreadMethod":"pad","stops":[{"color":"#e43a15","offset":0},{"color":"#e65245","offset":1}],"x1":0,"y1":0.5,"x2":1,"y2":0.5}},"bbox":{"x":1253.0773344,"y":87.9760247,"width":81.75220428520652,"height":83.67228103631425,"rotation":0,"scale":{"x":1,"y":1},"skew":{"x":0,"y":0},"anchor":{"x":0,"y":0}},"id":"58fcdcd2-ba5b-49e6-8aba-77ea920ec510","pointerId":"you_66355","path":[{"x":42.92,"y":29.02,"cmd":"M"},{"x":40.49,"y":30.48,"cmd":"L"},{"x":37.05,"y":33.91,"cmd":"L"},{"x":31.04,"y":39.9,"cmd":"L"},{"x":27.52,"y":45.49,"cmd":"L"},{"x":26.47,"y":51.07,"cmd":"L"},{"x":26.2,"y":54.04,"cmd":"L"},{"x":28.63,"y":56.09,"cmd":"L"},{"x":32.92,"y":56.05,"cmd":"L"},{"x":40.14,"y":53.14,"cmd":"L"},{"x":48.83,"y":44.18,"cmd":"L"},{"x":49.96,"y":40.86,"cmd":"L"},{"x":50.34,"y":38.97,"cmd":"L"},{"x":50.17,"y":37.01,"cmd":"L"},{"x":49.73,"y":36.42,"cmd":"L"},{"x":48.91,"y":36.33,"cmd":"L"},{"x":46.46,"y":40.45,"cmd":"L"},{"x":45.52,"y":45.08,"cmd":"L"},{"x":46.94,"y":49.19,"cmd":"L"},{"x":47.75,"y":49.96,"cmd":"L"},{"x":50.14,"y":50.91,"cmd":"L"},{"x":54.32,"y":48.51,"cmd":"L"},{"x":58.27,"y":42.53,"cmd":"L"},{"x":61.01,"y":33.88,"cmd":"L"},{"x":60.16,"y":23.01,"cmd":"L"},{"x":55.4,"y":14.63,"cmd":"L"},{"x":52.79,"y":11.37,"cmd":"L"},{"x":43.38,"y":4.75,"cmd":"L"},{"x":29.76,"y":0.01,"cmd":"L"},{"x":17.86,"y":2.43,"cmd":"L"},{"x":9.97,"y":10.84,"cmd":"L"},{"x":3.08,"y":27.26,"cmd":"L"},{"x":0.64,"y":37.11,"cmd":"L"},{"x":0.01,"y":58.02,"cmd":"L"},{"x":3.11,"y":69.13,"cmd":"L"},{"x":9.3,"y":72.57,"cmd":"L"},{"x":17.94,"y":73.65,"cmd":"L"},{"x":30.92,"y":73.14,"cmd":"L"},{"x":54.13,"y":64.11,"cmd":"L"},{"x":57.47,"y":61.75,"cmd":"L"},{"x":67.56,"y":53.87,"cmd":"L"},{"x":71.07,"y":49.39,"cmd":"L"},{"x":71.75,"y":47.79,"cmd":"L"}],"parentId":"Top","idx":7},{"type":"fancyText","content":"create the beans","fitText":true,"fontFamily":"abel","fontSize":56.875,"fontStyle":"normal","fontVariant":"normal","fontWeight":400,"letterSpacing":0.09,"lineHeight":0.98,"searchTerm":"","textAlign":"center","textDecoration":"none","textTransform":"none","whiteSpace":"pre-wrap","wordSpacing":0.17,"blend":"normal","exportable":true,"findable":true,"fill":{"method":"fill","blend":"normal","enabled":true,"opacity":1,"type":"color","color":"#000000"},"filter":{"enabled":true,"opened":true,"stack":[]},"stroke":{"method":"stroke","blend":"normal","enabled":true,"opacity":1,"type":"gradient","gradient":{"type":"linearGradient","noise":0,"spreadMethod":"pad","stops":[{"color":"#e43a15","offset":0},{"color":"#e65245","offset":1}],"x1":0.5,"y1":1,"x2":0.5,"y2":0},"alignment":0.5,"lineCap":"round","lineDash":"none","lineDashOffset":0,"lineJoin":"miter","lineWidth":1.5,"lineWidthVariance":0,"miterLimit":4,"color":"black"},"bbox":{"x":354.5804490332663,"y":210.768960154044,"width":486.8996815194198,"height":93.98816187853066,"rotation":6.281153364521615,"scale":{"x":1,"y":1},"skew":{"x":0,"y":0},"anchor":{"x":0,"y":0}},"id":"937494ac-246d-45ce-bc9a-9369529a05ee","seed":1805695976,"pointerId":"you_66404","parentId":"Top","idx":8},{"type":"fancyText","content":"Autowiring ","fitText":true,"fontFamily":"abel","fontSize":89,"fontStyle":"normal","fontVariant":"normal","fontWeight":400,"letterSpacing":0.09,"lineHeight":0.98,"searchTerm":"","textAlign":"center","textDecoration":"none","textTransform":"none","whiteSpace":"pre-wrap","wordSpacing":0.17,"blend":"normal","exportable":true,"findable":true,"fill":{"method":"fill","blend":"normal","enabled":true,"opacity":1,"type":"color","color":"#000000"},"filter":{"enabled":true,"opened":true,"stack":[]},"stroke":{"method":"stroke","blend":"normal","enabled":true,"opacity":1,"type":"gradient","gradient":{"type":"linearGradient","noise":0,"spreadMethod":"pad","stops":[{"color":"#e43a15","offset":0},{"color":"#e65245","offset":1}],"x1":0.5,"y1":1,"x2":0.5,"y2":0},"alignment":0.5,"lineCap":"round","lineDash":"none","lineDashOffset":0,"lineJoin":"miter","lineWidth":1.5,"lineWidthVariance":0,"miterLimit":4,"color":"black"},"bbox":{"x":379.1887674484089,"y":394.9999999999,"width":495.3333333333333,"height":100,"rotation":0,"scale":{"x":1,"y":1},"skew":{"x":0,"y":0},"anchor":{"x":0,"y":0}},"id":"241f9645-c845-4abb-9085-96aefd47b998","seed":2142506589,"pointerId":"you_66429","parentId":"Top","idx":9}],"resources":[{"author":[{"bio":null,"name":"MADType","email":"http://www.madtype.com | mattdesmond@gmail.com","filename":["Abel-Regular.ttf"],"imageUrl":"https://lh3.googleusercontent.com/S9Xc2UCtPAwSf0Scny0AiwrxBDZ6mHb9zobozAg2IRMSnV0mEryRFoUiY4w","copyright":"Copyright (c) 2011, Matthew Desmond (http://www.madtype.com | mattdesmond@gmail.com), with Reserved Font Name Abel."}],"defaultVariant":"normal 400","key":"abel","preview":{"normal 400":{"url":"https://asset.paintserver.com/abel-regular.png","width":170,"height":80}},"title":"Abel","type":["font"],"value":{"normal 400":{"ttf":"https://asset.paintserver.com/93ce77a7cf019a94c2f9b2fdc04b2e7d.ttf","woff":"https://asset.paintserver.com/fddfd90105b27ee60048ec036f77398b.woff","style":"normal","woff2":"https://asset.paintserver.com/f2a14a03721b71b489f01a14e97f6489.woff2","weight":"400"}},"variants":["normal 400"],"availableStyles":{"normal":true},"availableWeights":{"400":true},"hasHeavyVariant":false,"hasItalicVariant":false,"hasLightVariant":true,"selected":true}]}