{"version":"2021.4.25.11","config":{"name":"Drawing-5.sketchpad","surface":{"method":"fill","blend":"normal","enabled":true,"opacity":1,"type":"color","color":"#ffffff"},"clipPath":{"enabled":true,"style":{"strokeStyle":"black","lineWidth":1}},"description":"Made with Sketchpad","metadata":{},"exportDPI":72,"exportFormat":"png","exportQuality":0.95,"units":"px","width":1536,"height":731,"pages":[{"width":1536,"height":731}],"uuid":"39b86469-1691-489e-a0d1-859784210cc5"},"layers":[{"type":"fancyText","content":"Beans Scope","fitText":true,"fontFamily":"abel","fontSize":73,"fontStyle":"normal","fontVariant":"normal","fontWeight":400,"letterSpacing":0.09,"lineHeight":0.98,"searchTerm":"","textAlign":"center","textDecoration":"none","textTransform":"none","whiteSpace":"pre-wrap","wordSpacing":0.17,"bbox":{"x":514.2000122070312,"y":52.40001678466797,"width":456.7152597894084,"height":92.20361906919415,"rotation":6.278225434027416,"scale":{"x":1,"y":1},"skew":{"x":0,"y":0},"anchor":{"x":0,"y":0}},"blend":"normal","id":"7c5fd16a-8997-4b9f-b078-b3b2c2f6f502","idx":0,"parentId":"Top","pointerId":"you_66472","seed":132759174,"fill":{"method":"fill","blend":"normal","enabled":true,"opacity":1,"type":"color","color":"#000000"},"filter":{"enabled":true,"opened":true,"stack":[]},"stroke":{"method":"stroke","blend":"normal","enabled":true,"opacity":1,"type":"gradient","gradient":{"type":"linearGradient","noise":0,"spreadMethod":"pad","stops":[{"color":"#e43a15","offset":0},{"color":"#e65245","offset":1}],"x1":0.5,"y1":1,"x2":0.5,"y2":0},"alignment":0.5,"lineCap":"round","lineDash":"none","lineDashOffset":0,"lineJoin":"miter","lineWidth":1.5,"lineWidthVariance":0,"miterLimit":4}},{"type":"fancyText","content":"singltone -> one instance per spring context \nPrototype -> bean when called \nrequest -> one bean per http request \nsession-> one bean per http session \n\n","fitText":true,"fontFamily":"abel","fontSize":63,"fontStyle":"normal","fontVariant":"normal","fontWeight":400,"letterSpacing":0.09,"lineHeight":0.98,"searchTerm":"","textAlign":"center","textDecoration":"none","textTransform":"none","whiteSpace":"pre-wrap","wordSpacing":0.17,"bbox":{"x":45.97361721518354,"y":170.7214683516201,"width":1439.3883498688156,"height":311.9723592355949,"rotation":0,"scale":{"x":1,"y":1},"skew":{"x":0,"y":0},"anchor":{"x":0,"y":0}},"blend":"normal","id":"e1b38905-4616-489e-866b-d599156ce0a2","idx":1,"parentId":"Top","pointerId":"you_66496","seed":495893821,"fill":{"method":"fill","blend":"normal","enabled":true,"opacity":1,"type":"color","color":"#000000"},"filter":{"enabled":true,"opened":true,"stack":[]},"stroke":{"method":"stroke","blend":"normal","enabled":true,"opacity":1,"type":"gradient","gradient":{"type":"linearGradient","noise":0,"spreadMethod":"pad","stops":[{"color":"#e43a15","offset":0},{"color":"#e65245","offset":1}],"x1":0.5,"y1":1,"x2":0.5,"y2":0},"alignment":0.5,"lineCap":"round","lineDash":"none","lineDashOffset":0,"lineJoin":"miter","lineWidth":1.5,"lineWidthVariance":0,"miterLimit":4}},{"type":"calligraphy","iteration":4225,"path":[{"cmd":"M","x":140.71,"y":1.71},{"cmd":"L","x":140.71,"y":7.71},{"cmd":"L","x":140.01,"y":14.73},{"cmd":"L","x":139.75,"y":32.71},{"cmd":"L","x":138.92,"y":44.72},{"cmd":"L","x":138.75,"y":57.71},{"cmd":"L","x":138.72,"y":69.71},{"cmd":"L","x":138.71,"y":84.71},{"cmd":"L","x":138.71,"y":102.71},{"cmd":"L","x":138.71,"y":113.71},{"cmd":"L","x":139.44,"y":121.72},{"cmd":"L","x":140.17,"y":125.76},{"cmd":"L","x":141.38,"y":136.73},{"cmd":"L","x":141.58,"y":141.71},{"cmd":"L","x":142.23,"y":145.75},{"cmd":"L","x":142.47,"y":148.72},{"cmd":"L","x":142.56,"y":150.71},{"cmd":"L","x":142.64,"y":153.71},{"cmd":"L","x":143.18,"y":156.76},{"cmd":"L","x":143.31,"y":157.74},{"cmd":"L","x":143.41,"y":158.73},{"cmd":"L","x":143.39,"y":158.79},{"cmd":"L","x":138.38,"y":161.35},{"cmd":"L","x":129.69,"y":162.36},{"cmd":"L","x":118.71,"y":162.64},{"cmd":"L","x":102.71,"y":162.7},{"cmd":"L","x":91.71,"y":162.71},{"cmd":"L","x":84.65,"y":164.12},{"cmd":"L","x":76.7,"y":164.55},{"cmd":"L","x":65.71,"y":164.68},{"cmd":"L","x":45.7,"y":166.45},{"cmd":"L","x":33.71,"y":166.66},{"cmd":"L","x":21.7,"y":167.5},{"cmd":"L","x":16.71,"y":167.63},{"cmd":"L","x":7.7,"y":168.44},{"cmd":"L","x":3.71,"y":168.6},{"cmd":"L","x":2.71,"y":168.62},{"cmd":"L","x":1.53,"y":167.09},{"cmd":"L","x":0.67,"y":164.55},{"cmd":"L","x":0,"y":157.7},{"cmd":"L","x":0.41,"y":153.7},{"cmd":"L","x":2.97,"y":143.62},{"cmd":"L","x":6.98,"y":127.62},{"cmd":"L","x":9.3,"y":110.68},{"cmd":"L","x":9.64,"y":96.71},{"cmd":"L","x":9.7,"y":81.71},{"cmd":"L","x":7.11,"y":62.68},{"cmd":"L","x":6.88,"y":58.71},{"cmd":"L","x":4.48,"y":49.61},{"cmd":"L","x":3.29,"y":43.65},{"cmd":"L","x":3,"y":40.7},{"cmd":"L","x":2.88,"y":38.71},{"cmd":"L","x":2.84,"y":37.71},{"cmd":"L","x":3.93,"y":33.61},{"cmd":"L","x":8.28,"y":30.47},{"cmd":"L","x":24,"y":23},{"cmd":"L","x":38.88,"y":17.72},{"cmd":"L","x":45.84,"y":15.59},{"cmd":"L","x":58.76,"y":13.25},{"cmd":"L","x":71.82,"y":9.53},{"cmd":"L","x":87.8,"y":5.45},{"cmd":"L","x":91.72,"y":5.03},{"cmd":"L","x":102.75,"y":3.2},{"cmd":"L","x":107.76,"y":2.26},{"cmd":"L","x":115.74,"y":1.13},{"cmd":"L","x":117.72,"y":0.96},{"cmd":"L","x":118.71,"y":0.9},{"cmd":"L","x":119.71,"y":0.85},{"cmd":"L","x":121.71,"y":0.8},{"cmd":"L","x":123.78,"y":0.35},{"cmd":"L","x":124.75,"y":0.19},{"cmd":"L","x":126.72,"y":0}],"pathSmoothing":{"enabled":true,"alpha":0.5,"tension":1,"type":0},"pathSpacing":{"compatOverlapSegments":false,"enabled":true,"flatness":0.5,"type":0},"tipAngle":42,"bbox":{"x":234.2920853,"y":479.2910908,"width":153.41,"height":178.62,"rotation":0,"scale":{"x":1,"y":1},"skew":{"x":0,"y":0},"anchor":{"x":0,"y":0}},"blend":"normal","id":"949139d1-d17d-4e36-81ed-ce7c33d7da6a","idx":2,"parentId":"Top","pointerId":"you_66798","seed":1267677106,"fill":{"method":"fill","blend":"normal","enabled":false,"opacity":0,"type":"color","color":"#000000"},"filter":{"enabled":true,"opened":true,"stack":[]},"stroke":{"method":"stroke","blend":"normal","enabled":true,"opacity":1,"type":"color","color":"#95ec00","alignment":0.5,"lineCap":"round","lineDash":"none","lineDashOffset":0,"lineJoin":"miter","lineWidth":10,"lineWidthVariance":0,"miterLimit":4}},{"type":"calligraphy","iteration":4299,"path":[{"cmd":"M","x":0,"y":0},{"cmd":"L","x":0,"y":0},{"cmd":"L","x":1,"y":0}],"pathSmoothing":{"enabled":true,"alpha":0.5,"tension":1,"type":0},"pathSpacing":{"compatOverlapSegments":false,"enabled":true,"flatness":0.5,"type":0},"tipAngle":42,"bbox":{"x":509,"y":379,"width":11,"height":10,"rotation":0,"scale":{"x":1,"y":1},"skew":{"x":0,"y":0},"anchor":{"x":0,"y":0}},"blend":"normal","id":"90e3a3d3-c84a-4de4-aa9e-97120b4f619d","idx":3,"parentId":"Top","pointerId":"you_66805","seed":908428434,"fill":{"method":"fill","blend":"normal","enabled":false,"opacity":0,"type":"color","color":"#000000"},"filter":{"enabled":true,"opened":true,"stack":[]},"stroke":{"method":"stroke","blend":"normal","enabled":true,"opacity":1,"type":"color","color":"#000000","alignment":0.5,"lineCap":"round","lineDash":"none","lineDashOffset":0,"lineJoin":"miter","lineWidth":10,"lineWidthVariance":0,"miterLimit":4}},{"type":"streamer","iteration":1,"path":[{"cmd":"M","x":0,"y":10.63},{"cmd":"L","x":0.66,"y":11.95},{"cmd":"L","x":2.46,"y":21.68},{"cmd":"L","x":4.65,"y":40.65},{"cmd":"L","x":6.47,"y":50.68},{"cmd":"L","x":6.84,"y":57.64},{"cmd":"L","x":6.9,"y":59.63},{"cmd":"L","x":6.96,"y":63.63},{"cmd":"L","x":6.91,"y":63.49},{"cmd":"L","x":6.25,"y":55.62},{"cmd":"L","x":4.55,"y":46.58},{"cmd":"L","x":2.54,"y":35.58},{"cmd":"L","x":2.1,"y":22.63},{"cmd":"L","x":1.33,"y":15.61},{"cmd":"L","x":1.11,"y":9.63},{"cmd":"L","x":1.08,"y":8.63},{"cmd":"L","x":1.55,"y":5.6},{"cmd":"L","x":3.81,"y":0.38},{"cmd":"L","x":4.49,"y":-0.78},{"cmd":"L","x":4.91,"y":-1.22},{"cmd":"L","x":5.34,"y":-1.87},{"cmd":"L","x":6.03,"y":-1.77},{"cmd":"L","x":8.83,"y":4.87},{"cmd":"L","x":9.7,"y":13.65},{"cmd":"L","x":10.72,"y":24.64},{"cmd":"L","x":10.94,"y":35.63},{"cmd":"L","x":10.96,"y":36.63},{"cmd":"L","x":10.97,"y":37.63},{"cmd":"L","x":10.97,"y":38.63},{"cmd":"L","x":10.71,"y":39.72},{"cmd":"L","x":10.52,"y":40.04},{"cmd":"L","x":10.52,"y":40.04},{"cmd":"L","x":9.96,"y":40.14},{"cmd":"L","x":8.98,"y":40.01},{"cmd":"L","x":8.72,"y":39.89},{"cmd":"L","x":8.72,"y":39.89},{"cmd":"L","x":11.08,"y":39.33},{"cmd":"L","x":18.25,"y":42.44},{"cmd":"L","x":20.51,"y":43.96},{"cmd":"L","x":22.68,"y":45.73},{"cmd":"L","x":24.05,"y":47.35},{"cmd":"L","x":24.05,"y":47.35},{"cmd":"L","x":24.05,"y":47.35}],"pathSpacing":{"clamp":{"min":5},"compatOverlapSegments":false,"enabled":true,"type":1},"bbox":{"x":240.0023067,"y":426.3680924,"width":48.05,"height":88.02764874181472,"rotation":0,"scale":{"x":1,"y":1},"skew":{"x":0,"y":0},"anchor":{"x":0,"y":0}},"blend":"normal","id":"f03334ee-5943-4e00-9a45-b97f03a706cf","idx":4,"parentId":"Top","pointerId":"you_66821","seed":1,"fill":{"method":"fill","blend":"normal","enabled":false,"opacity":0,"type":"color","color":"#000000"},"filter":{"enabled":true,"opened":true,"stack":[]},"stroke":{"method":"stroke","blend":"normal","enabled":true,"opacity":1,"type":"color","color":"#000000","alignment":0.5,"lineCap":"round","lineDash":"none","lineDashOffset":0,"lineJoin":"miter","lineWidth":8,"lineWidthVariance":15,"miterLimit":4}},{"type":"streamer","iteration":23,"path":[{"cmd":"M","x":5.61,"y":17.6},{"cmd":"L","x":5.61,"y":17.6},{"cmd":"L","x":6.7,"y":17.88},{"cmd":"L","x":9.73,"y":18.76},{"cmd":"L","x":10.68,"y":18.97},{"cmd":"L","x":10.68,"y":18.97},{"cmd":"L","x":12.72,"y":18.4},{"cmd":"L","x":15,"y":17.09},{"cmd":"L","x":18.46,"y":13.7},{"cmd":"L","x":20.39,"y":9.35},{"cmd":"L","x":20.99,"y":6.54},{"cmd":"L","x":21.14,"y":5.57},{"cmd":"L","x":20.93,"y":3.59},{"cmd":"L","x":19.53,"y":1.91},{"cmd":"L","x":16.4,"y":0.69},{"cmd":"L","x":11.58,"y":0.02},{"cmd":"L","x":6.34,"y":2.37},{"cmd":"L","x":5.18,"y":3.07},{"cmd":"L","x":3.23,"y":6.08},{"cmd":"L","x":1.73,"y":9.82},{"cmd":"L","x":0.06,"y":20.64},{"cmd":"L","x":6.26,"y":32.93},{"cmd":"L","x":7.59,"y":34.39},{"cmd":"L","x":12.82,"y":36.49},{"cmd":"L","x":16.63,"y":35.99},{"cmd":"L","x":20.91,"y":33.92},{"cmd":"L","x":23.62,"y":30.85},{"cmd":"L","x":24.99,"y":30.08},{"cmd":"L","x":26.13,"y":29.3},{"cmd":"L","x":27.24,"y":28.44}],"pathSpacing":{"clamp":{"min":5},"compatOverlapSegments":false,"enabled":true,"type":1},"bbox":{"x":272.3891875,"y":433.3940589,"width":51.24348187368391,"height":60.502788202527285,"rotation":0,"scale":{"x":1,"y":1},"skew":{"x":0,"y":0},"anchor":{"x":0,"y":0}},"blend":"normal","id":"ddda54a1-1a42-4038-9cfe-1c5285b4fed8","idx":5,"parentId":"Top","pointerId":"you_66822","seed":1494850505,"fill":{"method":"fill","blend":"normal","enabled":false,"opacity":0,"type":"color","color":"#000000"},"filter":{"enabled":true,"opened":true,"stack":[]},"stroke":{"method":"stroke","blend":"normal","enabled":true,"opacity":1,"type":"color","color":"#000000","alignment":0.5,"lineCap":"round","lineDash":"none","lineDashOffset":0,"lineJoin":"miter","lineWidth":8,"lineWidthVariance":15,"miterLimit":4}},{"type":"streamer","iteration":39,"path":[{"cmd":"M","x":14.66,"y":0},{"cmd":"L","x":13.66,"y":0},{"cmd":"L","x":9.63,"y":0.58},{"cmd":"L","x":0.31,"y":5.58},{"cmd":"L","x":-0.12,"y":5.97},{"cmd":"L","x":-0.8,"y":6.4},{"cmd":"L","x":-1.24,"y":6.85},{"cmd":"L","x":-1.98,"y":8.32},{"cmd":"L","x":0.38,"y":13.29},{"cmd":"L","x":5.46,"y":17.97},{"cmd":"L","x":10.2,"y":21.28},{"cmd":"L","x":13.18,"y":23.31},{"cmd":"L","x":17.06,"y":25.52},{"cmd":"L","x":18.19,"y":26.3},{"cmd":"L","x":18.97,"y":26.68},{"cmd":"L","x":19.39,"y":27.04},{"cmd":"L","x":20.41,"y":29.27},{"cmd":"L","x":21.12,"y":33.05},{"cmd":"L","x":20.83,"y":38},{"cmd":"L","x":18.2,"y":42.42},{"cmd":"L","x":14.3,"y":44.56},{"cmd":"L","x":12.53,"y":45.11},{"cmd":"L","x":10.61,"y":45.46},{"cmd":"L","x":8.65,"y":45.67},{"cmd":"L","x":6.51,"y":44.96},{"cmd":"L","x":4.22,"y":43.56},{"cmd":"L","x":3.78,"y":43.12},{"cmd":"L","x":2.78,"y":42.12}],"pathSpacing":{"clamp":{"min":5},"compatOverlapSegments":false,"enabled":true,"type":1},"bbox":{"x":312.3366221,"y":424.9988138,"width":44.80344856890093,"height":69.07472906715874,"rotation":0,"scale":{"x":1,"y":1},"skew":{"x":0,"y":0},"anchor":{"x":0,"y":0}},"blend":"normal","id":"f6a7efbb-edf4-44f3-93e4-e6898e00665c","idx":6,"parentId":"Top","pointerId":"you_66823","seed":308702815,"fill":{"method":"fill","blend":"normal","enabled":false,"opacity":0,"type":"color","color":"#000000"},"filter":{"enabled":true,"opened":true,"stack":[]},"stroke":{"method":"stroke","blend":"normal","enabled":true,"opacity":1,"type":"color","color":"#000000","alignment":0.5,"lineCap":"round","lineDash":"none","lineDashOffset":0,"lineJoin":"miter","lineWidth":8,"lineWidthVariance":15,"miterLimit":4}},{"type":"streamer","iteration":53,"path":[{"cmd":"M","x":0,"y":0},{"cmd":"L","x":0.63,"y":5.02},{"cmd":"L","x":0.96,"y":27},{"cmd":"L","x":0.98,"y":31},{"cmd":"L","x":1,"y":56},{"cmd":"L","x":1,"y":68},{"cmd":"L","x":1,"y":78},{"cmd":"L","x":1,"y":80},{"cmd":"L","x":1.27,"y":81.09},{"cmd":"L","x":1.47,"y":81.42},{"cmd":"L","x":3.35,"y":80.41},{"cmd":"L","x":5.34,"y":79.38},{"cmd":"L","x":6.85,"y":75.77}],"pathSpacing":{"clamp":{"min":5},"compatOverlapSegments":false,"enabled":true,"type":1},"bbox":{"x":349.9975704,"y":398.0030648,"width":30.85,"height":104.53922186192517,"rotation":0,"scale":{"x":1,"y":1},"skew":{"x":0,"y":0},"anchor":{"x":0,"y":0}},"blend":"normal","id":"30f62d1c-13e8-41f6-b26c-8ab0a1dc59ff","idx":7,"parentId":"Top","pointerId":"you_66824","seed":1497837674,"fill":{"method":"fill","blend":"normal","enabled":false,"opacity":0,"type":"color","color":"#000000"},"filter":{"enabled":true,"opened":true,"stack":[]},"stroke":{"method":"stroke","blend":"normal","enabled":true,"opacity":1,"type":"color","color":"#000000","alignment":0.5,"lineCap":"round","lineDash":"none","lineDashOffset":0,"lineJoin":"miter","lineWidth":8,"lineWidthVariance":15,"miterLimit":4}},{"type":"streamer","iteration":61,"path":[{"cmd":"M","x":34.15,"y":3.96},{"cmd":"L","x":34.15,"y":3.96},{"cmd":"L","x":34.66,"y":3.62},{"cmd":"L","x":35.77,"y":2.77},{"cmd":"L","x":37.63,"y":1.58},{"cmd":"L","x":38.43,"y":1.21},{"cmd":"L","x":40.45,"y":0.25},{"cmd":"L","x":40.45,"y":0.25},{"cmd":"L","x":39.95,"y":0.05},{"cmd":"L","x":36.15,"y":0},{"cmd":"L","x":29.14,"y":0.67},{"cmd":"L","x":24.12,"y":1.48},{"cmd":"L","x":18.11,"y":2.47},{"cmd":"L","x":14.09,"y":3.33},{"cmd":"L","x":12.13,"y":3.58},{"cmd":"L","x":10.15,"y":3.73},{"cmd":"L","x":8.07,"y":4.24},{"cmd":"L","x":7.11,"y":4.42},{"cmd":"L","x":6.13,"y":4.55},{"cmd":"L","x":5.14,"y":4.65},{"cmd":"L","x":4.01,"y":5.02},{"cmd":"L","x":2.84,"y":5.61},{"cmd":"L","x":1.68,"y":6.34},{"cmd":"L","x":0.88,"y":6.71},{"cmd":"L","x":0,"y":7.01}],"pathSpacing":{"clamp":{"min":5},"compatOverlapSegments":false,"enabled":true,"type":1},"bbox":{"x":336.8479786,"y":433.0420194,"width":62.34044564608886,"height":31.008462093672343,"rotation":0,"scale":{"x":1,"y":1},"skew":{"x":0,"y":0},"anchor":{"x":0,"y":0}},"blend":"normal","id":"246cfd0e-5434-462f-9c2e-227bc47331c5","idx":8,"parentId":"Top","pointerId":"you_66825","seed":1561444945,"fill":{"method":"fill","blend":"normal","enabled":false,"opacity":0,"type":"color","color":"#000000"},"filter":{"enabled":true,"opened":true,"stack":[]},"stroke":{"method":"stroke","blend":"normal","enabled":true,"opacity":1,"type":"color","color":"#000000","alignment":0.5,"lineCap":"round","lineDash":"none","lineDashOffset":0,"lineJoin":"miter","lineWidth":8,"lineWidthVariance":15,"miterLimit":4}},{"type":"streamer","iteration":71,"path":[{"cmd":"M","x":71.6,"y":14.11},{"cmd":"L","x":71.6,"y":14.11},{"cmd":"L","x":69.6,"y":14.11},{"cmd":"L","x":59.6,"y":14.11},{"cmd":"L","x":49.47,"y":17.23},{"cmd":"L","x":34.56,"y":19.63},{"cmd":"L","x":26.53,"y":21.45},{"cmd":"L","x":13.59,"y":22.8},{"cmd":"L","x":11.6,"y":22.92},{"cmd":"L","x":8.55,"y":23.53},{"cmd":"L","x":5.5,"y":24.34},{"cmd":"L","x":1.58,"y":24.78},{"cmd":"L","x":0.97,"y":25.26},{"cmd":"L","x":0.01,"y":32.14},{"cmd":"L","x":1.21,"y":41.14},{"cmd":"L","x":4.96,"y":58.18},{"cmd":"L","x":8.06,"y":75.16},{"cmd":"L","x":10.39,"y":107.12},{"cmd":"L","x":10.56,"y":119.11},{"cmd":"L","x":10.59,"y":126.11},{"cmd":"L","x":10.32,"y":127.2},{"cmd":"L","x":10.13,"y":127.53},{"cmd":"L","x":10.13,"y":127.53},{"cmd":"L","x":10.13,"y":127.53},{"cmd":"L","x":9.39,"y":126.52},{"cmd":"L","x":9.81,"y":125},{"cmd":"L","x":19.11,"y":118.78},{"cmd":"L","x":27.82,"y":115.24},{"cmd":"L","x":49.67,"y":110.72},{"cmd":"L","x":68.62,"y":108.47},{"cmd":"L","x":75.68,"y":106.8},{"cmd":"L","x":76.65,"y":106.63},{"cmd":"L","x":77.32,"y":106.06},{"cmd":"L","x":78.35,"y":103.84},{"cmd":"L","x":78.96,"y":101.04},{"cmd":"L","x":79.41,"y":94.11},{"cmd":"L","x":78.84,"y":87.1},{"cmd":"L","x":78.68,"y":81.11},{"cmd":"L","x":77.87,"y":72.1},{"cmd":"L","x":76.87,"y":61.1},{"cmd":"L","x":74.93,"y":43.09},{"cmd":"L","x":73.09,"y":32.07},{"cmd":"L","x":71.92,"y":21.09},{"cmd":"L","x":71.16,"y":17.06},{"cmd":"L","x":70.79,"y":11.11},{"cmd":"L","x":70.3,"y":9.03},{"cmd":"L","x":70.13,"y":8.07},{"cmd":"L","x":69.92,"y":6.09},{"cmd":"L","x":69.11,"y":4.71},{"cmd":"L","x":67.67,"y":0.92},{"cmd":"L","x":67.41,"y":0}],"pathSpacing":{"clamp":{"min":5},"compatOverlapSegments":false,"enabled":true,"type":1},"bbox":{"x":1031.3939771,"y":450.8882491,"width":103.40419775837762,"height":150.39164475987926,"rotation":0,"scale":{"x":1,"y":1},"skew":{"x":0,"y":0},"anchor":{"x":0,"y":0}},"blend":"normal","id":"c00c5361-21ba-4b53-b4ef-ad4bc32ceb72","idx":9,"parentId":"Top","pointerId":"you_66826","seed":622895890,"fill":{"method":"fill","blend":"normal","enabled":false,"opacity":0,"type":"color","color":"#000000"},"filter":{"enabled":true,"opened":true,"stack":[]},"stroke":{"method":"stroke","blend":"normal","enabled":true,"opacity":1,"type":"color","color":"#000000","alignment":0.5,"lineCap":"round","lineDash":"none","lineDashOffset":0,"lineJoin":"miter","lineWidth":8,"lineWidthVariance":15,"miterLimit":4}},{"type":"streamer","iteration":104,"path":[{"cmd":"M","x":109.61,"y":16.4},{"cmd":"L","x":109.61,"y":16.4},{"cmd":"L","x":114.93,"y":13.74},{"cmd":"L","x":122.83,"y":10.53},{"cmd":"L","x":130.81,"y":7.47},{"cmd":"L","x":135.71,"y":6.17},{"cmd":"L","x":141.67,"y":4.99},{"cmd":"L","x":145.62,"y":4.65},{"cmd":"L","x":148.61,"y":4.53},{"cmd":"L","x":152.61,"y":4.45},{"cmd":"L","x":153.61,"y":4.44},{"cmd":"L","x":154.61,"y":4.43},{"cmd":"L","x":159.33,"y":8.45},{"cmd":"L","x":161.67,"y":15.55},{"cmd":"L","x":163.83,"y":23.51},{"cmd":"L","x":165.02,"y":29.46},{"cmd":"L","x":168.97,"y":47.47},{"cmd":"L","x":172.52,"y":56.6},{"cmd":"L","x":174.85,"y":65.5},{"cmd":"L","x":176.72,"y":71.54},{"cmd":"L","x":177.69,"y":74.55},{"cmd":"L","x":177.94,"y":74.91},{"cmd":"L","x":178.31,"y":75.7},{"cmd":"L","x":168.49,"y":78.56},{"cmd":"L","x":158.6,"y":79.21},{"cmd":"L","x":140.61,"y":79.37},{"cmd":"L","x":124.61,"y":79.4},{"cmd":"L","x":106.61,"y":79.4},{"cmd":"L","x":90.61,"y":79.4},{"cmd":"L","x":72.61,"y":79.4},{"cmd":"L","x":58.59,"y":81.05},{"cmd":"L","x":48.61,"y":81.32},{"cmd":"L","x":38.6,"y":82.15},{"cmd":"L","x":34.61,"y":82.29},{"cmd":"L","x":33.61,"y":82.32},{"cmd":"L","x":32.61,"y":82.34},{"cmd":"L","x":31.61,"y":82.36},{"cmd":"L","x":27.61,"y":82.38},{"cmd":"L","x":24.61,"y":82.39},{"cmd":"L","x":22.61,"y":82.39},{"cmd":"L","x":20.61,"y":82.4},{"cmd":"L","x":18.61,"y":82.4},{"cmd":"L","x":15.57,"y":81.89},{"cmd":"L","x":11.6,"y":81.61},{"cmd":"L","x":10.48,"y":81.27},{"cmd":"L","x":8.56,"y":80.93},{"cmd":"L","x":8.27,"y":80.78},{"cmd":"L","x":7.13,"y":80.03},{"cmd":"L","x":5.42,"y":77.79},{"cmd":"L","x":5.03,"y":77.05},{"cmd":"L","x":4.1,"y":71.36},{"cmd":"L","x":3.9,"y":69.39},{"cmd":"L","x":3.74,"y":65.4},{"cmd":"L","x":3.66,"y":61.4},{"cmd":"L","x":3.63,"y":57.4},{"cmd":"L","x":3.62,"y":53.4},{"cmd":"L","x":3.61,"y":46.4},{"cmd":"L","x":2.86,"y":37.39},{"cmd":"L","x":1.86,"y":25.39},{"cmd":"L","x":0.92,"y":16.38},{"cmd":"L","x":0.04,"y":10.37},{"cmd":"L","x":-0.06,"y":9.38},{"cmd":"L","x":-0.15,"y":8.39},{"cmd":"L","x":0.91,"y":6.87},{"cmd":"L","x":7.79,"y":4.41},{"cmd":"L","x":16.7,"y":2.14},{"cmd":"L","x":31.62,"y":0.69},{"cmd":"L","x":37.61,"y":0.5},{"cmd":"L","x":38.72,"y":0.19},{"cmd":"L","x":39.67,"y":0}],"pathSpacing":{"clamp":{"min":5},"compatOverlapSegments":false,"enabled":true,"type":1},"bbox":{"x":1000.3894171,"y":538.6015337,"width":200.78552084934378,"height":106.38993160022011,"rotation":0,"scale":{"x":1,"y":1},"skew":{"x":0,"y":0},"anchor":{"x":0,"y":0}},"blend":"normal","id":"79cf004d-526f-41c2-a262-3b38343d324a","idx":10,"parentId":"Top","pointerId":"you_66827","seed":413773439,"fill":{"method":"fill","blend":"normal","enabled":false,"opacity":0,"type":"color","color":"#000000"},"filter":{"enabled":true,"opened":true,"stack":[]},"stroke":{"method":"stroke","blend":"normal","enabled":true,"opacity":1,"type":"color","color":"#000000","alignment":0.5,"lineCap":"round","lineDash":"none","lineDashOffset":0,"lineJoin":"miter","lineWidth":8,"lineWidthVariance":15,"miterLimit":4}},{"type":"streamer","iteration":149,"path":[{"cmd":"M","x":7.76,"y":7.83},{"cmd":"L","x":7.76,"y":7.83},{"cmd":"L","x":7.76,"y":7.83},{"cmd":"L","x":7.76,"y":7.83},{"cmd":"L","x":5.7,"y":8.25},{"cmd":"L","x":3.19,"y":10.07},{"cmd":"L","x":1.51,"y":12.4},{"cmd":"L","x":0.55,"y":15.94},{"cmd":"L","x":0.03,"y":21.85},{"cmd":"L","x":-0.1,"y":24.84},{"cmd":"L","x":0.99,"y":28.94},{"cmd":"L","x":2.64,"y":33.05},{"cmd":"L","x":5.02,"y":36.39},{"cmd":"L","x":7.06,"y":39.36},{"cmd":"L","x":9.59,"y":41.77},{"cmd":"L","x":10.03,"y":42.39},{"cmd":"L","x":10.53,"y":42.83},{"cmd":"L","x":12.05,"y":43.55},{"cmd":"L","x":12.47,"y":43.9},{"cmd":"L","x":13.17,"y":44.32},{"cmd":"L","x":14.91,"y":44.89},{"cmd":"L","x":16.83,"y":44.47},{"cmd":"L","x":18.92,"y":43.78},{"cmd":"L","x":21.44,"y":41.73},{"cmd":"L","x":24.55,"y":38.86},{"cmd":"L","x":26.84,"y":36.13},{"cmd":"L","x":29.48,"y":30.55},{"cmd":"L","x":31,"y":24.74},{"cmd":"L","x":31.38,"y":21.81},{"cmd":"L","x":31.6,"y":17.83},{"cmd":"L","x":31.68,"y":14.83},{"cmd":"L","x":31.73,"y":10.83},{"cmd":"L","x":31.24,"y":7.8},{"cmd":"L","x":30.35,"y":6.38},{"cmd":"L","x":29.25,"y":4.44},{"cmd":"L","x":27.85,"y":2.99},{"cmd":"L","x":26.42,"y":2.23},{"cmd":"L","x":24.43,"y":1.21},{"cmd":"L","x":21.68,"y":0.54},{"cmd":"L","x":18.74,"y":0.19},{"cmd":"L","x":15.76,"y":0.01},{"cmd":"L","x":14.76,"y":-0.03},{"cmd":"L","x":13.76,"y":-0.07},{"cmd":"L","x":11.72,"y":0.3},{"cmd":"L","x":10.56,"y":0.75},{"cmd":"L","x":9.09,"y":1.94},{"cmd":"L","x":8.03,"y":2.87},{"cmd":"L","x":6.98,"y":3.82},{"cmd":"L","x":5.95,"y":4.78},{"cmd":"L","x":5.51,"y":5.4}],"pathSpacing":{"clamp":{"min":5},"compatOverlapSegments":false,"enabled":true,"type":1},"bbox":{"x":1058.2377005,"y":485.1653336,"width":55.72450016431079,"height":68.94487413644384,"rotation":0,"scale":{"x":1,"y":1},"skew":{"x":0,"y":0},"anchor":{"x":0,"y":0}},"blend":"normal","id":"4d9589d2-e56e-4ec0-8522-50b02c0a0432","idx":11,"parentId":"Top","pointerId":"you_66828","seed":756363033,"fill":{"method":"fill","blend":"normal","enabled":false,"opacity":0,"type":"color","color":"#000000"},"filter":{"enabled":true,"opened":true,"stack":[]},"stroke":{"method":"stroke","blend":"normal","enabled":true,"opacity":1,"type":"color","color":"#000000","alignment":0.5,"lineCap":"round","lineDash":"none","lineDashOffset":0,"lineJoin":"miter","lineWidth":8,"lineWidthVariance":15,"miterLimit":4}},{"type":"streamer","iteration":170,"path":[{"cmd":"M","x":11.92,"y":6.94},{"cmd":"L","x":11.92,"y":6.94},{"cmd":"L","x":7.89,"y":7.52},{"cmd":"L","x":4.91,"y":7.73},{"cmd":"L","x":2.92,"y":7.81},{"cmd":"L","x":2.73,"y":7.88},{"cmd":"L","x":1.03,"y":12.15},{"cmd":"L","x":0.4,"y":15.98},{"cmd":"L","x":0.16,"y":18.95},{"cmd":"L","x":0.01,"y":23.94},{"cmd":"L","x":0.25,"y":25.01},{"cmd":"L","x":1.3,"y":30},{"cmd":"L","x":2.13,"y":33.05},{"cmd":"L","x":3.05,"y":36.07},{"cmd":"L","x":3.39,"y":37.99},{"cmd":"L","x":3.6,"y":39.96},{"cmd":"L","x":3.68,"y":40.95},{"cmd":"L","x":4.03,"y":42.08},{"cmd":"L","x":4.38,"y":43.99},{"cmd":"L","x":4.51,"y":44.97},{"cmd":"L","x":5.66,"y":45.97},{"cmd":"L","x":15.95,"y":47.5},{"cmd":"L","x":36.95,"y":44.38},{"cmd":"L","x":52.92,"y":44.01},{"cmd":"L","x":66.93,"y":43.13},{"cmd":"L","x":81.92,"y":42.97},{"cmd":"L","x":85.92,"y":42.95},{"cmd":"L","x":87.92,"y":42.95},{"cmd":"L","x":88.92,"y":42.95},{"cmd":"L","x":90.92,"y":42.94},{"cmd":"L","x":93.92,"y":42.94},{"cmd":"L","x":99.94,"y":42.27},{"cmd":"L","x":104.96,"y":41.43},{"cmd":"L","x":109.97,"y":40.49},{"cmd":"L","x":113.93,"y":40.18},{"cmd":"L","x":114.92,"y":40.12},{"cmd":"L","x":115.92,"y":40.07},{"cmd":"L","x":116.92,"y":40.04},{"cmd":"L","x":117.92,"y":40.02},{"cmd":"L","x":119.26,"y":39.32},{"cmd":"L","x":120.4,"y":38.58},{"cmd":"L","x":120.85,"y":38.11},{"cmd":"L","x":121.96,"y":34.78},{"cmd":"L","x":122.8,"y":32.72},{"cmd":"L","x":123.23,"y":30.86},{"cmd":"L","x":123.06,"y":26.94},{"cmd":"L","x":123.02,"y":25.94},{"cmd":"L","x":122.57,"y":23.87},{"cmd":"L","x":122.08,"y":22.71},{"cmd":"L","x":120.83,"y":18.8},{"cmd":"L","x":119.09,"y":14.7},{"cmd":"L","x":117.37,"y":11.57},{"cmd":"L","x":116.6,"y":10.43},{"cmd":"L","x":115.1,"y":9},{"cmd":"L","x":112.28,"y":6.79},{"cmd":"L","x":110.43,"y":5.58},{"cmd":"L","x":106.7,"y":4.07},{"cmd":"L","x":96.83,"y":1.65},{"cmd":"L","x":91.91,"y":1.21},{"cmd":"L","x":86.88,"y":0.41},{"cmd":"L","x":83.91,"y":0.18},{"cmd":"L","x":82.91,"y":0.12},{"cmd":"L","x":81.92,"y":0.07},{"cmd":"L","x":80.92,"y":0.04},{"cmd":"L","x":78.92,"y":0}],"pathSpacing":{"clamp":{"min":5},"compatOverlapSegments":false,"enabled":true,"type":1},"bbox":{"x":1022.0780432,"y":553.0593331,"width":147.04799161405208,"height":71.48208355778874,"rotation":0,"scale":{"x":1,"y":1},"skew":{"x":0,"y":0},"anchor":{"x":0,"y":0}},"blend":"normal","id":"a9d79d68-8d00-4b23-b09a-8bf1d36ce517","idx":12,"parentId":"Top","pointerId":"you_66829","seed":880045538,"fill":{"method":"fill","blend":"normal","enabled":false,"opacity":0,"type":"color","color":"#000000"},"filter":{"enabled":true,"opened":true,"stack":[]},"stroke":{"method":"stroke","blend":"normal","enabled":true,"opacity":1,"type":"color","color":"#000000","alignment":0.5,"lineCap":"round","lineDash":"none","lineDashOffset":0,"lineJoin":"miter","lineWidth":8,"lineWidthVariance":15,"miterLimit":4}},{"type":"streamer","iteration":203,"path":[{"cmd":"M","x":436.29,"y":14.56},{"cmd":"L","x":436.29,"y":14.56},{"cmd":"L","x":436.29,"y":14.56},{"cmd":"L","x":436.29,"y":14.56},{"cmd":"L","x":435.79,"y":14.22},{"cmd":"L","x":432.07,"y":12.7},{"cmd":"L","x":429.24,"y":12.14},{"cmd":"L","x":422.29,"y":11.73},{"cmd":"L","x":418.29,"y":11.63},{"cmd":"L","x":413.29,"y":11.59},{"cmd":"L","x":408.29,"y":11.57},{"cmd":"L","x":400.29,"y":11.56},{"cmd":"L","x":392.29,"y":11.56},{"cmd":"L","x":382.29,"y":11.56},{"cmd":"L","x":359.29,"y":11.56},{"cmd":"L","x":347.29,"y":12.36},{"cmd":"L","x":329.29,"y":13.39},{"cmd":"L","x":314.27,"y":15.2},{"cmd":"L","x":288.27,"y":18.21},{"cmd":"L","x":273.29,"y":19.33},{"cmd":"L","x":257.29,"y":19.52},{"cmd":"L","x":245.29,"y":20.35},{"cmd":"L","x":233.26,"y":22.12},{"cmd":"L","x":218.28,"y":23.32},{"cmd":"L","x":211.29,"y":23.49},{"cmd":"L","x":200.29,"y":23.54},{"cmd":"L","x":189.29,"y":23.55},{"cmd":"L","x":171.29,"y":24.41},{"cmd":"L","x":161.28,"y":25.29},{"cmd":"L","x":155.29,"y":25.47},{"cmd":"L","x":143.29,"y":25.54},{"cmd":"L","x":130.29,"y":26.37},{"cmd":"L","x":121.29,"y":26.51},{"cmd":"L","x":112.28,"y":27.3},{"cmd":"L","x":104.29,"y":27.49},{"cmd":"L","x":95.29,"y":27.54},{"cmd":"L","x":87.29,"y":27.55},{"cmd":"L","x":81.29,"y":27.56},{"cmd":"L","x":75.28,"y":28.23},{"cmd":"L","x":68.29,"y":28.46},{"cmd":"L","x":61.28,"y":29.23},{"cmd":"L","x":51.28,"y":30.25},{"cmd":"L","x":49.29,"y":30.37},{"cmd":"L","x":43.29,"y":30.5},{"cmd":"L","x":33.28,"y":31.31},{"cmd":"L","x":24.28,"y":32.25},{"cmd":"L","x":17.29,"y":32.46},{"cmd":"L","x":10.29,"y":32.53},{"cmd":"L","x":5.29,"y":32.55},{"cmd":"L","x":2.29,"y":32.55},{"cmd":"L","x":1.29,"y":32.55},{"cmd":"L","x":0.29,"y":32.55},{"cmd":"L","x":0.29,"y":32.55},{"cmd":"L","x":0.02,"y":31.47},{"cmd":"L","x":3,"y":25.26},{"cmd":"L","x":4.97,"y":21.25},{"cmd":"L","x":6.56,"y":19.01},{"cmd":"L","x":15.14,"y":10.65},{"cmd":"L","x":20.01,"y":6.5},{"cmd":"L","x":23.94,"y":3.41},{"cmd":"L","x":26.86,"y":1.31},{"cmd":"L","x":28.27,"y":-0.23},{"cmd":"L","x":28.87,"y":-0.67},{"cmd":"L","x":28.87,"y":-0.67},{"cmd":"L","x":25.69,"y":1.75},{"cmd":"L","x":22.33,"y":5.36},{"cmd":"L","x":13.81,"y":10.92},{"cmd":"L","x":8.54,"y":15.57},{"cmd":"L","x":7.85,"y":15.99},{"cmd":"L","x":6.41,"y":17.43},{"cmd":"L","x":5.77,"y":17.87},{"cmd":"L","x":4.67,"y":18.72},{"cmd":"L","x":1.91,"y":23.03},{"cmd":"L","x":1.54,"y":23.83},{"cmd":"L","x":0.39,"y":26.77},{"cmd":"L","x":-0.04,"y":28.63},{"cmd":"L","x":-0.2,"y":29.6},{"cmd":"L","x":0,"y":31.57},{"cmd":"L","x":0.37,"y":32.71},{"cmd":"L","x":1.48,"y":34.17},{"cmd":"L","x":2.75,"y":34.97},{"cmd":"L","x":9.59,"y":38.26},{"cmd":"L","x":11.84,"y":39.83},{"cmd":"L","x":17.55,"y":42.35},{"cmd":"L","x":21.75,"y":44.97},{"cmd":"L","x":28.49,"y":47.5},{"cmd":"L","x":31.64,"y":49.16},{"cmd":"L","x":34.53,"y":50.39},{"cmd":"L","x":35.7,"y":51.06},{"cmd":"L","x":36.53,"y":51.4},{"cmd":"L","x":36.93,"y":51.72},{"cmd":"L","x":37.37,"y":52.25},{"cmd":"L","x":37.94,"y":52.7},{"cmd":"L","x":39.01,"y":53.61}],"pathSpacing":{"clamp":{"min":5},"compatOverlapSegments":false,"enabled":true,"type":1},"bbox":{"x":539.7056507,"y":461.4419146,"width":460.29435127426956,"height":77.87381396895364,"rotation":0,"scale":{"x":1,"y":1},"skew":{"x":0,"y":0},"anchor":{"x":0,"y":0}},"blend":"normal","id":"ca4d04fc-0e9b-4968-b3fb-ae4e69269ddf","idx":13,"parentId":"Top","pointerId":"you_66830","seed":39217642,"fill":{"method":"fill","blend":"normal","enabled":false,"opacity":0,"type":"color","color":"#000000"},"filter":{"enabled":true,"opened":true,"stack":[]},"stroke":{"method":"stroke","blend":"normal","enabled":true,"opacity":1,"type":"color","color":"#000000","alignment":0.5,"lineCap":"round","lineDash":"none","lineDashOffset":0,"lineJoin":"miter","lineWidth":8,"lineWidthVariance":15,"miterLimit":4}},{"type":"streamer","iteration":267,"path":[{"cmd":"M","x":0,"y":26.64},{"cmd":"L","x":0,"y":26.64},{"cmd":"L","x":-0.05,"y":26.8},{"cmd":"L","x":-0.31,"y":27.17},{"cmd":"L","x":-0.79,"y":27.61},{"cmd":"L","x":-0.76,"y":27.74},{"cmd":"L","x":3.24,"y":29.46},{"cmd":"L","x":9.03,"y":30.24},{"cmd":"L","x":33,"y":30.6},{"cmd":"L","x":52,"y":30.64},{"cmd":"L","x":76,"y":30.64},{"cmd":"L","x":89.02,"y":29.02},{"cmd":"L","x":118,"y":28.68},{"cmd":"L","x":152,"y":28.65},{"cmd":"L","x":162,"y":28.65},{"cmd":"L","x":178,"y":29.49},{"cmd":"L","x":189,"y":29.61},{"cmd":"L","x":209,"y":30.51},{"cmd":"L","x":226,"y":30.62},{"cmd":"L","x":242,"y":30.64},{"cmd":"L","x":251,"y":30.64},{"cmd":"L","x":281,"y":31.55},{"cmd":"L","x":298,"y":31.63},{"cmd":"L","x":318,"y":31.64},{"cmd":"L","x":333,"y":31.64},{"cmd":"L","x":349,"y":30.8},{"cmd":"L","x":364,"y":30.67},{"cmd":"L","x":381,"y":29.8},{"cmd":"L","x":396,"y":29.67},{"cmd":"L","x":407,"y":29.65},{"cmd":"L","x":422,"y":29.65},{"cmd":"L","x":429,"y":29.64},{"cmd":"L","x":433,"y":29.64},{"cmd":"L","x":436,"y":29.64},{"cmd":"L","x":437.32,"y":28.99},{"cmd":"L","x":437.74,"y":28.62},{"cmd":"L","x":437.84,"y":26.64},{"cmd":"L","x":436.01,"y":21.47},{"cmd":"L","x":431.98,"y":16.9},{"cmd":"L","x":422.37,"y":9.48},{"cmd":"L","x":413.67,"y":5.01},{"cmd":"L","x":408.87,"y":3.53},{"cmd":"L","x":398.93,"y":1.3},{"cmd":"L","x":394.92,"y":0.34},{"cmd":"L","x":391.98,"y":0},{"cmd":"L","x":391.98,"y":0},{"cmd":"L","x":393.78,"y":1.63},{"cmd":"L","x":401.75,"y":8.66},{"cmd":"L","x":406.53,"y":11.94},{"cmd":"L","x":409.31,"y":13.32},{"cmd":"L","x":410.46,"y":14.04},{"cmd":"L","x":417.65,"y":19.77},{"cmd":"L","x":421.62,"y":22.82},{"cmd":"L","x":423.74,"y":24.67},{"cmd":"L","x":424.43,"y":25.09},{"cmd":"L","x":425.25,"y":25.45},{"cmd":"L","x":426.72,"y":26.7},{"cmd":"L","x":427.77,"y":27.64},{"cmd":"L","x":429.55,"y":28.91},{"cmd":"L","x":430.36,"y":30.13},{"cmd":"L","x":432.11,"y":32.31},{"cmd":"L","x":434.23,"y":35.22},{"cmd":"L","x":435.11,"y":36.31},{"cmd":"L","x":436.34,"y":38.15},{"cmd":"L","x":437.47,"y":40.06},{"cmd":"L","x":437.9,"y":40.5},{"cmd":"L","x":438.33,"y":41.15},{"cmd":"L","x":438.71,"y":41.94},{"cmd":"L","x":439.01,"y":42.81},{"cmd":"L","x":437.59,"y":45.1},{"cmd":"L","x":433.29,"y":48.71},{"cmd":"L","x":429.72,"y":50.38},{"cmd":"L","x":423.81,"y":52.59},{"cmd":"L","x":421.76,"y":53.47},{"cmd":"L","x":419.91,"y":53.92},{"cmd":"L","x":418.95,"y":54.1},{"cmd":"L","x":417.97,"y":54.24},{"cmd":"L","x":415.7,"y":55.34},{"cmd":"L","x":412.2,"y":58.6},{"cmd":"L","x":410.16,"y":60.56},{"cmd":"L","x":409.72,"y":61.19}],"pathSpacing":{"clamp":{"min":5},"compatOverlapSegments":false,"enabled":true,"type":1},"bbox":{"x":413.9998367,"y":578.3567942,"width":461.59387145764697,"height":85.1851791455685,"rotation":0,"scale":{"x":1,"y":1},"skew":{"x":0,"y":0},"anchor":{"x":0,"y":0}},"blend":"normal","id":"e2d0adb3-1a10-4ddb-b2f8-06eb07c4b6fb","idx":14,"parentId":"Top","pointerId":"you_66831","seed":52672994,"fill":{"method":"fill","blend":"normal","enabled":false,"opacity":0,"type":"color","color":"#000000"},"filter":{"enabled":true,"opened":true,"stack":[]},"stroke":{"method":"stroke","blend":"normal","enabled":true,"opacity":1,"type":"color","color":"#000000","alignment":0.5,"lineCap":"round","lineDash":"none","lineDashOffset":0,"lineJoin":"miter","lineWidth":8,"lineWidthVariance":15,"miterLimit":4}},{"type":"streamer","iteration":316,"path":[{"cmd":"M","x":6.52,"y":22},{"cmd":"L","x":6.52,"y":22},{"cmd":"L","x":7.32,"y":34.01},{"cmd":"L","x":8.28,"y":46.01},{"cmd":"L","x":8.49,"y":65},{"cmd":"L","x":8.51,"y":73},{"cmd":"L","x":8.52,"y":94},{"cmd":"L","x":8.52,"y":113},{"cmd":"L","x":8.52,"y":125},{"cmd":"L","x":8.52,"y":134},{"cmd":"L","x":8.52,"y":144},{"cmd":"L","x":8.52,"y":153},{"cmd":"L","x":7.75,"y":163.01},{"cmd":"L","x":6,"y":174.04},{"cmd":"L","x":5.67,"y":181},{"cmd":"L","x":4.95,"y":186.03},{"cmd":"L","x":3.12,"y":195.06},{"cmd":"L","x":1.72,"y":198.25},{"cmd":"L","x":1.26,"y":200.09},{"cmd":"L","x":0.74,"y":201.26},{"cmd":"L","x":0.15,"y":204.07},{"cmd":"L","x":-0.01,"y":205.04},{"cmd":"L","x":-0.19,"y":207.01},{"cmd":"L","x":-0.27,"y":208.01},{"cmd":"L","x":1.17,"y":209.14},{"cmd":"L","x":9.52,"y":209.04},{"cmd":"L","x":24.54,"y":207.34},{"cmd":"L","x":46.52,"y":207.04},{"cmd":"L","x":62.52,"y":207.01},{"cmd":"L","x":72.52,"y":207},{"cmd":"L","x":89.52,"y":207},{"cmd":"L","x":99.53,"y":206.23},{"cmd":"L","x":113.55,"y":204.39},{"cmd":"L","x":124.52,"y":204.08},{"cmd":"L","x":129.52,"y":204.03},{"cmd":"L","x":131.52,"y":204.02},{"cmd":"L","x":132.52,"y":204.01},{"cmd":"L","x":132.68,"y":203.96},{"cmd":"L","x":134.03,"y":201.6},{"cmd":"L","x":135.06,"y":194.96},{"cmd":"L","x":135.98,"y":189.95},{"cmd":"L","x":136.12,"y":188.97},{"cmd":"L","x":137.17,"y":179.98},{"cmd":"L","x":137.44,"y":170},{"cmd":"L","x":137.51,"y":157},{"cmd":"L","x":136.7,"y":142.99},{"cmd":"L","x":135.76,"y":130.99},{"cmd":"L","x":134.73,"y":115.99},{"cmd":"L","x":132.99,"y":104.96},{"cmd":"L","x":131.73,"y":86.99},{"cmd":"L","x":131.58,"y":78},{"cmd":"L","x":131.53,"y":66},{"cmd":"L","x":131.53,"y":55},{"cmd":"L","x":131.52,"y":47},{"cmd":"L","x":131.52,"y":37},{"cmd":"L","x":130.77,"y":27.99},{"cmd":"L","x":130.61,"y":22},{"cmd":"L","x":130.55,"y":14},{"cmd":"L","x":130.53,"y":10},{"cmd":"L","x":130.53,"y":9},{"cmd":"L","x":130.53,"y":8},{"cmd":"L","x":130.53,"y":6},{"cmd":"L","x":130.52,"y":4},{"cmd":"L","x":130.52,"y":3},{"cmd":"L","x":130.52,"y":2},{"cmd":"L","x":130.52,"y":0}],"pathSpacing":{"clamp":{"min":5},"compatOverlapSegments":false,"enabled":true,"type":1},"bbox":{"x":1322.4756143,"y":294.0016606,"width":161.5083247465626,"height":233.23383045429486,"rotation":0,"scale":{"x":1,"y":1},"skew":{"x":0,"y":0},"anchor":{"x":0,"y":0}},"blend":"normal","id":"88c83b85-6b2d-45e2-9d80-051e825182d5","idx":15,"parentId":"Top","pointerId":"you_66832","seed":1454702468,"fill":{"method":"fill","blend":"normal","enabled":false,"opacity":0,"type":"color","color":"#000000"},"filter":{"enabled":true,"opened":true,"stack":[]},"stroke":{"method":"stroke","blend":"normal","enabled":true,"opacity":1,"type":"color","color":"#000000","alignment":0.5,"lineCap":"round","lineDash":"none","lineDashOffset":0,"lineJoin":"miter","lineWidth":8,"lineWidthVariance":15,"miterLimit":4}},{"type":"streamer","iteration":367,"path":[{"cmd":"M","x":0,"y":0},{"cmd":"L","x":0,"y":0},{"cmd":"L","x":0.79,"y":11.01},{"cmd":"L","x":1.72,"y":21.01},{"cmd":"L","x":2.37,"y":24.07},{"cmd":"L","x":3.46,"y":30.05},{"cmd":"L","x":4.58,"y":38.03},{"cmd":"L","x":4.79,"y":41.01},{"cmd":"L","x":4.84,"y":42}],"pathSpacing":{"clamp":{"min":5},"compatOverlapSegments":false,"enabled":true,"type":1},"bbox":{"x":1322.0015732,"y":291.0020517,"width":28.84,"height":66,"rotation":0,"scale":{"x":1,"y":1},"skew":{"x":0,"y":0},"anchor":{"x":0,"y":0}},"blend":"normal","id":"29b609e7-1d95-47e8-b61e-a837f69a71f4","idx":16,"parentId":"Top","pointerId":"you_66833","seed":2067449360,"fill":{"method":"fill","blend":"normal","enabled":false,"opacity":0,"type":"color","color":"#000000"},"filter":{"enabled":true,"opened":true,"stack":[]},"stroke":{"method":"stroke","blend":"normal","enabled":true,"opacity":1,"type":"color","color":"#000000","alignment":0.5,"lineCap":"round","lineDash":"none","lineDashOffset":0,"lineJoin":"miter","lineWidth":8,"lineWidthVariance":15,"miterLimit":4}},{"type":"streamer","iteration":373,"path":[{"cmd":"M","x":0,"y":9.41},{"cmd":"L","x":0.5,"y":9.08},{"cmd":"L","x":5.07,"y":8.06},{"cmd":"L","x":17.02,"y":6.74},{"cmd":"L","x":25.13,"y":4.28},{"cmd":"L","x":45.01,"y":2.66},{"cmd":"L","x":52.02,"y":1.79},{"cmd":"L","x":57.04,"y":0.92},{"cmd":"L","x":61.01,"y":0.63},{"cmd":"L","x":69,"y":0.47},{"cmd":"L","x":74,"y":0.44},{"cmd":"L","x":83,"y":0.42},{"cmd":"L","x":87,"y":0.42},{"cmd":"L","x":93,"y":0.42},{"cmd":"L","x":102,"y":0.41},{"cmd":"L","x":105,"y":0.41},{"cmd":"L","x":106,"y":0.41},{"cmd":"L","x":108.06,"y":0}],"pathSpacing":{"clamp":{"min":5},"compatOverlapSegments":false,"enabled":true,"type":1},"bbox":{"x":1337.999238,"y":333.5863607,"width":132.07330335283268,"height":33.41280627637895,"rotation":0,"scale":{"x":1,"y":1},"skew":{"x":0,"y":0},"anchor":{"x":0,"y":0}},"blend":"normal","id":"2a39a948-8912-46fc-8a7f-2bc4380a803e","idx":17,"parentId":"Top","pointerId":"you_66834","seed":1005093429,"fill":{"method":"fill","blend":"normal","enabled":false,"opacity":0,"type":"color","color":"#000000"},"filter":{"enabled":true,"opened":true,"stack":[]},"stroke":{"method":"stroke","blend":"normal","enabled":true,"opacity":1,"type":"color","color":"#000000","alignment":0.5,"lineCap":"round","lineDash":"none","lineDashOffset":0,"lineJoin":"miter","lineWidth":8,"lineWidthVariance":15,"miterLimit":4}},{"type":"streamer","iteration":387,"path":[{"cmd":"M","x":0,"y":0},{"cmd":"L","x":0,"y":0},{"cmd":"L","x":3.04,"y":0.51},{"cmd":"L","x":10,"y":0.85},{"cmd":"L","x":29,"y":0.98},{"cmd":"L","x":38,"y":0.99},{"cmd":"L","x":55,"y":1},{"cmd":"L","x":68,"y":1},{"cmd":"L","x":110,"y":1},{"cmd":"L","x":124,"y":1},{"cmd":"L","x":134,"y":1},{"cmd":"L","x":141,"y":1},{"cmd":"L","x":143,"y":1},{"cmd":"L","x":147,"y":1},{"cmd":"L","x":149,"y":1}],"pathSpacing":{"clamp":{"min":5},"compatOverlapSegments":false,"enabled":true,"type":1},"bbox":{"x":1312,"y":370,"width":173,"height":25,"rotation":0,"scale":{"x":1,"y":1},"skew":{"x":0,"y":0},"anchor":{"x":0,"y":0}},"blend":"normal","id":"3e7639ab-6d07-445f-b94b-79a219b43977","idx":18,"parentId":"Top","pointerId":"you_66835","seed":521846822,"fill":{"method":"fill","blend":"normal","enabled":false,"opacity":0,"type":"color","color":"#000000"},"filter":{"enabled":true,"opened":true,"stack":[]},"stroke":{"method":"stroke","blend":"normal","enabled":true,"opacity":1,"type":"color","color":"#000000","alignment":0.5,"lineCap":"round","lineDash":"none","lineDashOffset":0,"lineJoin":"miter","lineWidth":8,"lineWidthVariance":15,"miterLimit":4}},{"type":"streamer","iteration":399,"path":[{"cmd":"M","x":0,"y":5.94},{"cmd":"L","x":0,"y":5.94},{"cmd":"L","x":11.01,"y":6.72},{"cmd":"L","x":23,"y":6.89},{"cmd":"L","x":41.01,"y":5.21},{"cmd":"L","x":65,"y":4.08},{"cmd":"L","x":83,"y":3.1},{"cmd":"L","x":101,"y":2.1},{"cmd":"L","x":113.03,"y":0.36},{"cmd":"L","x":119,"y":0.08},{"cmd":"L","x":121,"y":0.02},{"cmd":"L","x":122,"y":0}],"pathSpacing":{"clamp":{"min":5},"compatOverlapSegments":false,"enabled":true,"type":1},"bbox":{"x":1306.0003467,"y":421.0658604,"width":146,"height":30.889587474388364,"rotation":0,"scale":{"x":1,"y":1},"skew":{"x":0,"y":0},"anchor":{"x":0,"y":0}},"blend":"normal","id":"d7d70342-01a3-415b-b6e4-5b95e931fa49","idx":19,"parentId":"Top","pointerId":"you_66836","seed":290434009,"fill":{"method":"fill","blend":"normal","enabled":false,"opacity":0,"type":"color","color":"#000000"},"filter":{"enabled":true,"opened":true,"stack":[]},"stroke":{"method":"stroke","blend":"normal","enabled":true,"opacity":1,"type":"color","color":"#000000","alignment":0.5,"lineCap":"round","lineDash":"none","lineDashOffset":0,"lineJoin":"miter","lineWidth":8,"lineWidthVariance":15,"miterLimit":4}},{"type":"streamer","iteration":409,"path":[{"cmd":"M","x":0,"y":1},{"cmd":"L","x":5,"y":1},{"cmd":"L","x":19,"y":1},{"cmd":"L","x":44,"y":1},{"cmd":"L","x":96,"y":0.05},{"cmd":"L","x":104,"y":0.01},{"cmd":"L","x":130,"y":0},{"cmd":"L","x":144.01,"y":0.82},{"cmd":"L","x":163,"y":1.84},{"cmd":"L","x":166,"y":1.92},{"cmd":"L","x":170,"y":1.96},{"cmd":"L","x":171,"y":1.97},{"cmd":"L","x":171.16,"y":2.03}],"pathSpacing":{"clamp":{"min":5},"compatOverlapSegments":false,"enabled":true,"type":1},"bbox":{"x":1307.0006778,"y":464.0004648,"width":195.16,"height":26.02999661004565,"rotation":0,"scale":{"x":1,"y":1},"skew":{"x":0,"y":0},"anchor":{"x":0,"y":0}},"blend":"normal","id":"67d23406-77e5-4dc6-9140-78e75c0331f7","idx":20,"parentId":"Top","pointerId":"you_66837","seed":681854107,"fill":{"method":"fill","blend":"normal","enabled":false,"opacity":0,"type":"color","color":"#000000"},"filter":{"enabled":true,"opened":true,"stack":[]},"stroke":{"method":"stroke","blend":"normal","enabled":true,"opacity":1,"type":"color","color":"#000000","alignment":0.5,"lineCap":"round","lineDash":"none","lineDashOffset":0,"lineJoin":"miter","lineWidth":8,"lineWidthVariance":15,"miterLimit":4}},{"type":"streamer","iteration":420,"path":[{"cmd":"M","x":52,"y":0},{"cmd":"L","x":52,"y":0},{"cmd":"L","x":46.81,"y":1.95},{"cmd":"L","x":38.95,"y":3.44},{"cmd":"L","x":26.92,"y":6.3},{"cmd":"L","x":22.99,"y":6.7},{"cmd":"L","x":21.85,"y":7.07},{"cmd":"L","x":19.79,"y":7.89},{"cmd":"L","x":18.88,"y":8.16},{"cmd":"L","x":17.93,"y":8.36},{"cmd":"L","x":14.98,"y":8.68},{"cmd":"L","x":13.85,"y":9.06},{"cmd":"L","x":11.95,"y":9.43},{"cmd":"L","x":8.9,"y":10.23},{"cmd":"L","x":6.96,"y":10.54},{"cmd":"L","x":3.99,"y":10.77},{"cmd":"L","x":3,"y":10.83},{"cmd":"L","x":1,"y":10.9},{"cmd":"L","x":0,"y":10.92}],"pathSpacing":{"clamp":{"min":5},"compatOverlapSegments":false,"enabled":true,"type":1},"bbox":{"x":1321.9994841,"y":266.0006641,"width":76,"height":34.92,"rotation":0,"scale":{"x":1,"y":1},"skew":{"x":0,"y":0},"anchor":{"x":0,"y":0}},"blend":"normal","id":"65df36f7-e2f0-4105-b30c-db9f4a7e0bde","idx":21,"parentId":"Top","pointerId":"you_66838","seed":1340206743,"fill":{"method":"fill","blend":"normal","enabled":false,"opacity":0,"type":"color","color":"#000000"},"filter":{"enabled":true,"opened":true,"stack":[]},"stroke":{"method":"stroke","blend":"normal","enabled":true,"opacity":1,"type":"color","color":"#000000","alignment":0.5,"lineCap":"round","lineDash":"none","lineDashOffset":0,"lineJoin":"miter","lineWidth":8,"lineWidthVariance":15,"miterLimit":4}},{"type":"streamer","iteration":429,"path":[{"cmd":"M","x":0,"y":0},{"cmd":"L","x":0,"y":0},{"cmd":"L","x":0.05,"y":0.15},{"cmd":"L","x":1.65,"y":3.32},{"cmd":"L","x":2.85,"y":6.23},{"cmd":"L","x":3.95,"y":9.19},{"cmd":"L","x":7.37,"y":14.48},{"cmd":"L","x":9.01,"y":19.17},{"cmd":"L","x":11.49,"y":23.41},{"cmd":"L","x":12.22,"y":26.1},{"cmd":"L","x":14.38,"y":29.48},{"cmd":"L","x":15.21,"y":30.59},{"cmd":"L","x":15.61,"y":31.34},{"cmd":"L","x":15.93,"y":32.2},{"cmd":"L","x":16.19,"y":33.11}],"pathSpacing":{"clamp":{"min":5},"compatOverlapSegments":false,"enabled":true,"type":1},"bbox":{"x":1332.9989094,"y":277.0010158,"width":40.19,"height":57.11,"rotation":0,"scale":{"x":1,"y":1},"skew":{"x":0,"y":0},"anchor":{"x":0,"y":0}},"blend":"normal","id":"ca4a46aa-ea18-4e30-8c55-3c557424bd7d","idx":22,"parentId":"Top","pointerId":"you_66839","seed":245119085,"fill":{"method":"fill","blend":"normal","enabled":false,"opacity":0,"type":"color","color":"#000000"},"filter":{"enabled":true,"opened":true,"stack":[]},"stroke":{"method":"stroke","blend":"normal","enabled":true,"opacity":1,"type":"color","color":"#000000","alignment":0.5,"lineCap":"round","lineDash":"none","lineDashOffset":0,"lineJoin":"miter","lineWidth":8,"lineWidthVariance":15,"miterLimit":4}},{"type":"streamer","iteration":436,"path":[{"cmd":"M","x":9.7,"y":0},{"cmd":"L","x":9.7,"y":0},{"cmd":"L","x":8.7,"y":0},{"cmd":"L","x":6.7,"y":0},{"cmd":"L","x":4.49,"y":0.89},{"cmd":"L","x":2.44,"y":1.79},{"cmd":"L","x":1.34,"y":3.49},{"cmd":"L","x":0.72,"y":5.18},{"cmd":"L","x":0.22,"y":8.05},{"cmd":"L","x":-0.04,"y":11.01},{"cmd":"L","x":0.71,"y":13.17},{"cmd":"L","x":0.98,"y":13.54},{"cmd":"L","x":1.47,"y":13.99},{"cmd":"L","x":5,"y":15.69},{"cmd":"L","x":8.7,"y":15.86},{"cmd":"L","x":10.74,"y":15.51}],"pathSpacing":{"clamp":{"min":5},"compatOverlapSegments":false,"enabled":true,"type":1},"bbox":{"x":1362.2994425,"y":281.0028903,"width":35.19029157346215,"height":39.79235235657036,"rotation":0,"scale":{"x":1,"y":1},"skew":{"x":0,"y":0},"anchor":{"x":0,"y":0}},"blend":"normal","id":"72275301-bd58-4305-9ba4-be1a6cd1debf","idx":23,"parentId":"Top","pointerId":"you_66840","seed":612157904,"fill":{"method":"fill","blend":"normal","enabled":false,"opacity":0,"type":"color","color":"#000000"},"filter":{"enabled":true,"opened":true,"stack":[]},"stroke":{"method":"stroke","blend":"normal","enabled":true,"opacity":1,"type":"color","color":"#000000","alignment":0.5,"lineCap":"round","lineDash":"none","lineDashOffset":0,"lineJoin":"miter","lineWidth":8,"lineWidthVariance":15,"miterLimit":4}},{"type":"streamer","iteration":443,"path":[{"cmd":"M","x":1.87,"y":24.34},{"cmd":"L","x":1.87,"y":24.34},{"cmd":"L","x":1.87,"y":26.34},{"cmd":"L","x":2.54,"y":32.36},{"cmd":"L","x":4.82,"y":38.53},{"cmd":"L","x":6,"y":42.47},{"cmd":"L","x":7.35,"y":44.76},{"cmd":"L","x":9.04,"y":46.96},{"cmd":"L","x":9.71,"y":48.57},{"cmd":"L","x":10.02,"y":48.97},{"cmd":"L","x":10.02,"y":48.97},{"cmd":"L","x":10.02,"y":48.97},{"cmd":"L","x":9.13,"y":47.06},{"cmd":"L","x":5.1,"y":38.08},{"cmd":"L","x":1.53,"y":22.27},{"cmd":"L","x":0.25,"y":12.32},{"cmd":"L","x":0.01,"y":7.34},{"cmd":"L","x":-0.06,"y":4.34},{"cmd":"L","x":3.57,"y":1.28},{"cmd":"L","x":8.94,"y":0.02},{"cmd":"L","x":11.89,"y":-0.32},{"cmd":"L","x":14.88,"y":0.01},{"cmd":"L","x":16.56,"y":1.42},{"cmd":"L","x":18.2,"y":3.85},{"cmd":"L","x":19.21,"y":8.41},{"cmd":"L","x":19.62,"y":13.35},{"cmd":"L","x":18.12,"y":16.62},{"cmd":"L","x":11.29,"y":21.58},{"cmd":"L","x":8.33,"y":23.63},{"cmd":"L","x":5.73,"y":24.45},{"cmd":"L","x":4.79,"y":24.66},{"cmd":"L","x":3.82,"y":24.83},{"cmd":"L","x":2.84,"y":24.96},{"cmd":"L","x":1.85,"y":25.05}],"pathSpacing":{"clamp":{"min":5},"compatOverlapSegments":false,"enabled":true,"type":1},"bbox":{"x":1383.1335214,"y":263.6567291,"width":43.63296313030243,"height":72.64231925792481,"rotation":0,"scale":{"x":1,"y":1},"skew":{"x":0,"y":0},"anchor":{"x":0,"y":0}},"blend":"normal","id":"eac7a7d2-5125-4e72-8b2f-7dd982144186","idx":24,"parentId":"Top","pointerId":"you_66841","seed":687708407,"fill":{"method":"fill","blend":"normal","enabled":false,"opacity":0,"type":"color","color":"#000000"},"filter":{"enabled":true,"opened":true,"stack":[]},"stroke":{"method":"stroke","blend":"normal","enabled":true,"opacity":1,"type":"color","color":"#000000","alignment":0.5,"lineCap":"round","lineDash":"none","lineDashOffset":0,"lineJoin":"miter","lineWidth":8,"lineWidthVariance":15,"miterLimit":4}},{"type":"streamer","iteration":461,"path":[{"cmd":"M","x":0,"y":3.62},{"cmd":"L","x":0,"y":3.62},{"cmd":"L","x":0.63,"y":8.64},{"cmd":"L","x":2.95,"y":14.81},{"cmd":"L","x":6.51,"y":21.01},{"cmd":"L","x":14,"y":29.38},{"cmd":"L","x":17.74,"y":32.64},{"cmd":"L","x":20.39,"y":34.14},{"cmd":"L","x":22.14,"y":34.7},{"cmd":"L","x":26.03,"y":35.22},{"cmd":"L","x":31.06,"y":34.21},{"cmd":"L","x":34.43,"y":32.17},{"cmd":"L","x":37.88,"y":28.73},{"cmd":"L","x":39.92,"y":23.42},{"cmd":"L","x":40.53,"y":19.58},{"cmd":"L","x":40.84,"y":13.61},{"cmd":"L","x":40.36,"y":9.59},{"cmd":"L","x":37.31,"y":3.32},{"cmd":"L","x":35.73,"y":1.07},{"cmd":"L","x":35.23,"y":0.62},{"cmd":"L","x":34.55,"y":0.2}],"pathSpacing":{"clamp":{"min":5},"compatOverlapSegments":false,"enabled":true,"type":1},"bbox":{"x":1294.0013584,"y":217.3833681,"width":64.82045252193834,"height":58.736003036346546,"rotation":0,"scale":{"x":1,"y":1},"skew":{"x":0,"y":0},"anchor":{"x":0,"y":0}},"blend":"normal","id":"5bdbe872-0300-4b68-8aa3-6c7b3bee45c7","idx":25,"parentId":"Top","pointerId":"you_66842","seed":1754862012,"fill":{"method":"fill","blend":"normal","enabled":false,"opacity":0,"type":"color","color":"#000000"},"filter":{"enabled":true,"opened":true,"stack":[]},"stroke":{"method":"stroke","blend":"normal","enabled":true,"opacity":1,"type":"color","color":"#000000","alignment":0.5,"lineCap":"round","lineDash":"none","lineDashOffset":0,"lineJoin":"miter","lineWidth":8,"lineWidthVariance":15,"miterLimit":4}},{"type":"streamer","iteration":474,"path":[{"cmd":"M","x":0,"y":0},{"cmd":"L","x":0,"y":0},{"cmd":"L","x":1.82,"y":4.24},{"cmd":"L","x":5.33,"y":9.51},{"cmd":"L","x":10.28,"y":16.54},{"cmd":"L","x":14.17,"y":21.62},{"cmd":"L","x":16.78,"y":23.98},{"cmd":"L","x":17.81,"y":24.95},{"cmd":"L","x":17.42,"y":25.23},{"cmd":"L","x":9.96,"y":26.5},{"cmd":"L","x":4.95,"y":27.44},{"cmd":"L","x":2.98,"y":27.66},{"cmd":"L","x":1.59,"y":28.48},{"cmd":"L","x":0.14,"y":29.9},{"cmd":"L","x":0.06,"y":34},{"cmd":"L","x":0.54,"y":37.04},{"cmd":"L","x":2.28,"y":39.54},{"cmd":"L","x":3.5,"y":40.34},{"cmd":"L","x":5.18,"y":40.96},{"cmd":"L","x":8.05,"y":41.47},{"cmd":"L","x":14.01,"y":41.82},{"cmd":"L","x":24.19,"y":38.04},{"cmd":"L","x":29.48,"y":34.63},{"cmd":"L","x":32.49,"y":32.65},{"cmd":"L","x":34.67,"y":30.89}],"pathSpacing":{"clamp":{"min":5},"compatOverlapSegments":false,"enabled":true,"type":1},"bbox":{"x":1345.9969983,"y":205.0020939,"width":58.85106886974011,"height":65.8052461430452,"rotation":0,"scale":{"x":1,"y":1},"skew":{"x":0,"y":0},"anchor":{"x":0,"y":0}},"blend":"normal","id":"4157e136-169a-4a3c-9348-eb4a1e40d2d5","idx":26,"parentId":"Top","pointerId":"you_66843","seed":437076213,"fill":{"method":"fill","blend":"normal","enabled":false,"opacity":0,"type":"color","color":"#000000"},"filter":{"enabled":true,"opened":true,"stack":[]},"stroke":{"method":"stroke","blend":"normal","enabled":true,"opacity":1,"type":"color","color":"#000000","alignment":0.5,"lineCap":"round","lineDash":"none","lineDashOffset":0,"lineJoin":"miter","lineWidth":8,"lineWidthVariance":15,"miterLimit":4}},{"type":"streamer","iteration":489,"path":[{"cmd":"M","x":4.75,"y":22.83},{"cmd":"L","x":4.75,"y":22.83},{"cmd":"L","x":6.56,"y":27.07},{"cmd":"L","x":9.66,"y":35.04},{"cmd":"L","x":11.64,"y":40.04},{"cmd":"L","x":12.54,"y":42.08},{"cmd":"L","x":13.22,"y":43.25},{"cmd":"L","x":13.65,"y":43.68},{"cmd":"L","x":13.65,"y":43.68},{"cmd":"L","x":13.67,"y":42.83},{"cmd":"L","x":10.94,"y":36.58},{"cmd":"L","x":5.91,"y":24.6},{"cmd":"L","x":3.03,"y":18.54},{"cmd":"L","x":0.5,"y":8.74},{"cmd":"L","x":0.03,"y":3.82},{"cmd":"L","x":0.21,"y":2.78},{"cmd":"L","x":1.75,"y":1.07},{"cmd":"L","x":3.13,"y":0.3},{"cmd":"L","x":8.75,"y":-0.01},{"cmd":"L","x":18.05,"y":4.52},{"cmd":"L","x":21.55,"y":7.79},{"cmd":"L","x":22.57,"y":8.76},{"cmd":"L","x":23.33,"y":10.18},{"cmd":"L","x":23.66,"y":11.03},{"cmd":"L","x":21.64,"y":13.51},{"cmd":"L","x":18.36,"y":15.36},{"cmd":"L","x":16.39,"y":16.41},{"cmd":"L","x":11.69,"y":17.28},{"cmd":"L","x":7.67,"y":18.18},{"cmd":"L","x":6.51,"y":18.67},{"cmd":"L","x":5.61,"y":18.95}],"pathSpacing":{"clamp":{"min":5},"compatOverlapSegments":false,"enabled":true,"type":1},"bbox":{"x":1381.2555974,"y":203.1686613,"width":46.68804773563255,"height":66.89294332992324,"rotation":0,"scale":{"x":1,"y":1},"skew":{"x":0,"y":0},"anchor":{"x":0,"y":0}},"blend":"normal","id":"faa1dfd5-33b0-438d-b477-ebe1a21a5337","idx":27,"parentId":"Top","pointerId":"you_66844","seed":1964927405,"fill":{"method":"fill","blend":"normal","enabled":false,"opacity":0,"type":"color","color":"#000000"},"filter":{"enabled":true,"opened":true,"stack":[]},"stroke":{"method":"stroke","blend":"normal","enabled":true,"opacity":1,"type":"color","color":"#000000","alignment":0.5,"lineCap":"round","lineDash":"none","lineDashOffset":0,"lineJoin":"miter","lineWidth":8,"lineWidthVariance":15,"miterLimit":4}},{"type":"streamer","iteration":508,"path":[{"cmd":"M","x":0,"y":0},{"cmd":"L","x":0.66,"y":1.32},{"cmd":"L","x":6.06,"y":7.71},{"cmd":"L","x":9.94,"y":11.82},{"cmd":"L","x":18.98,"y":21.78},{"cmd":"L","x":25.9,"y":28.86},{"cmd":"L","x":30.89,"y":33.87},{"cmd":"L","x":31.88,"y":34.87},{"cmd":"L","x":32.52,"y":35.31}],"pathSpacing":{"clamp":{"min":5},"compatOverlapSegments":false,"enabled":true,"type":1},"bbox":{"x":1348.0008909,"y":204.9996547,"width":56.52,"height":59.31,"rotation":0,"scale":{"x":1,"y":1},"skew":{"x":0,"y":0},"anchor":{"x":0,"y":0}},"blend":"normal","id":"aaae53ca-1c28-4985-83c7-6ad2799fcda6","idx":28,"parentId":"Top","pointerId":"you_66845","seed":1823757698,"fill":{"method":"fill","blend":"normal","enabled":false,"opacity":0,"type":"color","color":"#000000"},"filter":{"enabled":true,"opened":true,"stack":[]},"stroke":{"method":"stroke","blend":"normal","enabled":true,"opacity":1,"type":"color","color":"#000000","alignment":0.5,"lineCap":"round","lineDash":"none","lineDashOffset":0,"lineJoin":"miter","lineWidth":8,"lineWidthVariance":15,"miterLimit":4}},{"type":"streamer","iteration":515,"path":[{"cmd":"M","x":11.59,"y":0},{"cmd":"L","x":11.59,"y":0},{"cmd":"L","x":10.5,"y":0.27},{"cmd":"L","x":9.54,"y":0.45},{"cmd":"L","x":7.45,"y":1.1},{"cmd":"L","x":6.28,"y":1.68},{"cmd":"L","x":3.18,"y":3.49},{"cmd":"L","x":2.35,"y":3.84},{"cmd":"L","x":1.95,"y":4.15},{"cmd":"L","x":1.5,"y":4.69},{"cmd":"L","x":1.09,"y":5.4},{"cmd":"L","x":0.74,"y":6.23},{"cmd":"L","x":0.29,"y":8.08},{"cmd":"L","x":0.01,"y":10.03},{"cmd":"L","x":0.82,"y":13.1},{"cmd":"L","x":1.35,"y":14.27},{"cmd":"L","x":1.69,"y":14.68},{"cmd":"L","x":2.61,"y":15.74},{"cmd":"L","x":5.08,"y":17.36},{"cmd":"L","x":7.71,"y":18.14},{"cmd":"L","x":9.63,"y":18.48},{"cmd":"L","x":11.6,"y":18.69},{"cmd":"L","x":12.6,"y":18.76},{"cmd":"L","x":13.59,"y":18.82},{"cmd":"L","x":14.59,"y":18.87}],"pathSpacing":{"clamp":{"min":5},"compatOverlapSegments":false,"enabled":true,"type":1},"bbox":{"x":1358.4121039,"y":283.9987924,"width":38.59258024036882,"height":42.870000000000005,"rotation":0,"scale":{"x":1,"y":1},"skew":{"x":0,"y":0},"anchor":{"x":0,"y":0}},"blend":"normal","id":"3d7f6e1e-8ccb-4803-87b3-77be506d509c","idx":29,"parentId":"Top","pointerId":"you_66846","seed":1022741879,"fill":{"method":"fill","blend":"normal","enabled":false,"opacity":0,"type":"color","color":"#000000"},"filter":{"enabled":true,"opened":true,"stack":[]},"stroke":{"method":"stroke","blend":"normal","enabled":true,"opacity":1,"type":"color","color":"#000000","alignment":0.5,"lineCap":"round","lineDash":"none","lineDashOffset":0,"lineJoin":"miter","lineWidth":8,"lineWidthVariance":15,"miterLimit":4}},{"type":"streamer","iteration":523,"path":[{"cmd":"M","x":16.26,"y":22.24},{"cmd":"L","x":16.26,"y":22.24},{"cmd":"L","x":16.11,"y":22.18},{"cmd":"L","x":14.21,"y":21.81},{"cmd":"L","x":11.16,"y":21.01},{"cmd":"L","x":8.24,"y":20.62},{"cmd":"L","x":6.15,"y":20.04},{"cmd":"L","x":5.2,"y":19.84},{"cmd":"L","x":4.04,"y":19.37},{"cmd":"L","x":2.87,"y":18.71},{"cmd":"L","x":2.44,"y":18.3},{"cmd":"L","x":1.11,"y":16.6},{"cmd":"L","x":0.43,"y":15},{"cmd":"L","x":-0.02,"y":13.15},{"cmd":"L","x":-0.31,"y":11.2},{"cmd":"L","x":0.02,"y":7.23},{"cmd":"L","x":0.12,"y":5.23},{"cmd":"L","x":0.43,"y":4.12},{"cmd":"L","x":0.98,"y":2.95},{"cmd":"L","x":1.33,"y":2.53},{"cmd":"L","x":2.27,"y":1.48},{"cmd":"L","x":3.23,"y":0.44},{"cmd":"L","x":3.84,"y":0}],"pathSpacing":{"clamp":{"min":5},"compatOverlapSegments":false,"enabled":true,"type":1},"bbox":{"x":1361.739764,"y":276.7619296,"width":40.25844812444921,"height":46.239999999999995,"rotation":0,"scale":{"x":1,"y":1},"skew":{"x":0,"y":0},"anchor":{"x":0,"y":0}},"blend":"normal","id":"d64dcccb-cb8f-40d6-98b1-df39aac1cb6e","idx":30,"parentId":"Top","pointerId":"you_66847","seed":1102640691,"fill":{"method":"fill","blend":"normal","enabled":false,"opacity":0,"type":"color","color":"#000000"},"filter":{"enabled":true,"opened":true,"stack":[]},"stroke":{"method":"stroke","blend":"normal","enabled":true,"opacity":1,"type":"color","color":"#000000","alignment":0.5,"lineCap":"round","lineDash":"none","lineDashOffset":0,"lineJoin":"miter","lineWidth":8,"lineWidthVariance":15,"miterLimit":4}},{"type":"pencil","iteration":1,"blend":"normal","seed":179034782,"exportable":true,"findable":true,"fill":{"method":"fill","blend":"normal","enabled":false,"opacity":0,"type":"color","color":"black"},"filter":{"enabled":true,"opened":true,"stack":[]},"stroke":{"method":"stroke","blend":"normal","enabled":true,"opacity":1,"type":"color","color":"#000000","alignment":0.5,"lineCap":"round","lineDash":"none","lineDashOffset":0,"lineJoin":"miter","lineWidth":4.9,"lineWidthVariance":0,"miterLimit":4,"gradient":{"type":"linearGradient","noise":0,"spreadMethod":"pad","stops":[{"color":"#e43a15","offset":0},{"color":"#e65245","offset":1}],"x1":0,"y1":0.5,"x2":1,"y2":0.5}},"bbox":{"x":153,"y":256.98704286641606,"width":80.46068183122205,"height":43.922679631161316,"rotation":0,"scale":{"x":1,"y":1},"skew":{"x":0,"y":0},"anchor":{"x":0,"y":0}},"id":"108e9416-c338-4023-8efd-4e20b46952eb","pointerId":"you_66901","pathSmoothing":{"enabled":true,"alpha":0.5,"tension":1,"type":0},"path":[{"x":0,"y":11.01,"cmd":"M"},{"x":1.09,"y":11.29,"cmd":"L"},{"x":8.11,"y":13.22,"cmd":"L"},{"x":19.11,"y":16.22,"cmd":"L"},{"x":30.11,"y":19.22,"cmd":"L"},{"x":42.02,"y":20.66,"cmd":"L"},{"x":51,"y":20.92,"cmd":"L"},{"x":57.02,"y":21.65,"cmd":"L"},{"x":59.01,"y":21.8,"cmd":"L"},{"x":60,"y":21.85,"cmd":"L"},{"x":61,"y":21.89,"cmd":"L"},{"x":61.46,"y":21.61,"cmd":"L"},{"x":62.04,"y":19.86,"cmd":"L"},{"x":61.45,"y":15.98,"cmd":"L"},{"x":60.84,"y":13.89,"cmd":"L"},{"x":55.71,"y":6.48,"cmd":"L"},{"x":51.99,"y":2.26,"cmd":"L"},{"x":51.56,"y":1.57,"cmd":"L"},{"x":50.75,"y":0.45,"cmd":"L"},{"x":50.25,"y":0,"cmd":"L"},{"x":50.25,"y":0,"cmd":"L"},{"x":51.66,"y":1.13,"cmd":"L"},{"x":58.23,"y":3.86,"cmd":"L"},{"x":62.44,"y":6.45,"cmd":"L"},{"x":67.29,"y":8.73,"cmd":"L"},{"x":68.75,"y":10.03,"cmd":"L"},{"x":69.79,"y":10.98,"cmd":"L"},{"x":71.83,"y":12.94,"cmd":"L"},{"x":72.59,"y":14.36,"cmd":"L"},{"x":73.98,"y":18.19,"cmd":"L"},{"x":74.38,"y":20.08,"cmd":"L"},{"x":74.16,"y":24.02,"cmd":"L"},{"x":71.71,"y":27.55,"cmd":"L"},{"x":68.17,"y":30.94,"cmd":"L"},{"x":64.5,"y":33.36,"cmd":"L"},{"x":60.62,"y":35.54,"cmd":"L"},{"x":56.81,"y":36.96,"cmd":"L"},{"x":55.64,"y":37.59,"cmd":"L"},{"x":54.79,"y":37.92,"cmd":"L"}],"parentId":"Top","idx":31},{"type":"pencil","iteration":1,"blend":"normal","seed":1732681077,"exportable":true,"findable":true,"fill":{"method":"fill","blend":"normal","enabled":false,"opacity":0,"type":"color","color":"black"},"filter":{"enabled":true,"opened":true,"stack":[]},"stroke":{"method":"stroke","blend":"normal","enabled":true,"opacity":1,"type":"color","color":"#000000","alignment":0.5,"lineCap":"round","lineDash":"none","lineDashOffset":0,"lineJoin":"miter","lineWidth":4.9,"lineWidthVariance":0,"miterLimit":4,"gradient":{"type":"linearGradient","noise":0,"spreadMethod":"pad","stops":[{"color":"#e43a15","offset":0},{"color":"#e65245","offset":1}],"x1":0,"y1":0.5,"x2":1,"y2":0.5}},"bbox":{"x":758.1421054502472,"y":493.0714106434153,"width":152.8578945497528,"height":41.731704718035246,"rotation":0,"scale":{"x":1,"y":1},"skew":{"x":0,"y":0},"anchor":{"x":0,"y":0}},"id":"5920d68a-1b3e-4342-8f30-5de1d3e61224","pointerId":"you_66905","pathSmoothing":{"enabled":true,"alpha":0.5,"tension":1,"type":0},"path":[{"x":146.86,"y":15.93,"cmd":"M"},{"x":146.86,"y":15.93,"cmd":"L"},{"x":144.86,"y":15.93,"cmd":"L"},{"x":139.86,"y":15.93,"cmd":"L"},{"x":125.81,"y":18.41,"cmd":"L"},{"x":100.82,"y":22.45,"cmd":"L"},{"x":83.84,"y":24.56,"cmd":"L"},{"x":64.86,"y":24.88,"cmd":"L"},{"x":48.86,"y":24.92,"cmd":"L"},{"x":21.86,"y":24.93,"cmd":"L"},{"x":19.86,"y":24.93,"cmd":"L"},{"x":17.86,"y":24.93,"cmd":"L"},{"x":16.97,"y":22.71,"cmd":"L"},{"x":16.92,"y":19.93,"cmd":"L"},{"x":20.63,"y":11.67,"cmd":"L"},{"x":22.17,"y":9.41,"cmd":"L"},{"x":25.5,"y":6.78,"cmd":"L"},{"x":28.64,"y":3.94,"cmd":"L"},{"x":33.24,"y":1.39,"cmd":"L"},{"x":34.69,"y":0,"cmd":"L"},{"x":34.69,"y":0,"cmd":"L"},{"x":29.1,"y":4.94,"cmd":"L"},{"x":20.41,"y":10.35,"cmd":"L"},{"x":16.32,"y":13.21,"cmd":"L"},{"x":5.46,"y":19.44,"cmd":"L"},{"x":0.44,"y":22.4,"cmd":"L"},{"x":0,"y":22.83,"cmd":"L"},{"x":9.19,"y":27.56,"cmd":"L"},{"x":18.91,"y":29.38,"cmd":"L"},{"x":25.95,"y":31.18,"cmd":"L"},{"x":36.88,"y":32.55,"cmd":"L"},{"x":47.94,"y":35.22,"cmd":"L"},{"x":49.11,"y":35.73,"cmd":"L"}],"parentId":"Top","idx":32},{"type":"pencil","iteration":1,"blend":"normal","seed":873839528,"exportable":true,"findable":true,"fill":{"method":"fill","blend":"normal","enabled":false,"opacity":0,"type":"color","color":"black"},"filter":{"enabled":true,"opened":true,"stack":[]},"stroke":{"method":"stroke","blend":"normal","enabled":true,"opacity":1,"type":"color","color":"#000000","alignment":0.5,"lineCap":"round","lineDash":"none","lineDashOffset":0,"lineJoin":"miter","lineWidth":4.9,"lineWidthVariance":0,"miterLimit":4,"gradient":{"type":"linearGradient","noise":0,"spreadMethod":"pad","stops":[{"color":"#e43a15","offset":0},{"color":"#e65245","offset":1}],"x1":0,"y1":0.5,"x2":1,"y2":0.5}},"bbox":{"x":45,"y":374.6420672822301,"width":132.46129614644056,"height":52.39085619726433,"rotation":0,"scale":{"x":1,"y":1},"skew":{"x":0,"y":0},"anchor":{"x":0,"y":0}},"id":"d3e922ce-c872-4588-9dc0-5b44fd4203e9","pointerId":"you_66906","pathSmoothing":{"enabled":true,"alpha":0.5,"tension":1,"type":0},"path":[{"x":0,"y":29.36,"cmd":"M"},{"x":0,"y":29.36,"cmd":"L"},{"x":3.04,"y":28.85,"cmd":"L"},{"x":8.05,"y":27.91,"cmd":"L"},{"x":15,"y":27.52,"cmd":"L"},{"x":24.01,"y":26.65,"cmd":"L"},{"x":27,"y":26.5,"cmd":"L"},{"x":34,"y":26.4,"cmd":"L"},{"x":38.03,"y":25.8,"cmd":"L"},{"x":40.01,"y":25.62,"cmd":"L"},{"x":46.09,"y":24.09,"cmd":"L"},{"x":50.02,"y":23.67,"cmd":"L"},{"x":52.1,"y":23.12,"cmd":"L"},{"x":55.02,"y":22.74,"cmd":"L"},{"x":59.16,"y":21.33,"cmd":"L"},{"x":63.12,"y":20.19,"cmd":"L"},{"x":67.02,"y":19.72,"cmd":"L"},{"x":69.01,"y":19.57,"cmd":"L"},{"x":72,"y":19.47,"cmd":"L"},{"x":75,"y":19.41,"cmd":"L"},{"x":78,"y":19.38,"cmd":"L"},{"x":81,"y":19.37,"cmd":"L"},{"x":84,"y":19.36,"cmd":"L"},{"x":91,"y":19.36,"cmd":"L"},{"x":95,"y":19.36,"cmd":"L"},{"x":99,"y":19.36,"cmd":"L"},{"x":102.04,"y":18.85,"cmd":"L"},{"x":103.02,"y":18.73,"cmd":"L"},{"x":104.01,"y":18.64,"cmd":"L"},{"x":105.14,"y":18.27,"cmd":"L"},{"x":106.08,"y":18.05,"cmd":"L"},{"x":107.25,"y":17.55,"cmd":"L"},{"x":107.65,"y":17.23,"cmd":"L"},{"x":108.44,"y":15.92,"cmd":"L"},{"x":107.75,"y":13.26,"cmd":"L"},{"x":104.09,"y":9.51,"cmd":"L"},{"x":101.55,"y":7.94,"cmd":"L"},{"x":95.64,"y":4.77,"cmd":"L"},{"x":87.86,"y":2.27,"cmd":"L"},{"x":83.89,"y":1.17,"cmd":"L"},{"x":80.87,"y":0.24,"cmd":"L"},{"x":79.93,"y":0.02,"cmd":"L"},{"x":80.97,"y":1.15,"cmd":"L"},{"x":91.64,"y":9.51,"cmd":"L"},{"x":102.33,"y":14.99,"cmd":"L"},{"x":113.28,"y":20.09,"cmd":"L"},{"x":119.31,"y":23.04,"cmd":"L"},{"x":123.17,"y":24.38,"cmd":"L"},{"x":126.33,"y":25.99,"cmd":"L"},{"x":126.23,"y":27.37,"cmd":"L"},{"x":121.01,"y":33.13,"cmd":"L"},{"x":116.24,"y":37.37,"cmd":"L"},{"x":108.59,"y":41.84,"cmd":"L"},{"x":105.9,"y":42.57,"cmd":"L"},{"x":100.57,"y":45.8,"cmd":"L"},{"x":98.84,"y":46.39,"cmd":"L"}],"parentId":"Top","idx":33},{"type":"pencil","iteration":1,"blend":"normal","seed":1311998900,"exportable":true,"findable":true,"fill":{"method":"fill","blend":"normal","enabled":false,"opacity":0,"type":"color","color":"black"},"filter":{"enabled":true,"opened":true,"stack":[]},"stroke":{"method":"stroke","blend":"normal","enabled":true,"opacity":1,"type":"color","color":"#000000","alignment":0.5,"lineCap":"round","lineDash":"none","lineDashOffset":0,"lineJoin":"miter","lineWidth":4.9,"lineWidthVariance":0,"miterLimit":4,"gradient":{"type":"linearGradient","noise":0,"spreadMethod":"pad","stops":[{"color":"#e43a15","offset":0},{"color":"#e65245","offset":1}],"x1":0,"y1":0.5,"x2":1,"y2":0.5}},"bbox":{"x":17.987452805265082,"y":389.0010209961484,"width":143.0125471947349,"height":27.993636745553147,"rotation":0,"scale":{"x":1,"y":1},"skew":{"x":0,"y":0},"anchor":{"x":0,"y":0}},"id":"e6a4c9d2-546f-4a46-9097-91cdd69a4c6e","pointerId":"you_66907","pathSmoothing":{"enabled":true,"alpha":0.5,"tension":1,"type":0},"path":[{"x":137.01,"y":13,"cmd":"M"},{"x":135.92,"y":12.73,"cmd":"L"},{"x":132,"y":12.31,"cmd":"L"},{"x":125.98,"y":11.43,"cmd":"L"},{"x":115.01,"y":11.09,"cmd":"L"},{"x":93.01,"y":10.13,"cmd":"L"},{"x":75.01,"y":10.02,"cmd":"L"},{"x":57.01,"y":9.14,"cmd":"L"},{"x":40.01,"y":9.02,"cmd":"L"},{"x":26.01,"y":9,"cmd":"L"},{"x":16.01,"y":9,"cmd":"L"},{"x":6.01,"y":9,"cmd":"L"},{"x":2.01,"y":9,"cmd":"L"},{"x":0.01,"y":9,"cmd":"L"},{"x":0.06,"y":8.85,"cmd":"L"},{"x":6.26,"y":6.18,"cmd":"L"},{"x":23.03,"y":4.33,"cmd":"L"},{"x":41.05,"y":1.47,"cmd":"L"},{"x":57.01,"y":1.07,"cmd":"L"},{"x":73.02,"y":0.17,"cmd":"L"},{"x":90.01,"y":0.02,"cmd":"L"},{"x":101.01,"y":0,"cmd":"L"},{"x":110.01,"y":0,"cmd":"L"},{"x":111.01,"y":0,"cmd":"L"},{"x":111.01,"y":0,"cmd":"L"},{"x":107.32,"y":3.08,"cmd":"L"},{"x":102.8,"y":4.89,"cmd":"L"},{"x":86.91,"y":9.21,"cmd":"L"},{"x":71.98,"y":11.54,"cmd":"L"},{"x":58,"y":12.74,"cmd":"L"},{"x":48.96,"y":14.44,"cmd":"L"},{"x":47.98,"y":14.58,"cmd":"L"},{"x":50.03,"y":14.34,"cmd":"L"},{"x":57.04,"y":13.4,"cmd":"L"},{"x":82.02,"y":12.15,"cmd":"L"},{"x":92.01,"y":12.03,"cmd":"L"},{"x":110.02,"y":11.15,"cmd":"L"},{"x":122.01,"y":11.03,"cmd":"L"},{"x":133.01,"y":11.01,"cmd":"L"},{"x":134.01,"y":11,"cmd":"L"},{"x":134.17,"y":11.05,"cmd":"L"},{"x":131.62,"y":12.51,"cmd":"L"},{"x":111.93,"y":17.29,"cmd":"L"},{"x":88.98,"y":20.57,"cmd":"L"},{"x":68.01,"y":21.82,"cmd":"L"},{"x":56.01,"y":21.96,"cmd":"L"},{"x":44.01,"y":21.99,"cmd":"L"},{"x":43.01,"y":21.99,"cmd":"L"},{"x":43.01,"y":21.99,"cmd":"L"},{"x":56.06,"y":19.55,"cmd":"L"},{"x":74.05,"y":16.5,"cmd":"L"},{"x":82.09,"y":14.67,"cmd":"L"},{"x":99.04,"y":12.4,"cmd":"L"},{"x":110.01,"y":12.08,"cmd":"L"},{"x":118.01,"y":12.02,"cmd":"L"},{"x":112.01,"y":12.01,"cmd":"L"},{"x":99.01,"y":12,"cmd":"L"},{"x":81.01,"y":12,"cmd":"L"},{"x":65.01,"y":12.84,"cmd":"L"},{"x":52,"y":13.78,"cmd":"L"},{"x":45.99,"y":14.6,"cmd":"L"},{"x":45.99,"y":14.6,"cmd":"L"},{"x":54.02,"y":14.16,"cmd":"L"},{"x":79.03,"y":11.34,"cmd":"L"},{"x":96.03,"y":9.35,"cmd":"L"},{"x":108.01,"y":9.07,"cmd":"L"},{"x":114.01,"y":9.02,"cmd":"L"},{"x":115.01,"y":9.02,"cmd":"L"},{"x":115.01,"y":9.02,"cmd":"L"},{"x":108,"y":9.71,"cmd":"L"},{"x":80,"y":12.68,"cmd":"L"},{"x":71.99,"y":13.64,"cmd":"L"},{"x":53.99,"y":15.66,"cmd":"L"},{"x":42.01,"y":15.93,"cmd":"L"},{"x":38.01,"y":15.97,"cmd":"L"},{"x":38.01,"y":15.97,"cmd":"L"},{"x":45.14,"y":13.85,"cmd":"L"}],"parentId":"Top","idx":34},{"type":"pencil","iteration":1,"blend":"normal","seed":1590770589,"exportable":true,"findable":true,"fill":{"method":"fill","blend":"normal","enabled":false,"opacity":0,"type":"color","color":"black"},"filter":{"enabled":true,"opened":true,"stack":[]},"stroke":{"method":"stroke","blend":"normal","enabled":true,"opacity":1,"type":"color","color":"#000000","alignment":0.5,"lineCap":"round","lineDash":"none","lineDashOffset":0,"lineJoin":"miter","lineWidth":4.9,"lineWidthVariance":0,"miterLimit":4,"gradient":{"type":"linearGradient","noise":0,"spreadMethod":"pad","stops":[{"color":"#e43a15","offset":0},{"color":"#e65245","offset":1}],"x1":0,"y1":0.5,"x2":1,"y2":0.5}},"bbox":{"x":155.9908861527351,"y":400.61735522036287,"width":9.0091138472649,"height":17.63223762217956,"rotation":0,"scale":{"x":1,"y":1},"skew":{"x":0,"y":0},"anchor":{"x":0,"y":0}},"id":"55084183-6649-4477-a32d-16f80f2c559e","pointerId":"you_66908","pathSmoothing":{"enabled":true,"alpha":0.5,"tension":1,"type":0},"path":[{"x":3.01,"y":6.38,"cmd":"M"},{"x":3.01,"y":6.38,"cmd":"L"},{"x":2.96,"y":6.23,"cmd":"L"},{"x":1.96,"y":3.23,"cmd":"L"},{"x":1.13,"y":1.17,"cmd":"L"},{"x":0.48,"y":0,"cmd":"L"},{"x":0.48,"y":0,"cmd":"L"},{"x":0.2,"y":0.63,"cmd":"L"},{"x":0.08,"y":5.38,"cmd":"L"},{"x":0.04,"y":9.38,"cmd":"L"},{"x":0.3,"y":10.47,"cmd":"L"},{"x":0.81,"y":11.63,"cmd":"L"}],"parentId":"Top","idx":35},{"type":"pencil","iteration":1,"blend":"normal","seed":75806651,"exportable":true,"findable":true,"fill":{"method":"fill","blend":"normal","enabled":false,"opacity":0,"type":"color","color":"black"},"filter":{"enabled":true,"opened":true,"stack":[]},"stroke":{"method":"stroke","blend":"normal","enabled":true,"opacity":1,"type":"color","color":"#000000","alignment":0.5,"lineCap":"round","lineDash":"none","lineDashOffset":0,"lineJoin":"miter","lineWidth":4.9,"lineWidthVariance":0,"miterLimit":4,"gradient":{"type":"linearGradient","noise":0,"spreadMethod":"pad","stops":[{"color":"#e43a15","offset":0},{"color":"#e65245","offset":1}],"x1":0,"y1":0.5,"x2":1,"y2":0.5}},"bbox":{"x":192,"y":410.99273640903266,"width":214.00000000518327,"height":10.047917096530796,"rotation":0,"scale":{"x":1,"y":1},"skew":{"x":0,"y":0},"anchor":{"x":0,"y":0}},"id":"ad926f89-7ab9-4bed-aea5-ffb685a47c72","pointerId":"you_66909","pathSmoothing":{"enabled":true,"alpha":0.5,"tension":1,"type":0},"path":[{"x":0,"y":4.01,"cmd":"M"},{"x":0,"y":4.01,"cmd":"L"},{"x":6,"y":4.01,"cmd":"L"},{"x":17,"y":4.01,"cmd":"L"},{"x":37,"y":3.14,"cmd":"L"},{"x":56,"y":3.03,"cmd":"L"},{"x":83.01,"y":1.21,"cmd":"L"},{"x":109,"y":1.03,"cmd":"L"},{"x":128,"y":1.01,"cmd":"L"},{"x":153,"y":0.11,"cmd":"L"},{"x":184,"y":0.02,"cmd":"L"},{"x":198,"y":0.01,"cmd":"L"},{"x":201,"y":0.01,"cmd":"L"},{"x":206,"y":0.01,"cmd":"L"},{"x":207,"y":0.01,"cmd":"L"},{"x":208,"y":0.01,"cmd":"L"}],"parentId":"Top","idx":36},{"type":"pencil","iteration":1,"blend":"normal","seed":647556903,"exportable":true,"findable":true,"fill":{"method":"fill","blend":"normal","enabled":false,"opacity":0,"type":"color","color":"black"},"filter":{"enabled":true,"opened":true,"stack":[]},"stroke":{"method":"stroke","blend":"normal","enabled":true,"opacity":1,"type":"color","color":"#000000","alignment":0.5,"lineCap":"round","lineDash":"none","lineDashOffset":0,"lineJoin":"miter","lineWidth":4.9,"lineWidthVariance":0,"miterLimit":4,"gradient":{"type":"linearGradient","noise":0,"spreadMethod":"pad","stops":[{"color":"#e43a15","offset":0},{"color":"#e65245","offset":1}],"x1":0,"y1":0.5,"x2":1,"y2":0.5}},"bbox":{"x":214.2574957241914,"y":52,"width":49.23376009335382,"height":90.55408749731822,"rotation":0,"scale":{"x":1,"y":1},"skew":{"x":0,"y":0},"anchor":{"x":0,"y":0}},"id":"26b76b04-edd7-442f-8dab-a1b35f6e0eba","pointerId":"you_66910","pathSmoothing":{"enabled":true,"alpha":0.5,"tension":1,"type":0},"path":[{"x":15.74,"y":0,"cmd":"M"},{"x":15.74,"y":11,"cmd":"L"},{"x":15.74,"y":31,"cmd":"L"},{"x":15.74,"y":43,"cmd":"L"},{"x":15.74,"y":50,"cmd":"L"},{"x":15.74,"y":59,"cmd":"L"},{"x":15.74,"y":65,"cmd":"L"},{"x":15.74,"y":72,"cmd":"L"},{"x":15.74,"y":75,"cmd":"L"},{"x":15.74,"y":76,"cmd":"L"},{"x":15.74,"y":77,"cmd":"L"},{"x":15.74,"y":77,"cmd":"L"},{"x":13.31,"y":75.54,"cmd":"L"},{"x":9.69,"y":71.28,"cmd":"L"},{"x":5.14,"y":62.65,"cmd":"L"},{"x":1.33,"y":56.55,"cmd":"L"},{"x":0.51,"y":55.42,"cmd":"L"},{"x":0,"y":54.98,"cmd":"L"},{"x":0,"y":54.98,"cmd":"L"},{"x":1.65,"y":59.21,"cmd":"L"},{"x":4.59,"y":66.23,"cmd":"L"},{"x":9.35,"y":75.34,"cmd":"L"},{"x":10.57,"y":78.24,"cmd":"L"},{"x":11.94,"y":83.11,"cmd":"L"},{"x":12.15,"y":83.46,"cmd":"L"},{"x":14.12,"y":84.55,"cmd":"L"},{"x":18.61,"y":80.11,"cmd":"L"},{"x":21.62,"y":77.12,"cmd":"L"},{"x":31.94,"y":63.4,"cmd":"L"},{"x":36.71,"y":58.21,"cmd":"L"},{"x":40.65,"y":54.15,"cmd":"L"},{"x":42.09,"y":53.4,"cmd":"L"},{"x":43.23,"y":52.65,"cmd":"L"}],"parentId":"Top","idx":37},{"type":"pencil","iteration":1,"blend":"normal","seed":1624885821,"exportable":true,"findable":true,"fill":{"method":"fill","blend":"normal","enabled":false,"opacity":0,"type":"color","color":"black"},"filter":{"enabled":true,"opened":true,"stack":[]},"stroke":{"method":"stroke","blend":"normal","enabled":true,"opacity":1,"type":"color","color":"#000000","alignment":0.5,"lineCap":"round","lineDash":"none","lineDashOffset":0,"lineJoin":"miter","lineWidth":4.9,"lineWidthVariance":0,"miterLimit":4,"gradient":{"type":"linearGradient","noise":0,"spreadMethod":"pad","stops":[{"color":"#e43a15","offset":0},{"color":"#e65245","offset":1}],"x1":0,"y1":0.5,"x2":1,"y2":0.5}},"bbox":{"x":411.69602362001956,"y":115,"width":42.525579464161694,"height":117.30159365070523,"rotation":0,"scale":{"x":1,"y":1},"skew":{"x":0,"y":0},"anchor":{"x":0,"y":0}},"id":"07ac2a0b-033b-4bc3-b870-9cc547bbb941","pointerId":"you_66911","pathSmoothing":{"enabled":true,"alpha":0.5,"tension":1,"type":0},"path":[{"x":16.3,"y":0,"cmd":"M"},{"x":16.3,"y":0,"cmd":"L"},{"x":18.78,"y":14.05,"cmd":"L"},{"x":19.18,"y":24,"cmd":"L"},{"x":19.28,"y":39,"cmd":"L"},{"x":19.3,"y":57,"cmd":"L"},{"x":19.3,"y":64,"cmd":"L"},{"x":16.89,"y":76.06,"cmd":"L"},{"x":15.73,"y":84.03,"cmd":"L"},{"x":14.09,"y":90.1,"cmd":"L"},{"x":12.12,"y":97.11,"cmd":"L"},{"x":11.8,"y":99.04,"cmd":"L"},{"x":11.67,"y":100.02,"cmd":"L"},{"x":11.67,"y":100.02,"cmd":"L"},{"x":11.54,"y":99.73,"cmd":"L"},{"x":8.25,"y":89.85,"cmd":"L"},{"x":5.33,"y":81.82,"cmd":"L"},{"x":2.99,"y":71.92,"cmd":"L"},{"x":1.27,"y":66.84,"cmd":"L"},{"x":0.43,"y":64.78,"cmd":"L"},{"x":0.16,"y":63.87,"cmd":"L"},{"x":0.1,"y":64.11,"cmd":"L"},{"x":0.25,"y":73,"cmd":"L"},{"x":2.66,"y":84.07,"cmd":"L"},{"x":6.36,"y":95.15,"cmd":"L"},{"x":6.89,"y":99.03,"cmd":"L"},{"x":8.66,"y":107.07,"cmd":"L"},{"x":9.35,"y":109.15,"cmd":"L"},{"x":9.95,"y":110.32,"cmd":"L"},{"x":10.27,"y":111.19,"cmd":"L"},{"x":11.31,"y":111.14,"cmd":"L"},{"x":14.73,"y":105.56,"cmd":"L"},{"x":17.59,"y":101.46,"cmd":"L"},{"x":21.07,"y":93.73,"cmd":"L"},{"x":28.98,"y":77.69,"cmd":"L"},{"x":33.78,"y":69.58,"cmd":"L"},{"x":35.7,"y":66.54,"cmd":"L"},{"x":36.53,"y":65.42,"cmd":"L"}],"parentId":"Top","idx":38},{"type":"pencil","iteration":1,"blend":"normal","seed":615436925,"exportable":true,"findable":true,"fill":{"method":"fill","blend":"normal","enabled":false,"opacity":0,"type":"color","color":"black"},"filter":{"enabled":true,"opened":true,"stack":[]},"stroke":{"method":"stroke","blend":"normal","enabled":true,"opacity":1,"type":"color","color":"#000000","alignment":0.5,"lineCap":"round","lineDash":"none","lineDashOffset":0,"lineJoin":"miter","lineWidth":4.9,"lineWidthVariance":0,"miterLimit":4,"gradient":{"type":"linearGradient","noise":0,"spreadMethod":"pad","stops":[{"color":"#e43a15","offset":0},{"color":"#e65245","offset":1}],"x1":0,"y1":0.5,"x2":1,"y2":0.5}},"bbox":{"x":576.9661790699727,"y":473,"width":28.286760165390888,"height":63.09649902288686,"rotation":0,"scale":{"x":1,"y":1},"skew":{"x":0,"y":0},"anchor":{"x":0,"y":0}},"id":"c9a0d3c7-fed4-42bb-9ed3-38c72b94a6b5","pointerId":"you_66912","pathSmoothing":{"enabled":true,"alpha":0.5,"tension":1,"type":0},"path":[{"x":0.03,"y":0,"cmd":"M"},{"x":0.03,"y":2,"cmd":"L"},{"x":0.03,"y":6,"cmd":"L"},{"x":0.03,"y":9,"cmd":"L"},{"x":0.03,"y":11,"cmd":"L"},{"x":0.03,"y":14,"cmd":"L"},{"x":0.03,"y":18,"cmd":"L"},{"x":0.03,"y":23,"cmd":"L"},{"x":0.03,"y":26,"cmd":"L"},{"x":0.61,"y":30.03,"cmd":"L"},{"x":0.92,"y":38,"cmd":"L"},{"x":1.56,"y":42.04,"cmd":"L"},{"x":1.83,"y":46.01,"cmd":"L"},{"x":1.93,"y":49,"cmd":"L"},{"x":1.97,"y":51,"cmd":"L"},{"x":1.99,"y":52,"cmd":"L"},{"x":2.27,"y":53.1,"cmd":"L"},{"x":2.46,"y":54.06,"cmd":"L"},{"x":2.6,"y":55.03,"cmd":"L"},{"x":2.73,"y":55.3,"cmd":"L"},{"x":3.04,"y":56.17,"cmd":"L"},{"x":3.28,"y":57.1,"cmd":"L"},{"x":3.28,"y":57.1,"cmd":"L"},{"x":3.28,"y":57.1,"cmd":"L"},{"x":3.28,"y":57.1,"cmd":"L"},{"x":3.65,"y":56.82,"cmd":"L"},{"x":5.04,"y":55.24,"cmd":"L"},{"x":7.22,"y":52.39,"cmd":"L"},{"x":9.66,"y":47.67,"cmd":"L"},{"x":12.39,"y":43.51,"cmd":"L"},{"x":14.88,"y":41.09,"cmd":"L"},{"x":15.89,"y":40.1,"cmd":"L"},{"x":16.33,"y":39.47,"cmd":"L"},{"x":17.19,"y":38.36,"cmd":"L"},{"x":18.4,"y":36.51,"cmd":"L"},{"x":20.15,"y":34.34,"cmd":"L"},{"x":21.37,"y":32.5,"cmd":"L"},{"x":21.85,"y":32.05,"cmd":"L"},{"x":22.29,"y":31.44,"cmd":"L"}],"parentId":"Top","idx":39},{"type":"pencil","iteration":1,"blend":"normal","seed":1022425594,"exportable":true,"findable":true,"fill":{"method":"fill","blend":"normal","enabled":false,"opacity":0,"type":"color","color":"black"},"filter":{"enabled":true,"opened":true,"stack":[]},"stroke":{"method":"stroke","blend":"normal","enabled":true,"opacity":1,"type":"color","color":"#000000","alignment":0.5,"lineCap":"round","lineDash":"none","lineDashOffset":0,"lineJoin":"miter","lineWidth":4.9,"lineWidthVariance":0,"miterLimit":4,"gradient":{"type":"linearGradient","noise":0,"spreadMethod":"pad","stops":[{"color":"#e43a15","offset":0},{"color":"#e65245","offset":1}],"x1":0,"y1":0.5,"x2":1,"y2":0.5}},"bbox":{"x":575,"y":467,"width":34.769238189286284,"height":35.99408331582259,"rotation":0,"scale":{"x":1,"y":1},"skew":{"x":0,"y":0},"anchor":{"x":0,"y":0}},"id":"0c0144b5-ae86-4fc5-863f-42eeb9646852","pointerId":"you_66913","pathSmoothing":{"enabled":true,"alpha":0.5,"tension":1,"type":0},"path":[{"x":0,"y":0,"cmd":"M"},{"x":0,"y":0,"cmd":"L"},{"x":2.34,"y":3.5,"cmd":"L"},{"x":4.34,"y":6.5,"cmd":"L"},{"x":7.85,"y":9.91,"cmd":"L"},{"x":10.1,"y":12.68,"cmd":"L"},{"x":11.72,"y":14.05,"cmd":"L"},{"x":15.82,"y":17.94,"cmd":"L"},{"x":18.09,"y":20.69,"cmd":"L"},{"x":20.51,"y":22.32,"cmd":"L"},{"x":22.21,"y":24.59,"cmd":"L"},{"x":24.32,"y":25.65,"cmd":"L"},{"x":25.47,"y":26.39,"cmd":"L"},{"x":25.91,"y":26.85,"cmd":"L"},{"x":26.34,"y":27.5,"cmd":"L"},{"x":27.83,"y":28.92,"cmd":"L"},{"x":28.27,"y":29.55,"cmd":"L"},{"x":28.77,"y":29.99,"cmd":"L"}],"parentId":"Top","idx":40},{"type":"pencil","iteration":1,"blend":"normal","seed":619502898,"exportable":true,"findable":true,"fill":{"method":"fill","blend":"normal","enabled":false,"opacity":0,"type":"color","color":"black"},"filter":{"enabled":true,"opened":true,"stack":[]},"stroke":{"method":"stroke","blend":"normal","enabled":true,"opacity":1,"type":"color","color":"#000000","alignment":0.5,"lineCap":"round","lineDash":"none","lineDashOffset":0,"lineJoin":"miter","lineWidth":4.9,"lineWidthVariance":0,"miterLimit":4,"gradient":{"type":"linearGradient","noise":0,"spreadMethod":"pad","stops":[{"color":"#e43a15","offset":0},{"color":"#e65245","offset":1}],"x1":0,"y1":0.5,"x2":1,"y2":0.5}},"bbox":{"x":238,"y":516.6243353153416,"width":12.06568484752961,"height":7.375664684658432,"rotation":0,"scale":{"x":1,"y":1},"skew":{"x":0,"y":0},"anchor":{"x":0,"y":0}},"id":"99056b7f-7712-4c3c-8535-42cb6e98a2f7","pointerId":"you_66914","pathSmoothing":{"enabled":true,"alpha":0.5,"tension":1,"type":0},"path":[{"x":0,"y":1.38,"cmd":"M"},{"x":0,"y":1.38,"cmd":"L"},{"x":0,"y":1.38,"cmd":"L"},{"x":2.06,"y":0.96,"cmd":"L"},{"x":3.03,"y":0.82,"cmd":"L"},{"x":4.18,"y":0.4,"cmd":"L"},{"x":6.07,"y":0,"cmd":"L"}],"parentId":"Top","idx":41},{"type":"pencil","iteration":1,"blend":"normal","seed":1171798963,"exportable":true,"findable":true,"fill":{"method":"fill","blend":"normal","enabled":false,"opacity":0,"type":"color","color":"black"},"filter":{"enabled":true,"opened":true,"stack":[]},"stroke":{"method":"stroke","blend":"normal","enabled":true,"opacity":1,"type":"color","color":"#000000","alignment":0.5,"lineCap":"round","lineDash":"none","lineDashOffset":0,"lineJoin":"miter","lineWidth":4.9,"lineWidthVariance":0,"miterLimit":4,"gradient":{"type":"linearGradient","noise":0,"spreadMethod":"pad","stops":[{"color":"#e43a15","offset":0},{"color":"#e65245","offset":1}],"x1":0,"y1":0.5,"x2":1,"y2":0.5}},"bbox":{"x":254,"y":506,"width":6.856289935268535,"height":14.003444074058507,"rotation":0,"scale":{"x":1,"y":1},"skew":{"x":0,"y":0},"anchor":{"x":0,"y":0}},"id":"1cde0ab8-1d32-4f7b-92a4-dc1b65a27bdc","pointerId":"you_66915","pathSmoothing":{"enabled":true,"alpha":0.5,"tension":1,"type":0},"path":[{"x":0,"y":0,"cmd":"M"},{"x":0,"y":0,"cmd":"L"},{"x":0.58,"y":4.03,"cmd":"L"},{"x":0.68,"y":5.02,"cmd":"L"},{"x":0.81,"y":7.01,"cmd":"L"},{"x":0.86,"y":8,"cmd":"L"}],"parentId":"Top","idx":42},{"type":"pencil","iteration":1,"blend":"normal","seed":1784943210,"exportable":true,"findable":true,"fill":{"method":"fill","blend":"normal","enabled":false,"opacity":0,"type":"color","color":"black"},"filter":{"enabled":true,"opened":true,"stack":[]},"stroke":{"method":"stroke","blend":"normal","enabled":true,"opacity":1,"type":"color","color":"#000000","alignment":0.5,"lineCap":"round","lineDash":"none","lineDashOffset":0,"lineJoin":"miter","lineWidth":4.9,"lineWidthVariance":0,"miterLimit":4,"gradient":{"type":"linearGradient","noise":0,"spreadMethod":"pad","stops":[{"color":"#e43a15","offset":0},{"color":"#e65245","offset":1}],"x1":0,"y1":0.5,"x2":1,"y2":0.5}},"bbox":{"x":260,"y":505,"width":9.047225037799706,"height":12.155317263488882,"rotation":0,"scale":{"x":1,"y":1},"skew":{"x":0,"y":0},"anchor":{"x":0,"y":0}},"id":"e338e293-5d1b-4f3b-9d07-fe1cc420254a","pointerId":"you_66916","pathSmoothing":{"enabled":true,"alpha":0.5,"tension":1,"type":0},"path":[{"x":0,"y":0,"cmd":"M"},{"x":0,"y":0,"cmd":"L"},{"x":0.34,"y":0.5,"cmd":"L"},{"x":1.47,"y":2.42,"cmd":"L"},{"x":1.82,"y":3.24,"cmd":"L"},{"x":2.75,"y":5.27,"cmd":"L"},{"x":3.05,"y":6.16,"cmd":"L"}],"parentId":"Top","idx":43}],"resources":[{"author":[{"bio":null,"name":"MADType","email":"http://www.madtype.com | mattdesmond@gmail.com","filename":["Abel-Regular.ttf"],"imageUrl":"https://lh3.googleusercontent.com/S9Xc2UCtPAwSf0Scny0AiwrxBDZ6mHb9zobozAg2IRMSnV0mEryRFoUiY4w","copyright":"Copyright (c) 2011, Matthew Desmond (http://www.madtype.com | mattdesmond@gmail.com), with Reserved Font Name Abel."}],"defaultVariant":"normal 400","key":"abel","preview":{"normal 400":{"url":"https://asset.paintserver.com/abel-regular.png","width":170,"height":80}},"title":"Abel","type":["font"],"value":{"normal 400":{"ttf":"https://asset.paintserver.com/93ce77a7cf019a94c2f9b2fdc04b2e7d.ttf","woff":"https://asset.paintserver.com/fddfd90105b27ee60048ec036f77398b.woff","style":"normal","woff2":"https://asset.paintserver.com/f2a14a03721b71b489f01a14e97f6489.woff2","weight":"400"}},"variants":["normal 400"],"availableStyles":{"normal":true},"availableWeights":{"400":true},"hasHeavyVariant":false,"hasItalicVariant":false,"hasLightVariant":true,"selected":true}]}