{"version":"2021.4.25.11","config":{"name":"Drawing-2.sketchpad","surface":{"method":"fill","blend":"normal","enabled":true,"opacity":1,"type":"color","color":"#ffffff"},"clipPath":{"enabled":true,"style":{"strokeStyle":"black","lineWidth":1}},"description":"Made with Sketchpad","metadata":{},"exportDPI":72,"exportFormat":"png","exportQuality":0.95,"units":"px","width":1536,"height":731,"pages":[{"width":1536,"height":731}],"uuid":"fb282744-6e7e-4ce1-b7f2-5b58348f3980"},"layers":[{"type":"fancyText","content":"what are the beans ? ","fitText":true,"fontFamily":"abel","fontSize":47,"fontStyle":"normal","fontVariant":"normal","fontWeight":400,"letterSpacing":0.09,"lineHeight":0.98,"searchTerm":"","textAlign":"center","textDecoration":"none","textTransform":"none","whiteSpace":"pre-wrap","wordSpacing":0.17,"blend":"normal","exportable":true,"findable":true,"fill":{"method":"fill","blend":"normal","enabled":true,"opacity":1,"type":"color","color":"#000000"},"filter":{"enabled":true,"opened":true,"stack":[]},"stroke":{"method":"stroke","blend":"normal","enabled":true,"opacity":1,"type":"gradient","gradient":{"type":"linearGradient","noise":0,"spreadMethod":"pad","stops":[{"color":"#e43a15","offset":0},{"color":"#e65245","offset":1}],"x1":0.5,"y1":1,"x2":0.5,"y2":0},"alignment":0.5,"lineCap":"round","lineDash":"none","lineDashOffset":0,"lineJoin":"miter","lineWidth":1.5,"lineWidthVariance":0,"miterLimit":4,"color":"black"},"bbox":{"x":508,"y":115.79960226239827,"width":495.3333333333333,"height":100,"rotation":0,"scale":{"x":1,"y":1},"skew":{"x":0,"y":0},"anchor":{"x":0,"y":0}},"id":"24084474-fb34-486d-bd8d-622778305455","seed":1249048115,"pointerId":"you_66227","parentId":"Top","idx":0},{"type":"fancyText","content":"what are the dependency of the bean?","fitText":true,"fontFamily":"abel","fontSize":50,"fontStyle":"normal","fontVariant":"normal","fontWeight":400,"letterSpacing":0.09,"lineHeight":0.98,"searchTerm":"","textAlign":"center","textDecoration":"none","textTransform":"none","whiteSpace":"pre-wrap","wordSpacing":0.17,"blend":"normal","exportable":true,"findable":true,"fill":{"method":"fill","blend":"normal","enabled":true,"opacity":1,"type":"color","color":"#000000"},"filter":{"enabled":true,"opened":true,"stack":[]},"stroke":{"method":"stroke","blend":"normal","enabled":true,"opacity":1,"type":"gradient","gradient":{"type":"linearGradient","noise":0,"spreadMethod":"pad","stops":[{"color":"#e43a15","offset":0},{"color":"#e65245","offset":1}],"x1":0.5,"y1":1,"x2":0.5,"y2":0},"alignment":0.5,"lineCap":"round","lineDash":"none","lineDashOffset":0,"lineJoin":"miter","lineWidth":1.5,"lineWidthVariance":0,"miterLimit":4,"color":"black"},"bbox":{"x":318.7999877929691,"y":177.79998779296892,"width":943.6230257480394,"height":100,"rotation":0.00001899742358268952,"scale":{"x":1,"y":1},"skew":{"x":0,"y":0},"anchor":{"x":0,"y":0}},"id":"ee16fda4-285d-41d5-bcbf-7cede201457a","seed":1179252321,"pointerId":"you_66272","parentId":"Top","idx":1},{"type":"fancyText","content":"where to search for the bean?","fitText":true,"fontFamily":"abel","fontSize":57,"fontStyle":"normal","fontVariant":"normal","fontWeight":400,"letterSpacing":0.09,"lineHeight":0.98,"searchTerm":"","textAlign":"center","textDecoration":"none","textTransform":"none","whiteSpace":"pre-wrap","wordSpacing":0.17,"blend":"normal","exportable":true,"findable":true,"fill":{"method":"fill","blend":"normal","enabled":true,"opacity":1,"type":"color","color":"#000000"},"filter":{"enabled":true,"opened":true,"stack":[]},"stroke":{"method":"stroke","blend":"normal","enabled":true,"opacity":1,"type":"gradient","gradient":{"type":"linearGradient","noise":0,"spreadMethod":"pad","stops":[{"color":"#e43a15","offset":0},{"color":"#e65245","offset":1}],"x1":0.5,"y1":1,"x2":0.5,"y2":0},"alignment":0.5,"lineCap":"round","lineDash":"none","lineDashOffset":0,"lineJoin":"miter","lineWidth":1.5,"lineWidthVariance":0,"miterLimit":4,"color":"black"},"bbox":{"x":371,"y":242.19959615888263,"width":870.2226671743649,"height":100,"rotation":0,"scale":{"x":1,"y":1},"skew":{"x":0,"y":0},"anchor":{"x":0,"y":0}},"id":"49dc3aec-8c1b-41df-b74a-abc013c40f25","seed":1590989392,"pointerId":"you_66297","parentId":"Top","idx":2},{"type":"pen","iteration":1348,"pathSpacing":{"clamp":{"min":5},"compatOverlapSegments":false,"enabled":true,"type":1},"blend":"normal","seed":225819915,"exportable":true,"findable":true,"fill":{"method":"fill","blend":"normal","enabled":false,"opacity":0,"type":"color","color":"black"},"filter":{"enabled":true,"opened":true,"stack":[]},"stroke":{"method":"stroke","blend":"normal","enabled":true,"opacity":1,"type":"color","color":"#000000","alignment":0.5,"lineCap":"round","lineDash":"none","lineDashOffset":0,"lineJoin":"miter","lineWidth":5.005,"lineWidthVariance":4.995,"miterLimit":4,"gradient":{"type":"linearGradient","noise":0,"spreadMethod":"pad","stops":[{"color":"#e43a15","offset":0},{"color":"#e65245","offset":1}],"x1":0,"y1":0.5,"x2":1,"y2":0.5}},"bbox":{"x":664.0549034,"y":368.0044033,"width":77.82498103060094,"height":64.96969041175993,"rotation":0,"scale":{"x":1,"y":1},"skew":{"x":0,"y":0},"anchor":{"x":0,"y":0}},"id":"44aaa818-6b4c-43d3-93df-0889e2c89b29","pointerId":"you_66312","path":[{"x":57.95,"y":3.99,"cmd":"M"},{"x":57.95,"y":3.99,"cmd":"L"},{"x":57.95,"y":3.99,"cmd":"L"},{"x":56.63,"y":3.34,"cmd":"L"},{"x":55.48,"y":2.6,"cmd":"L"},{"x":52.66,"y":1.27,"cmd":"L"},{"x":50.84,"y":0.78,"cmd":"L"},{"x":47.92,"y":0.39,"cmd":"L"},{"x":43.94,"y":0.16,"cmd":"L"},{"x":39.94,"y":0.07,"cmd":"L"},{"x":31.95,"y":0.01,"cmd":"L"},{"x":25.95,"y":0,"cmd":"L"},{"x":19.87,"y":1.35,"cmd":"L"},{"x":14.79,"y":3.04,"cmd":"L"},{"x":10.83,"y":4.17,"cmd":"L"},{"x":7.65,"y":5.7,"cmd":"L"},{"x":4.54,"y":7.49,"cmd":"L"},{"x":3.41,"y":8.28,"cmd":"L"},{"x":1.99,"y":9.8,"cmd":"L"},{"x":1.26,"y":11.3,"cmd":"L"},{"x":0.75,"y":13.11,"cmd":"L"},{"x":0.3,"y":17.01,"cmd":"L"},{"x":0.16,"y":19,"cmd":"L"},{"x":0.07,"y":21,"cmd":"L"},{"x":0.01,"y":23.99,"cmd":"L"},{"x":0.39,"y":26.05,"cmd":"L"},{"x":2.2,"y":33.09,"cmd":"L"},{"x":2.94,"y":35.17,"cmd":"L"},{"x":4.1,"y":39.12,"cmd":"L"},{"x":6.3,"y":42.48,"cmd":"L"},{"x":9.01,"y":45.7,"cmd":"L"},{"x":10.92,"y":47.78,"cmd":"L"},{"x":14.49,"y":50.28,"cmd":"L"},{"x":17.47,"y":52.3,"cmd":"L"},{"x":20.25,"y":53.67,"cmd":"L"},{"x":25.98,"y":54.54,"cmd":"L"},{"x":31.95,"y":54.84,"cmd":"L"},{"x":33.95,"y":54.9,"cmd":"L"},{"x":40.95,"y":54.97,"cmd":"L"},{"x":43.95,"y":54.98,"cmd":"L"},{"x":46,"y":54.57,"cmd":"L"},{"x":51.09,"y":52.92,"cmd":"L"},{"x":54.26,"y":51.34,"cmd":"L"},{"x":57.17,"y":50.14,"cmd":"L"},{"x":58.64,"y":48.91,"cmd":"L"},{"x":60.73,"y":47.01,"cmd":"L"},{"x":62.51,"y":45.74,"cmd":"L"},{"x":64.19,"y":43.42,"cmd":"L"},{"x":65.59,"y":40.67,"cmd":"L"},{"x":66.59,"y":38.67,"cmd":"L"},{"x":67.25,"y":35.91,"cmd":"L"},{"x":67.6,"y":32.97,"cmd":"L"},{"x":67.83,"y":26.99,"cmd":"L"},{"x":67.47,"y":24.95,"cmd":"L"},{"x":66.12,"y":21.76,"cmd":"L"},{"x":65.54,"y":18.93,"cmd":"L"},{"x":64.15,"y":15.74,"cmd":"L"},{"x":62.62,"y":13.48,"cmd":"L"},{"x":61.26,"y":10.69,"cmd":"L"},{"x":60.9,"y":10.27,"cmd":"L"},{"x":59.26,"y":8.91,"cmd":"L"},{"x":58.2,"y":7.98,"cmd":"L"},{"x":56.4,"y":6.72,"cmd":"L"},{"x":55.3,"y":5.85,"cmd":"L"},{"x":53.71,"y":5.17,"cmd":"L"},{"x":52.54,"y":4.5,"cmd":"L"},{"x":51.71,"y":4.15,"cmd":"L"},{"x":49.68,"y":3.23,"cmd":"L"},{"x":48.79,"y":2.94,"cmd":"L"},{"x":47.62,"y":2.35,"cmd":"L"}],"parentId":"Top","idx":3},{"type":"pen","iteration":1384,"pathSpacing":{"clamp":{"min":5},"compatOverlapSegments":false,"enabled":true,"type":1},"blend":"normal","seed":1925851348,"exportable":true,"findable":true,"fill":{"method":"fill","blend":"normal","enabled":false,"opacity":0,"type":"color","color":"black"},"filter":{"enabled":true,"opened":true,"stack":[]},"stroke":{"method":"stroke","blend":"normal","enabled":true,"opacity":1,"type":"color","color":"#000000","alignment":0.5,"lineCap":"round","lineDash":"none","lineDashOffset":0,"lineJoin":"miter","lineWidth":5.005,"lineWidthVariance":4.995,"miterLimit":4,"gradient":{"type":"linearGradient","noise":0,"spreadMethod":"pad","stops":[{"color":"#e43a15","offset":0},{"color":"#e65245","offset":1}],"x1":0,"y1":0.5,"x2":1,"y2":0.5}},"bbox":{"x":756.9982068,"y":379.0014878,"width":12.870000000000001,"height":30,"rotation":0,"scale":{"x":1,"y":1},"skew":{"x":0,"y":0},"anchor":{"x":0,"y":0}},"id":"912cd456-fab5-40ff-9b0f-db72d3834cd7","pointerId":"you_66313","path":[{"x":0,"y":0,"cmd":"M"},{"x":0.05,"y":0.15,"cmd":"L"},{"x":1.35,"y":6.07,"cmd":"L"},{"x":1.68,"y":9.02,"cmd":"L"},{"x":2.61,"y":16.03,"cmd":"L"},{"x":2.76,"y":18.01,"cmd":"L"},{"x":2.82,"y":19.01,"cmd":"L"},{"x":2.87,"y":20,"cmd":"L"}],"parentId":"Top","idx":4},{"type":"pen","iteration":1388,"pathSpacing":{"clamp":{"min":5},"compatOverlapSegments":false,"enabled":true,"type":1},"blend":"normal","seed":1446790923,"exportable":true,"findable":true,"fill":{"method":"fill","blend":"normal","enabled":false,"opacity":0,"type":"color","color":"black"},"filter":{"enabled":true,"opened":true,"stack":[]},"stroke":{"method":"stroke","blend":"normal","enabled":true,"opacity":1,"type":"color","color":"#000000","alignment":0.5,"lineCap":"round","lineDash":"none","lineDashOffset":0,"lineJoin":"miter","lineWidth":5.005,"lineWidthVariance":4.995,"miterLimit":4,"gradient":{"type":"linearGradient","noise":0,"spreadMethod":"pad","stops":[{"color":"#e43a15","offset":0},{"color":"#e65245","offset":1}],"x1":0,"y1":0.5,"x2":1,"y2":0.5}},"bbox":{"x":745.9998362,"y":402.8018725,"width":28.11,"height":11.2,"rotation":0,"scale":{"x":1,"y":1},"skew":{"x":0,"y":0},"anchor":{"x":0,"y":0}},"id":"4b44d7bd-d94f-4785-a1b3-25899b4cdb8f","pointerId":"you_66314","path":[{"x":0,"y":1.2,"cmd":"M"},{"x":1,"y":1.2,"cmd":"L"},{"x":6,"y":1.2,"cmd":"L"},{"x":8,"y":1.2,"cmd":"L"},{"x":13,"y":1.2,"cmd":"L"},{"x":16.04,"y":0.69,"cmd":"L"},{"x":17.19,"y":0.25,"cmd":"L"},{"x":18.11,"y":0,"cmd":"L"}],"parentId":"Top","idx":5},{"type":"pen","iteration":1393,"pathSpacing":{"clamp":{"min":5},"compatOverlapSegments":false,"enabled":true,"type":1},"blend":"normal","seed":564113933,"exportable":true,"findable":true,"fill":{"method":"fill","blend":"normal","enabled":false,"opacity":0,"type":"color","color":"black"},"filter":{"enabled":true,"opened":true,"stack":[]},"stroke":{"method":"stroke","blend":"normal","enabled":true,"opacity":1,"type":"color","color":"#000000","alignment":0.5,"lineCap":"round","lineDash":"none","lineDashOffset":0,"lineJoin":"miter","lineWidth":5.005,"lineWidthVariance":4.995,"miterLimit":4,"gradient":{"type":"linearGradient","noise":0,"spreadMethod":"pad","stops":[{"color":"#e43a15","offset":0},{"color":"#e65245","offset":1}],"x1":0,"y1":0.5,"x2":1,"y2":0.5}},"bbox":{"x":743.0010438,"y":375.1109497,"width":35,"height":10.89,"rotation":0,"scale":{"x":1,"y":1},"skew":{"x":0,"y":0},"anchor":{"x":0,"y":0}},"id":"0f7e806b-9c53-40a3-a5cb-b68f5aa8c9e2","pointerId":"you_66315","path":[{"x":0,"y":0.89,"cmd":"M"},{"x":0,"y":0.89,"cmd":"L"},{"x":8,"y":0.89,"cmd":"L"},{"x":15,"y":0.89,"cmd":"L"},{"x":20.02,"y":0.26,"cmd":"L"},{"x":23.01,"y":0.07,"cmd":"L"},{"x":25,"y":0,"cmd":"L"}],"parentId":"Top","idx":6},{"type":"pen","iteration":1399,"pathSpacing":{"clamp":{"min":5},"compatOverlapSegments":false,"enabled":true,"type":1},"blend":"normal","seed":1768832024,"exportable":true,"findable":true,"fill":{"method":"fill","blend":"normal","enabled":false,"opacity":0,"type":"color","color":"black"},"filter":{"enabled":true,"opened":true,"stack":[]},"stroke":{"method":"stroke","blend":"normal","enabled":true,"opacity":1,"type":"color","color":"#000000","alignment":0.5,"lineCap":"round","lineDash":"none","lineDashOffset":0,"lineJoin":"miter","lineWidth":5.005,"lineWidthVariance":4.995,"miterLimit":4,"gradient":{"type":"linearGradient","noise":0,"spreadMethod":"pad","stops":[{"color":"#e43a15","offset":0},{"color":"#e65245","offset":1}],"x1":0,"y1":0.5,"x2":1,"y2":0.5}},"bbox":{"x":724.9995236,"y":415.998594,"width":151.01,"height":60.77,"rotation":0,"scale":{"x":1,"y":1},"skew":{"x":0,"y":0},"anchor":{"x":0,"y":0}},"id":"f3753196-a95b-4e13-9ab9-ad58c1852c17","pointerId":"you_66316","path":[{"x":0,"y":0,"cmd":"M"},{"x":1.09,"y":0.27,"cmd":"L"},{"x":4.12,"y":1.16,"cmd":"L"},{"x":12.1,"y":3.24,"cmd":"L"},{"x":23.23,"y":7.85,"cmd":"L"},{"x":40.14,"y":13.11,"cmd":"L"},{"x":62.11,"y":19.2,"cmd":"L"},{"x":81.17,"y":25.99,"cmd":"L"},{"x":96.16,"y":31.04,"cmd":"L"},{"x":113.27,"y":38.77,"cmd":"L"},{"x":119.43,"y":42.46,"cmd":"L"},{"x":128.29,"y":46.7,"cmd":"L"},{"x":132.31,"y":48.68,"cmd":"L"},{"x":134.31,"y":49.67,"cmd":"L"},{"x":137.08,"y":50.32,"cmd":"L"},{"x":139.03,"y":50.59,"cmd":"L"},{"x":140.02,"y":50.69,"cmd":"L"},{"x":141.01,"y":50.77,"cmd":"L"}],"parentId":"Top","idx":7},{"type":"pen","iteration":1412,"pathSpacing":{"clamp":{"min":5},"compatOverlapSegments":false,"enabled":true,"type":1},"blend":"normal","seed":2032252263,"exportable":true,"findable":true,"fill":{"method":"fill","blend":"normal","enabled":false,"opacity":0,"type":"color","color":"black"},"filter":{"enabled":true,"opened":true,"stack":[]},"stroke":{"method":"stroke","blend":"normal","enabled":true,"opacity":1,"type":"color","color":"#000000","alignment":0.5,"lineCap":"round","lineDash":"none","lineDashOffset":0,"lineJoin":"miter","lineWidth":5.005,"lineWidthVariance":4.995,"miterLimit":4,"gradient":{"type":"linearGradient","noise":0,"spreadMethod":"pad","stops":[{"color":"#e43a15","offset":0},{"color":"#e65245","offset":1}],"x1":0,"y1":0.5,"x2":1,"y2":0.5}},"bbox":{"x":699.5493973,"y":421.0003115,"width":12.45,"height":85.05,"rotation":0,"scale":{"x":1,"y":1},"skew":{"x":0,"y":0},"anchor":{"x":0,"y":0}},"id":"eafb3209-c676-4b4d-9106-79ad5bfa080f","pointerId":"you_66317","path":[{"x":2.45,"y":0,"cmd":"M"},{"x":2.45,"y":0,"cmd":"L"},{"x":1.88,"y":4.03,"cmd":"L"},{"x":1.58,"y":11,"cmd":"L"},{"x":0.76,"y":19.02,"cmd":"L"},{"x":0.53,"y":28,"cmd":"L"},{"x":0.48,"y":34,"cmd":"L"},{"x":0.46,"y":45,"cmd":"L"},{"x":0.45,"y":52,"cmd":"L"},{"x":0.45,"y":56,"cmd":"L"},{"x":0.45,"y":60,"cmd":"L"},{"x":0.45,"y":65,"cmd":"L"},{"x":0.45,"y":69,"cmd":"L"},{"x":0.45,"y":71,"cmd":"L"},{"x":0.45,"y":72,"cmd":"L"},{"x":0.45,"y":73,"cmd":"L"},{"x":0.18,"y":74.09,"cmd":"L"},{"x":0,"y":75.05,"cmd":"L"}],"parentId":"Top","idx":8},{"type":"pen","iteration":1423,"pathSpacing":{"clamp":{"min":5},"compatOverlapSegments":false,"enabled":true,"type":1},"blend":"normal","seed":658879485,"exportable":true,"findable":true,"fill":{"method":"fill","blend":"normal","enabled":false,"opacity":0,"type":"color","color":"black"},"filter":{"enabled":true,"opened":true,"stack":[]},"stroke":{"method":"stroke","blend":"normal","enabled":true,"opacity":1,"type":"color","color":"#000000","alignment":0.5,"lineCap":"round","lineDash":"none","lineDashOffset":0,"lineJoin":"miter","lineWidth":5.005,"lineWidthVariance":4.995,"miterLimit":4,"gradient":{"type":"linearGradient","noise":0,"spreadMethod":"pad","stops":[{"color":"#e43a15","offset":0},{"color":"#e65245","offset":1}],"x1":0,"y1":0.5,"x2":1,"y2":0.5}},"bbox":{"x":536.9111264,"y":414.9998669,"width":149.09,"height":74.28,"rotation":0,"scale":{"x":1,"y":1},"skew":{"x":0,"y":0},"anchor":{"x":0,"y":0}},"id":"6a2238f4-b85d-4f5b-bd88-07e201b071c0","pointerId":"you_66318","path":[{"x":139.09,"y":0,"cmd":"M"},{"x":139.09,"y":0,"cmd":"L"},{"x":137.03,"y":0.41,"cmd":"L"},{"x":127.62,"y":6.39,"cmd":"L"},{"x":114.57,"y":15.31,"cmd":"L"},{"x":101.77,"y":21.66,"cmd":"L"},{"x":84.8,"y":29.71,"cmd":"L"},{"x":66.83,"y":37.77,"cmd":"L"},{"x":47.85,"y":45.83,"cmd":"L"},{"x":32.92,"y":51.02,"cmd":"L"},{"x":18.86,"y":56.85,"cmd":"L"},{"x":10.89,"y":59.92,"cmd":"L"},{"x":5.88,"y":61.9,"cmd":"L"},{"x":1.82,"y":63.75,"cmd":"L"},{"x":0.93,"y":64.05,"cmd":"L"},{"x":0,"y":64.28,"cmd":"L"}],"parentId":"Top","idx":9},{"type":"pen","iteration":1436,"pathSpacing":{"clamp":{"min":5},"compatOverlapSegments":false,"enabled":true,"type":1},"blend":"normal","seed":517591599,"exportable":true,"findable":true,"fill":{"method":"fill","blend":"normal","enabled":false,"opacity":0,"type":"color","color":"black"},"filter":{"enabled":true,"opened":true,"stack":[]},"stroke":{"method":"stroke","blend":"normal","enabled":true,"opacity":1,"type":"color","color":"#000000","alignment":0.5,"lineCap":"round","lineDash":"none","lineDashOffset":0,"lineJoin":"miter","lineWidth":5.005,"lineWidthVariance":4.995,"miterLimit":4,"gradient":{"type":"linearGradient","noise":0,"spreadMethod":"pad","stops":[{"color":"#e43a15","offset":0},{"color":"#e65245","offset":1}],"x1":0,"y1":0.5,"x2":1,"y2":0.5}},"bbox":{"x":867.1328341,"y":472.0021723,"width":51.673504721994,"height":45.93434159857025,"rotation":0,"scale":{"x":1,"y":1},"skew":{"x":0,"y":0},"anchor":{"x":0,"y":0}},"id":"1cca5866-1f98-417e-809a-eadc4425158d","pointerId":"you_66319","path":[{"x":19.87,"y":0,"cmd":"M"},{"x":19.87,"y":0,"cmd":"L"},{"x":18.87,"y":0,"cmd":"L"},{"x":13.87,"y":0,"cmd":"L"},{"x":9.63,"y":1.82,"cmd":"L"},{"x":8.46,"y":2.49,"cmd":"L"},{"x":4.35,"y":5.31,"cmd":"L"},{"x":1.38,"y":10.41,"cmd":"L"},{"x":0.65,"y":13.1,"cmd":"L"},{"x":0.26,"y":16.03,"cmd":"L"},{"x":0.02,"y":21,"cmd":"L"},{"x":2.05,"y":28.12,"cmd":"L"},{"x":4.24,"y":31.48,"cmd":"L"},{"x":7.53,"y":34.12,"cmd":"L"},{"x":10.04,"y":35.01,"cmd":"L"},{"x":10.97,"y":35.25,"cmd":"L"},{"x":15.88,"y":35.72,"cmd":"L"},{"x":25.87,"y":35.93,"cmd":"L"},{"x":30.95,"y":34.71,"cmd":"L"},{"x":35.08,"y":33.09,"cmd":"L"},{"x":37.59,"y":30.95,"cmd":"L"},{"x":39.66,"y":29.03,"cmd":"L"},{"x":40.84,"y":25.82,"cmd":"L"},{"x":41.35,"y":22.95,"cmd":"L"},{"x":41.67,"y":17.99,"cmd":"L"},{"x":39.16,"y":12.71,"cmd":"L"},{"x":38.18,"y":10.7,"cmd":"L"},{"x":35.68,"y":7.39,"cmd":"L"},{"x":30.48,"y":4.47,"cmd":"L"},{"x":27.62,"y":3.21,"cmd":"L"},{"x":21.78,"y":1.73,"cmd":"L"},{"x":19.84,"y":1.44,"cmd":"L"},{"x":16.86,"y":1.72,"cmd":"L"},{"x":15.86,"y":1.79,"cmd":"L"},{"x":15.65,"y":1.88,"cmd":"L"}],"parentId":"Top","idx":10},{"type":"pen","iteration":1457,"pathSpacing":{"clamp":{"min":5},"compatOverlapSegments":false,"enabled":true,"type":1},"blend":"normal","seed":1633587939,"exportable":true,"findable":true,"fill":{"method":"fill","blend":"normal","enabled":false,"opacity":0,"type":"color","color":"black"},"filter":{"enabled":true,"opened":true,"stack":[]},"stroke":{"method":"stroke","blend":"normal","enabled":true,"opacity":1,"type":"color","color":"#000000","alignment":0.5,"lineCap":"round","lineDash":"none","lineDashOffset":0,"lineJoin":"miter","lineWidth":5.005,"lineWidthVariance":4.995,"miterLimit":4,"gradient":{"type":"linearGradient","noise":0,"spreadMethod":"pad","stops":[{"color":"#e43a15","offset":0},{"color":"#e65245","offset":1}],"x1":0,"y1":0.5,"x2":1,"y2":0.5}},"bbox":{"x":679.8015634,"y":503.1389876,"width":53.92147104830365,"height":61.74678324395894,"rotation":0,"scale":{"x":1,"y":1},"skew":{"x":0,"y":0},"anchor":{"x":0,"y":0}},"id":"d48c45ec-a057-4095-a21d-e44e272d0ba6","pointerId":"you_66320","path":[{"x":33.2,"y":4.86,"cmd":"M"},{"x":33.2,"y":4.86,"cmd":"L"},{"x":33.2,"y":4.86,"cmd":"L"},{"x":24.2,"y":4.86,"cmd":"L"},{"x":22.14,"y":5.27,"cmd":"L"},{"x":17.14,"y":6.27,"cmd":"L"},{"x":13.01,"y":7.81,"cmd":"L"},{"x":11.13,"y":8.22,"cmd":"L"},{"x":7.75,"y":10.29,"cmd":"L"},{"x":5.81,"y":11.39,"cmd":"L"},{"x":1.85,"y":17.36,"cmd":"L"},{"x":0.2,"y":22.03,"cmd":"L"},{"x":-0.37,"y":25.89,"cmd":"L"},{"x":-0.02,"y":30.87,"cmd":"L"},{"x":1.29,"y":35,"cmd":"L"},{"x":3.53,"y":38.36,"cmd":"L"},{"x":5.72,"y":42.25,"cmd":"L"},{"x":8.11,"y":44.71,"cmd":"L"},{"x":10.87,"y":46.96,"cmd":"L"},{"x":14.47,"y":48.61,"cmd":"L"},{"x":16.49,"y":49.57,"cmd":"L"},{"x":20.36,"y":50.89,"cmd":"L"},{"x":26.21,"y":51.53,"cmd":"L"},{"x":31.2,"y":51.74,"cmd":"L"},{"x":35.42,"y":50,"cmd":"L"},{"x":38.96,"y":46.85,"cmd":"L"},{"x":42.8,"y":39.52,"cmd":"L"},{"x":43.58,"y":35.8,"cmd":"L"},{"x":43.93,"y":31.85,"cmd":"L"},{"x":44.08,"y":27.86,"cmd":"L"},{"x":42.98,"y":23.76,"cmd":"L"},{"x":41.95,"y":19.76,"cmd":"L"},{"x":40.78,"y":13.8,"cmd":"L"},{"x":39.58,"y":11.52,"cmd":"L"},{"x":37.74,"y":8.43,"cmd":"L"},{"x":35.81,"y":5.39,"cmd":"L"},{"x":34.69,"y":3.46,"cmd":"L"},{"x":32.54,"y":1.73,"cmd":"L"},{"x":31.81,"y":1.33,"cmd":"L"},{"x":30.06,"y":0.77,"cmd":"L"},{"x":29.12,"y":0.55,"cmd":"L"},{"x":28.15,"y":0.38,"cmd":"L"},{"x":26.18,"y":0.17,"cmd":"L"},{"x":24.19,"y":0.05,"cmd":"L"},{"x":23.19,"y":0,"cmd":"L"}],"parentId":"Top","idx":11},{"type":"pen","iteration":1497,"pathSpacing":{"clamp":{"min":5},"compatOverlapSegments":false,"enabled":true,"type":1},"blend":"normal","seed":583534513,"exportable":true,"findable":true,"fill":{"method":"fill","blend":"normal","enabled":false,"opacity":0,"type":"color","color":"black"},"filter":{"enabled":true,"opened":true,"stack":[]},"stroke":{"method":"stroke","blend":"normal","enabled":true,"opacity":1,"type":"color","color":"#000000","alignment":0.5,"lineCap":"round","lineDash":"none","lineDashOffset":0,"lineJoin":"miter","lineWidth":5.005,"lineWidthVariance":4.995,"miterLimit":4,"gradient":{"type":"linearGradient","noise":0,"spreadMethod":"pad","stops":[{"color":"#e43a15","offset":0},{"color":"#e65245","offset":1}],"x1":0,"y1":0.5,"x2":1,"y2":0.5}},"bbox":{"x":463.1350731,"y":487.0754802,"width":47.51304446954032,"height":53.768426617190045,"rotation":0,"scale":{"x":1,"y":1},"skew":{"x":0,"y":0},"anchor":{"x":0,"y":0}},"id":"463b00a0-a9b3-452c-bed5-6760315557ec","pointerId":"you_66322","path":[{"x":28.87,"y":5.92,"cmd":"M"},{"x":28.87,"y":5.92,"cmd":"L"},{"x":28.36,"y":5.59,"cmd":"L"},{"x":26.94,"y":4.09,"cmd":"L"},{"x":24.41,"y":2.51,"cmd":"L"},{"x":22.7,"y":1.91,"cmd":"L"},{"x":18.84,"y":1.35,"cmd":"L"},{"x":13.86,"y":1.09,"cmd":"L"},{"x":10.87,"y":1,"cmd":"L"},{"x":7.72,"y":2.01,"cmd":"L"},{"x":5.44,"y":3.38,"cmd":"L"},{"x":4,"y":4.81,"cmd":"L"},{"x":2.43,"y":7.37,"cmd":"L"},{"x":0.96,"y":11.13,"cmd":"L"},{"x":0.24,"y":16.95,"cmd":"L"},{"x":-0.01,"y":22.93,"cmd":"L"},{"x":0.49,"y":26.95,"cmd":"L"},{"x":1.07,"y":29.03,"cmd":"L"},{"x":2.74,"y":33.14,"cmd":"L"},{"x":4.91,"y":35.65,"cmd":"L"},{"x":8.8,"y":39.75,"cmd":"L"},{"x":12.4,"y":42.22,"cmd":"L"},{"x":15,"y":43.03,"cmd":"L"},{"x":18.89,"y":43.54,"cmd":"L"},{"x":22.87,"y":43.76,"cmd":"L"},{"x":25.87,"y":43.84,"cmd":"L"},{"x":27.44,"y":42.69,"cmd":"L"},{"x":29.32,"y":41.52,"cmd":"L"},{"x":32.75,"y":38.05,"cmd":"L"},{"x":34.51,"y":34.6,"cmd":"L"},{"x":35.72,"y":31.69,"cmd":"L"},{"x":36.82,"y":28.73,"cmd":"L"},{"x":37.51,"y":22.9,"cmd":"L"},{"x":37.06,"y":15.92,"cmd":"L"},{"x":35.11,"y":11.65,"cmd":"L"},{"x":32.47,"y":7.46,"cmd":"L"},{"x":28.82,"y":3.2,"cmd":"L"},{"x":28.24,"y":2.76,"cmd":"L"},{"x":25.52,"y":1.32,"cmd":"L"},{"x":23.74,"y":0.79,"cmd":"L"},{"x":21.82,"y":0.45,"cmd":"L"},{"x":20.84,"y":0.32,"cmd":"L"},{"x":16.86,"y":0.09,"cmd":"L"},{"x":14.87,"y":0.03,"cmd":"L"},{"x":13.87,"y":0,"cmd":"L"}],"parentId":"Top","idx":12},{"type":"pen","iteration":1521,"pathSpacing":{"clamp":{"min":5},"compatOverlapSegments":false,"enabled":true,"type":1},"blend":"normal","seed":700984,"exportable":true,"findable":true,"fill":{"method":"fill","blend":"normal","enabled":false,"opacity":0,"type":"color","color":"black"},"filter":{"enabled":true,"opened":true,"stack":[]},"stroke":{"method":"stroke","blend":"normal","enabled":true,"opacity":1,"type":"color","color":"#000000","alignment":0.5,"lineCap":"round","lineDash":"none","lineDashOffset":0,"lineJoin":"miter","lineWidth":5.005,"lineWidthVariance":4.995,"miterLimit":4,"gradient":{"type":"linearGradient","noise":0,"spreadMethod":"pad","stops":[{"color":"#e43a15","offset":0},{"color":"#e65245","offset":1}],"x1":0,"y1":0.5,"x2":1,"y2":0.5}},"bbox":{"x":929.9991225,"y":469.2405175,"width":36.80427373854687,"height":75.30854750063244,"rotation":0,"scale":{"x":1,"y":1},"skew":{"x":0,"y":0},"anchor":{"x":0,"y":0}},"id":"d975fedd-247c-4487-97d4-eaa63f7258bf","pointerId":"you_66323","path":[{"x":0,"y":23.76,"cmd":"M"},{"x":4.89,"y":35.98,"cmd":"L"},{"x":10.07,"y":51.91,"cmd":"L"},{"x":12.98,"y":59.94,"cmd":"L"},{"x":14.25,"y":64.86,"cmd":"L"},{"x":14.99,"y":66.94,"cmd":"L"},{"x":14.99,"y":66.94,"cmd":"L"},{"x":16.07,"y":63.61,"cmd":"L"},{"x":13.46,"y":46.73,"cmd":"L"},{"x":10.68,"y":34.68,"cmd":"L"},{"x":7.77,"y":23.66,"cmd":"L"},{"x":6.58,"y":17.7,"cmd":"L"},{"x":4.75,"y":10.67,"cmd":"L"},{"x":4.25,"y":4.75,"cmd":"L"},{"x":5.75,"y":1.49,"cmd":"L"},{"x":7.47,"y":0.38,"cmd":"L"},{"x":12.01,"y":0.01,"cmd":"L"},{"x":17.28,"y":2.49,"cmd":"L"},{"x":23.7,"y":7.84,"cmd":"L"},{"x":26.24,"y":11.33,"cmd":"L"},{"x":26.89,"y":12.97,"cmd":"L"},{"x":26.94,"y":15.76,"cmd":"L"},{"x":23.11,"y":19.63,"cmd":"L"},{"x":18.75,"y":21.55,"cmd":"L"},{"x":14.95,"y":22.23,"cmd":"L"},{"x":13.97,"y":22.36,"cmd":"L"},{"x":12.99,"y":22.46,"cmd":"L"},{"x":11.85,"y":22.83,"cmd":"L"},{"x":10.92,"y":23.06,"cmd":"L"},{"x":9.95,"y":23.23,"cmd":"L"},{"x":8.97,"y":23.36,"cmd":"L"}],"parentId":"Top","idx":13},{"type":"pen","iteration":1542,"pathSpacing":{"clamp":{"min":5},"compatOverlapSegments":false,"enabled":true,"type":1},"blend":"normal","seed":951243553,"exportable":true,"findable":true,"fill":{"method":"fill","blend":"normal","enabled":false,"opacity":0,"type":"color","color":"black"},"filter":{"enabled":true,"opened":true,"stack":[]},"stroke":{"method":"stroke","blend":"normal","enabled":true,"opacity":1,"type":"color","color":"#000000","alignment":0.5,"lineCap":"round","lineDash":"none","lineDashOffset":0,"lineJoin":"miter","lineWidth":5.005,"lineWidthVariance":4.995,"miterLimit":4,"gradient":{"type":"linearGradient","noise":0,"spreadMethod":"pad","stops":[{"color":"#e43a15","offset":0},{"color":"#e65245","offset":1}],"x1":0,"y1":0.5,"x2":1,"y2":0.5}},"bbox":{"x":957.9994837,"y":460.1478401,"width":34.82,"height":54.13047437990808,"rotation":0,"scale":{"x":1,"y":1},"skew":{"x":0,"y":0},"anchor":{"x":0,"y":0}},"id":"a6615432-4a20-4770-a142-77e09db029db","pointerId":"you_66324","path":[{"x":0,"y":10.85,"cmd":"M"},{"x":0,"y":10.85,"cmd":"L"},{"x":0.34,"y":11.35,"cmd":"L"},{"x":2.81,"y":17.1,"cmd":"L"},{"x":6.7,"y":25.15,"cmd":"L"},{"x":12.67,"y":37.16,"cmd":"L"},{"x":13.86,"y":40.08,"cmd":"L"},{"x":14.52,"y":41.24,"cmd":"L"},{"x":15.79,"y":44.11,"cmd":"L"},{"x":16.47,"y":45.27,"cmd":"L"},{"x":16.47,"y":45.27,"cmd":"L"},{"x":16.65,"y":43.83,"cmd":"L"},{"x":14.6,"y":33.79,"cmd":"L"},{"x":11.75,"y":22.76,"cmd":"L"},{"x":9.73,"y":14.76,"cmd":"L"},{"x":9.32,"y":10.83,"cmd":"L"},{"x":10.45,"y":4.8,"cmd":"L"},{"x":10.58,"y":3.82,"cmd":"L"},{"x":12.77,"y":1.86,"cmd":"L"},{"x":16.14,"y":0.77,"cmd":"L"},{"x":20.03,"y":0.25,"cmd":"L"},{"x":24,"y":0.02,"cmd":"L"},{"x":24.82,"y":0.79,"cmd":"L"}],"parentId":"Top","idx":14},{"type":"pen","iteration":1555,"pathSpacing":{"clamp":{"min":5},"compatOverlapSegments":false,"enabled":true,"type":1},"blend":"normal","seed":779722247,"exportable":true,"findable":true,"fill":{"method":"fill","blend":"normal","enabled":false,"opacity":0,"type":"color","color":"black"},"filter":{"enabled":true,"opened":true,"stack":[]},"stroke":{"method":"stroke","blend":"normal","enabled":true,"opacity":1,"type":"color","color":"#000000","alignment":0.5,"lineCap":"round","lineDash":"none","lineDashOffset":0,"lineJoin":"miter","lineWidth":5.005,"lineWidthVariance":4.995,"miterLimit":4,"gradient":{"type":"linearGradient","noise":0,"spreadMethod":"pad","stops":[{"color":"#e43a15","offset":0},{"color":"#e65245","offset":1}],"x1":0,"y1":0.5,"x2":1,"y2":0.5}},"bbox":{"x":989.001201,"y":480.999785,"width":17.03700455335227,"height":23.180211476221125,"rotation":0,"scale":{"x":1,"y":1},"skew":{"x":0,"y":0},"anchor":{"x":0,"y":0}},"id":"5e1ab35d-fa31-4493-959a-48b656a561d7","pointerId":"you_66325","path":[{"x":0,"y":0,"cmd":"M"},{"x":0,"y":0,"cmd":"L"},{"x":0,"y":0,"cmd":"L"},{"x":1.2,"y":1.6,"cmd":"L"},{"x":2.39,"y":3.47,"cmd":"L"},{"x":2.75,"y":4.27,"cmd":"L"},{"x":4.7,"y":8.3,"cmd":"L"},{"x":5.42,"y":9.45,"cmd":"L"},{"x":6.73,"y":12.28,"cmd":"L"},{"x":7.03,"y":13.16,"cmd":"L"}],"parentId":"Top","idx":15},{"type":"pen","iteration":1560,"pathSpacing":{"clamp":{"min":5},"compatOverlapSegments":false,"enabled":true,"type":1},"blend":"normal","seed":1719260138,"exportable":true,"findable":true,"fill":{"method":"fill","blend":"normal","enabled":false,"opacity":0,"type":"color","color":"black"},"filter":{"enabled":true,"opened":true,"stack":[]},"stroke":{"method":"stroke","blend":"normal","enabled":true,"opacity":1,"type":"color","color":"#000000","alignment":0.5,"lineCap":"round","lineDash":"none","lineDashOffset":0,"lineJoin":"miter","lineWidth":5.005,"lineWidthVariance":4.995,"miterLimit":4,"gradient":{"type":"linearGradient","noise":0,"spreadMethod":"pad","stops":[{"color":"#e43a15","offset":0},{"color":"#e65245","offset":1}],"x1":0,"y1":0.5,"x2":1,"y2":0.5}},"bbox":{"x":987.9980246,"y":464.0024469,"width":13.57,"height":14.36,"rotation":0,"scale":{"x":1,"y":1},"skew":{"x":0,"y":0},"anchor":{"x":0,"y":0}},"id":"10a441fc-cc50-4c43-97a4-c3c53aa4ac20","pointerId":"you_66326","path":[{"x":0,"y":0,"cmd":"M"},{"x":0,"y":0,"cmd":"L"},{"x":0,"y":0,"cmd":"L"},{"x":0.15,"y":0.05,"cmd":"L"},{"x":0.52,"y":0.31,"cmd":"L"},{"x":0.97,"y":0.79,"cmd":"L"},{"x":3.16,"y":3.63,"cmd":"L"},{"x":3.57,"y":4.36,"cmd":"L"}],"parentId":"Top","idx":16},{"type":"pen","iteration":1563,"pathSpacing":{"clamp":{"min":5},"compatOverlapSegments":false,"enabled":true,"type":1},"blend":"normal","seed":1337063306,"exportable":true,"findable":true,"fill":{"method":"fill","blend":"normal","enabled":false,"opacity":0,"type":"color","color":"black"},"filter":{"enabled":true,"opened":true,"stack":[]},"stroke":{"method":"stroke","blend":"normal","enabled":true,"opacity":1,"type":"color","color":"#000000","alignment":0.5,"lineCap":"round","lineDash":"none","lineDashOffset":0,"lineJoin":"miter","lineWidth":5.005,"lineWidthVariance":4.995,"miterLimit":4,"gradient":{"type":"linearGradient","noise":0,"spreadMethod":"pad","stops":[{"color":"#e43a15","offset":0},{"color":"#e65245","offset":1}],"x1":0,"y1":0.5,"x2":1,"y2":0.5}},"bbox":{"x":1001.0002198,"y":471.0007584,"width":51.94729492892945,"height":34.437871001735466,"rotation":0,"scale":{"x":1,"y":1},"skew":{"x":0,"y":0},"anchor":{"x":0,"y":0}},"id":"27e848df-39b4-4c9a-bbf6-ccc35dbd57a7","pointerId":"you_66327","path":[{"x":0,"y":0,"cmd":"M"},{"x":1.46,"y":2.43,"cmd":"L"},{"x":3.85,"y":8.23,"cmd":"L"},{"x":5.99,"y":14.18,"cmd":"L"},{"x":7.33,"y":20.08,"cmd":"L"},{"x":8.04,"y":22.16,"cmd":"L"},{"x":8.42,"y":24.06,"cmd":"L"},{"x":8.58,"y":24.36,"cmd":"L"},{"x":8.97,"y":24.79,"cmd":"L"},{"x":9.58,"y":25.23,"cmd":"L"},{"x":10.51,"y":23.6,"cmd":"L"},{"x":11.23,"y":20.9,"cmd":"L"},{"x":11.77,"y":13.99,"cmd":"L"},{"x":11.92,"y":8,"cmd":"L"},{"x":11.98,"y":1,"cmd":"L"},{"x":11.98,"y":0,"cmd":"L"},{"x":12.33,"y":-0.51,"cmd":"L"},{"x":13.03,"y":-0.41,"cmd":"L"},{"x":19.93,"y":6.83,"cmd":"L"},{"x":23.27,"y":11.55,"cmd":"L"},{"x":23.65,"y":12.32,"cmd":"L"},{"x":23.97,"y":13.18,"cmd":"L"},{"x":24.25,"y":13.57,"cmd":"L"},{"x":24.25,"y":13.57,"cmd":"L"},{"x":24.68,"y":12.69,"cmd":"L"},{"x":26.13,"y":7.87,"cmd":"L"},{"x":26.93,"y":5.8,"cmd":"L"},{"x":27.56,"y":4.63,"cmd":"L"},{"x":28.33,"y":3.49,"cmd":"L"},{"x":28.38,"y":3.46,"cmd":"L"},{"x":30.36,"y":6.49,"cmd":"L"},{"x":34.77,"y":16.27,"cmd":"L"},{"x":37.05,"y":23.15,"cmd":"L"},{"x":37.88,"y":25.22,"cmd":"L"},{"x":38.18,"y":25.61,"cmd":"L"},{"x":38.31,"y":25.67,"cmd":"L"},{"x":39.05,"y":25.54,"cmd":"L"},{"x":41.79,"y":23.03,"cmd":"L"}],"parentId":"Top","idx":17},{"type":"pen","iteration":1579,"pathSpacing":{"clamp":{"min":5},"compatOverlapSegments":false,"enabled":true,"type":1},"blend":"normal","seed":1059571510,"exportable":true,"findable":true,"fill":{"method":"fill","blend":"normal","enabled":false,"opacity":0,"type":"color","color":"black"},"filter":{"enabled":true,"opened":true,"stack":[]},"stroke":{"method":"stroke","blend":"normal","enabled":true,"opacity":1,"type":"color","color":"#000000","alignment":0.5,"lineCap":"round","lineDash":"none","lineDashOffset":0,"lineJoin":"miter","lineWidth":5.005,"lineWidthVariance":4.995,"miterLimit":4,"gradient":{"type":"linearGradient","noise":0,"spreadMethod":"pad","stops":[{"color":"#e43a15","offset":0},{"color":"#e65245","offset":1}],"x1":0,"y1":0.5,"x2":1,"y2":0.5}},"bbox":{"x":1053.1828343,"y":465.0013649,"width":25.312037044237215,"height":32.8321604207748,"rotation":0,"scale":{"x":1,"y":1},"skew":{"x":0,"y":0},"anchor":{"x":0,"y":0}},"id":"8fc59996-c2f0-44c8-b78d-42da49743fb7","pointerId":"you_66328","path":[{"x":7.82,"y":0,"cmd":"M"},{"x":7.82,"y":0,"cmd":"L"},{"x":7.82,"y":0,"cmd":"L"},{"x":6.82,"y":0,"cmd":"L"},{"x":4.39,"y":1.46,"cmd":"L"},{"x":1.23,"y":7.35,"cmd":"L"},{"x":0.36,"y":12.05,"cmd":"L"},{"x":-0.02,"y":19,"cmd":"L"},{"x":0.4,"y":22.03,"cmd":"L"},{"x":0.93,"y":22.67,"cmd":"L"},{"x":3.82,"y":22.83,"cmd":"L"},{"x":6.66,"y":20.09,"cmd":"L"},{"x":9.45,"y":14.67,"cmd":"L"},{"x":10.93,"y":9.87,"cmd":"L"},{"x":11.15,"y":8.92,"cmd":"L"},{"x":11.53,"y":4.99,"cmd":"L"},{"x":11.53,"y":4.99,"cmd":"L"},{"x":11.72,"y":11,"cmd":"L"},{"x":11.78,"y":16,"cmd":"L"},{"x":11.8,"y":19,"cmd":"L"},{"x":12.08,"y":20.09,"cmd":"L"},{"x":12.08,"y":20.09,"cmd":"L"},{"x":13.79,"y":18.21,"cmd":"L"},{"x":15.31,"y":15.6,"cmd":"L"}],"parentId":"Top","idx":18},{"type":"pen","iteration":1590,"pathSpacing":{"clamp":{"min":5},"compatOverlapSegments":false,"enabled":true,"type":1},"blend":"normal","seed":1736459859,"exportable":true,"findable":true,"fill":{"method":"fill","blend":"normal","enabled":false,"opacity":0,"type":"color","color":"black"},"filter":{"enabled":true,"opened":true,"stack":[]},"stroke":{"method":"stroke","blend":"normal","enabled":true,"opacity":1,"type":"color","color":"#000000","alignment":0.5,"lineCap":"round","lineDash":"none","lineDashOffset":0,"lineJoin":"miter","lineWidth":5.005,"lineWidthVariance":4.995,"miterLimit":4,"gradient":{"type":"linearGradient","noise":0,"spreadMethod":"pad","stops":[{"color":"#e43a15","offset":0},{"color":"#e65245","offset":1}],"x1":0,"y1":0.5,"x2":1,"y2":0.5}},"bbox":{"x":1074.0009035,"y":444.3713046,"width":27.16,"height":52.20960862681798,"rotation":0,"scale":{"x":1,"y":1},"skew":{"x":0,"y":0},"anchor":{"x":0,"y":0}},"id":"9a706e53-3732-4cbc-b4c6-2d39b18ef8cf","pointerId":"you_66329","path":[{"x":0,"y":19.63,"cmd":"M"},{"x":0,"y":19.63,"cmd":"L"},{"x":2.05,"y":25.78,"cmd":"L"},{"x":4.21,"y":33.73,"cmd":"L"},{"x":6,"y":38.8,"cmd":"L"},{"x":7.03,"y":41.79,"cmd":"L"},{"x":7.29,"y":42.17,"cmd":"L"},{"x":7.78,"y":42.61,"cmd":"L"},{"x":8.45,"y":42.2,"cmd":"L"},{"x":9.91,"y":38.43,"cmd":"L"},{"x":10.7,"y":30.61,"cmd":"L"},{"x":12.6,"y":16.6,"cmd":"L"},{"x":13.65,"y":7.61,"cmd":"L"},{"x":15.84,"y":2.4,"cmd":"L"},{"x":16.51,"y":1.23,"cmd":"L"},{"x":16.85,"y":0.4,"cmd":"L"},{"x":17.16,"y":0,"cmd":"L"}],"parentId":"Top","idx":19},{"type":"pen","iteration":1600,"pathSpacing":{"clamp":{"min":5},"compatOverlapSegments":false,"enabled":true,"type":1},"blend":"normal","seed":1257034329,"exportable":true,"findable":true,"fill":{"method":"fill","blend":"normal","enabled":false,"opacity":0,"type":"color","color":"black"},"filter":{"enabled":true,"opened":true,"stack":[]},"stroke":{"method":"stroke","blend":"normal","enabled":true,"opacity":1,"type":"color","color":"#000000","alignment":0.5,"lineCap":"round","lineDash":"none","lineDashOffset":0,"lineJoin":"miter","lineWidth":5.005,"lineWidthVariance":4.995,"miterLimit":4,"gradient":{"type":"linearGradient","noise":0,"spreadMethod":"pad","stops":[{"color":"#e43a15","offset":0},{"color":"#e65245","offset":1}],"x1":0,"y1":0.5,"x2":1,"y2":0.5}},"bbox":{"x":1095.9988934,"y":434.1288443,"width":51.05,"height":109.22263731646292,"rotation":0,"scale":{"x":1,"y":1},"skew":{"x":0,"y":0},"anchor":{"x":0,"y":0}},"id":"97c43e1c-55f1-43b3-9f29-94fa8b8e6bcd","pointerId":"you_66330","path":[{"x":0,"y":1.87,"cmd":"M"},{"x":0,"y":1.87,"cmd":"L"},{"x":1.27,"y":6.96,"cmd":"L"},{"x":3.84,"y":13.1,"cmd":"L"},{"x":7,"y":16.63,"cmd":"L"},{"x":7.59,"y":17.08,"cmd":"L"},{"x":9.22,"y":17.74,"cmd":"L"},{"x":10,"y":17.77,"cmd":"L"},{"x":12.2,"y":16.93,"cmd":"L"},{"x":15.71,"y":9.58,"cmd":"L"},{"x":16.5,"y":4.83,"cmd":"L"},{"x":16.75,"y":1.86,"cmd":"L"},{"x":16.85,"y":-0.13,"cmd":"L"},{"x":16.89,"y":0.87,"cmd":"L"},{"x":17.8,"y":14.88,"cmd":"L"},{"x":20.73,"y":47.88,"cmd":"L"},{"x":21.78,"y":61.88,"cmd":"L"},{"x":24.52,"y":78.91,"cmd":"L"},{"x":25.6,"y":86.9,"cmd":"L"},{"x":25.16,"y":94.87,"cmd":"L"},{"x":24.57,"y":97.93,"cmd":"L"},{"x":23.64,"y":99.36,"cmd":"L"},{"x":23.61,"y":99.34,"cmd":"L"},{"x":19.53,"y":92.45,"cmd":"L"},{"x":17.7,"y":84.79,"cmd":"L"},{"x":17.14,"y":72.87,"cmd":"L"},{"x":20.15,"y":62.75,"cmd":"L"},{"x":31.43,"y":44.42,"cmd":"L"},{"x":35.22,"y":39.28,"cmd":"L"},{"x":38.81,"y":35.92,"cmd":"L"},{"x":39.25,"y":35.31,"cmd":"L"},{"x":40.48,"y":34.51,"cmd":"L"},{"x":40.48,"y":34.51,"cmd":"L"},{"x":41.05,"y":34.4,"cmd":"L"},{"x":41.05,"y":34.4,"cmd":"L"}],"parentId":"Top","idx":20},{"type":"pen","iteration":1623,"pathSpacing":{"clamp":{"min":5},"compatOverlapSegments":false,"enabled":true,"type":1},"blend":"normal","seed":1591563120,"exportable":true,"findable":true,"fill":{"method":"fill","blend":"normal","enabled":false,"opacity":0,"type":"color","color":"black"},"filter":{"enabled":true,"opened":true,"stack":[]},"stroke":{"method":"stroke","blend":"normal","enabled":true,"opacity":1,"type":"color","color":"#000000","alignment":0.5,"lineCap":"round","lineDash":"none","lineDashOffset":0,"lineJoin":"miter","lineWidth":5.005,"lineWidthVariance":4.995,"miterLimit":4,"gradient":{"type":"linearGradient","noise":0,"spreadMethod":"pad","stops":[{"color":"#e43a15","offset":0},{"color":"#e65245","offset":1}],"x1":0,"y1":0.5,"x2":1,"y2":0.5}},"bbox":{"x":410.9996516,"y":339.9996618,"width":15.0007191935711,"height":263.4468809087866,"rotation":0,"scale":{"x":1,"y":1},"skew":{"x":0,"y":0},"anchor":{"x":0,"y":0}},"id":"c477da0a-db15-4490-bb2f-c1e1b0e07229","pointerId":"you_66331","path":[{"x":5,"y":0,"cmd":"M"},{"x":4.59,"y":2.06,"cmd":"L"},{"x":3.67,"y":6.08,"cmd":"L"},{"x":2.5,"y":13.04,"cmd":"L"},{"x":0.39,"y":29.03,"cmd":"L"},{"x":0.11,"y":37,"cmd":"L"},{"x":0.01,"y":61,"cmd":"L"},{"x":0,"y":81,"cmd":"L"},{"x":0,"y":109,"cmd":"L"},{"x":0,"y":129,"cmd":"L"},{"x":1.85,"y":166,"cmd":"L"},{"x":1.98,"y":181,"cmd":"L"},{"x":3.68,"y":197.02,"cmd":"L"},{"x":4.82,"y":216.01,"cmd":"L"},{"x":4.97,"y":229,"cmd":"L"},{"x":4.99,"y":236,"cmd":"L"},{"x":5,"y":242,"cmd":"L"},{"x":5,"y":246,"cmd":"L"},{"x":5,"y":248,"cmd":"L"},{"x":5,"y":250,"cmd":"L"},{"x":5,"y":252,"cmd":"L"},{"x":5,"y":253,"cmd":"L"}],"parentId":"Top","idx":21},{"type":"pen","iteration":1642,"pathSpacing":{"clamp":{"min":5},"compatOverlapSegments":false,"enabled":true,"type":1},"blend":"normal","seed":165545259,"exportable":true,"findable":true,"fill":{"method":"fill","blend":"normal","enabled":false,"opacity":0,"type":"color","color":"black"},"filter":{"enabled":true,"opened":true,"stack":[]},"stroke":{"method":"stroke","blend":"normal","enabled":true,"opacity":1,"type":"color","color":"#000000","alignment":0.5,"lineCap":"round","lineDash":"none","lineDashOffset":0,"lineJoin":"miter","lineWidth":5.005,"lineWidthVariance":4.995,"miterLimit":4,"gradient":{"type":"linearGradient","noise":0,"spreadMethod":"pad","stops":[{"color":"#e43a15","offset":0},{"color":"#e65245","offset":1}],"x1":0,"y1":0.5,"x2":1,"y2":0.5}},"bbox":{"x":161.8093636,"y":359.2484396,"width":64.91948189121379,"height":52.3095046296695,"rotation":0,"scale":{"x":1,"y":1},"skew":{"x":0,"y":0},"anchor":{"x":0,"y":0}},"id":"9c685d13-436f-4e84-af4d-3fa0de6baef7","pointerId":"you_66332","path":[{"x":32.19,"y":0.75,"cmd":"M"},{"x":32.19,"y":0.75,"cmd":"L"},{"x":30.19,"y":0.75,"cmd":"L"},{"x":25.19,"y":0.75,"cmd":"L"},{"x":17.18,"y":0.02,"cmd":"L"},{"x":11.18,"y":0.51,"cmd":"L"},{"x":8.13,"y":1.14,"cmd":"L"},{"x":4.75,"y":3.19,"cmd":"L"},{"x":2.09,"y":6.43,"cmd":"L"},{"x":0,"y":13.86,"cmd":"L"},{"x":0.11,"y":17.75,"cmd":"L"},{"x":3.05,"y":24.97,"cmd":"L"},{"x":4.97,"y":26.73,"cmd":"L"},{"x":12.16,"y":34.54,"cmd":"L"},{"x":17.82,"y":38.91,"cmd":"L"},{"x":24.41,"y":41.61,"cmd":"L"},{"x":29.22,"y":42.32,"cmd":"L"},{"x":33.19,"y":42.56,"cmd":"L"},{"x":40.49,"y":39.05,"cmd":"L"},{"x":46.76,"y":34.51,"cmd":"L"},{"x":50.95,"y":30.75,"cmd":"L"},{"x":52.56,"y":28.27,"cmd":"L"},{"x":54.52,"y":19.67,"cmd":"L"},{"x":54.94,"y":14.74,"cmd":"L"},{"x":52.46,"y":9.47,"cmd":"L"},{"x":48.08,"y":4.08,"cmd":"L"},{"x":41.03,"y":1.71,"cmd":"L"},{"x":37.07,"y":0.57,"cmd":"L"},{"x":34.16,"y":0.17,"cmd":"L"},{"x":32.18,"y":0,"cmd":"L"}],"parentId":"Top","idx":22},{"type":"pen","iteration":1663,"pathSpacing":{"clamp":{"min":5},"compatOverlapSegments":false,"enabled":true,"type":1},"blend":"normal","seed":1122138025,"exportable":true,"findable":true,"fill":{"method":"fill","blend":"normal","enabled":false,"opacity":0,"type":"color","color":"black"},"filter":{"enabled":true,"opened":true,"stack":[]},"stroke":{"method":"stroke","blend":"normal","enabled":true,"opacity":1,"type":"color","color":"#000000","alignment":0.5,"lineCap":"round","lineDash":"none","lineDashOffset":0,"lineJoin":"miter","lineWidth":5.005,"lineWidthVariance":4.995,"miterLimit":4,"gradient":{"type":"linearGradient","noise":0,"spreadMethod":"pad","stops":[{"color":"#e43a15","offset":0},{"color":"#e65245","offset":1}],"x1":0,"y1":0.5,"x2":1,"y2":0.5}},"bbox":{"x":458.6878683,"y":407.0025008,"width":56.27037357021128,"height":72.7413716200202,"rotation":0,"scale":{"x":1,"y":1},"skew":{"x":0,"y":0},"anchor":{"x":0,"y":0}},"id":"43ef9fc5-cbef-43dd-ae87-f9da36ad6aaa","pointerId":"you_66333","path":[{"x":7.31,"y":0,"cmd":"M"},{"x":7.73,"y":2.06,"cmd":"L"},{"x":9.62,"y":10.08,"cmd":"L"},{"x":13.69,"y":29.07,"cmd":"L"},{"x":17.56,"y":44.1,"cmd":"L"},{"x":18.74,"y":50.06,"cmd":"L"},{"x":19.4,"y":52.14,"cmd":"L"},{"x":20.22,"y":54.21,"cmd":"L"},{"x":20.22,"y":54.21,"cmd":"L"},{"x":11.14,"y":51,"cmd":"L"},{"x":4.92,"y":47.48,"cmd":"L"},{"x":-0.25,"y":43.75,"cmd":"L"},{"x":-2.14,"y":42.58,"cmd":"L"},{"x":-3.26,"y":41.77,"cmd":"L"},{"x":-3.26,"y":41.77,"cmd":"L"},{"x":1.14,"y":45.94,"cmd":"L"},{"x":6.02,"y":50.06,"cmd":"L"},{"x":13.72,"y":54.5,"cmd":"L"},{"x":21.76,"y":59.43,"cmd":"L"},{"x":31.43,"y":62.18,"cmd":"L"},{"x":35.34,"y":62.65,"cmd":"L"},{"x":36.33,"y":62.73,"cmd":"L"},{"x":38.48,"y":61.98,"cmd":"L"},{"x":41,"y":59.91,"cmd":"L"},{"x":43.33,"y":57.25,"cmd":"L"},{"x":45.02,"y":53.71,"cmd":"L"},{"x":45.87,"y":47.97,"cmd":"L"},{"x":46.17,"y":42,"cmd":"L"},{"x":46.27,"y":35,"cmd":"L"},{"x":46.29,"y":32,"cmd":"L"},{"x":46.03,"y":30.91,"cmd":"L"},{"x":45.15,"y":27.88,"cmd":"L"},{"x":44.94,"y":26.93,"cmd":"L"}],"parentId":"Top","idx":23},{"type":"pen","iteration":1685,"pathSpacing":{"clamp":{"min":5},"compatOverlapSegments":false,"enabled":true,"type":1},"blend":"normal","seed":794853934,"exportable":true,"findable":true,"fill":{"method":"fill","blend":"normal","enabled":false,"opacity":0,"type":"color","color":"black"},"filter":{"enabled":true,"opened":true,"stack":[]},"stroke":{"method":"stroke","blend":"normal","enabled":true,"opacity":1,"type":"color","color":"#000000","alignment":0.5,"lineCap":"round","lineDash":"none","lineDashOffset":0,"lineJoin":"miter","lineWidth":5.005,"lineWidthVariance":4.995,"miterLimit":4,"gradient":{"type":"linearGradient","noise":0,"spreadMethod":"pad","stops":[{"color":"#e43a15","offset":0},{"color":"#e65245","offset":1}],"x1":0,"y1":0.5,"x2":1,"y2":0.5}},"bbox":{"x":784.1074004,"y":311.4456026,"width":55.92645628928066,"height":45.7080719474131,"rotation":0,"scale":{"x":1,"y":1},"skew":{"x":0,"y":0},"anchor":{"x":0,"y":0}},"id":"4cf88cd5-cd96-464d-abfa-f9b8716dc157","pointerId":"you_66334","path":[{"x":34.9,"y":0.56,"cmd":"M"},{"x":34.9,"y":0.56,"cmd":"L"},{"x":30.02,"y":5.43,"cmd":"L"},{"x":26.82,"y":9.25,"cmd":"L"},{"x":22.79,"y":14.23,"cmd":"L"},{"x":19.12,"y":17.54,"cmd":"L"},{"x":16.83,"y":20.26,"cmd":"L"},{"x":15.2,"y":21.63,"cmd":"L"},{"x":14.75,"y":22.2,"cmd":"L"},{"x":14.21,"y":22.64,"cmd":"L"},{"x":13.49,"y":23.06,"cmd":"L"},{"x":12.36,"y":22.27,"cmd":"L"},{"x":10.63,"y":15.46,"cmd":"L"},{"x":10.12,"y":8.55,"cmd":"L"},{"x":10.56,"y":4.54,"cmd":"L"},{"x":11.95,"y":0.4,"cmd":"L"},{"x":12.32,"y":-1.5,"cmd":"L"},{"x":12.46,"y":-2.48,"cmd":"L"},{"x":12.46,"y":-2.48,"cmd":"L"},{"x":11.79,"y":-0.31,"cmd":"L"},{"x":9.83,"y":5.7,"cmd":"L"},{"x":6.05,"y":14.79,"cmd":"L"},{"x":2.89,"y":23.73,"cmd":"L"},{"x":0.03,"y":30.78,"cmd":"L"},{"x":-0.88,"y":32.81,"cmd":"L"},{"x":-1.17,"y":33.7,"cmd":"L"},{"x":4.07,"y":35.56,"cmd":"L"},{"x":29.9,"y":33.76,"cmd":"L"},{"x":36.97,"y":32.2,"cmd":"L"},{"x":44,"y":30.33,"cmd":"L"},{"x":45.93,"y":30.02,"cmd":"L"},{"x":45.93,"y":30.02,"cmd":"L"},{"x":45.93,"y":30.02,"cmd":"L"}],"parentId":"Top","idx":24},{"type":"pen","iteration":1704,"pathSpacing":{"clamp":{"min":5},"compatOverlapSegments":false,"enabled":true,"type":1},"blend":"normal","seed":1439381900,"exportable":true,"findable":true,"fill":{"method":"fill","blend":"normal","enabled":false,"opacity":0,"type":"color","color":"black"},"filter":{"enabled":true,"opened":true,"stack":[]},"stroke":{"method":"stroke","blend":"normal","enabled":true,"opacity":1,"type":"color","color":"#000000","alignment":0.5,"lineCap":"round","lineDash":"none","lineDashOffset":0,"lineJoin":"miter","lineWidth":5.005,"lineWidthVariance":4.995,"miterLimit":4,"gradient":{"type":"linearGradient","noise":0,"spreadMethod":"pad","stops":[{"color":"#e43a15","offset":0},{"color":"#e65245","offset":1}],"x1":0,"y1":0.5,"x2":1,"y2":0.5}},"bbox":{"x":402,"y":509.2799883,"width":66,"height":12.72,"rotation":0,"scale":{"x":1,"y":1},"skew":{"x":0,"y":0},"anchor":{"x":0,"y":0}},"id":"66f3e265-1f3f-4017-a61d-7946cae71741","pointerId":"you_66335","path":[{"x":0,"y":2.72,"cmd":"M"},{"x":4,"y":2.72,"cmd":"L"},{"x":16,"y":2.72,"cmd":"L"},{"x":36,"y":2.72,"cmd":"L"},{"x":50,"y":2.72,"cmd":"L"},{"x":53,"y":2.72,"cmd":"L"},{"x":56,"y":2.72,"cmd":"L"},{"x":56,"y":2.72,"cmd":"L"},{"x":53.94,"y":2.31,"cmd":"L"},{"x":49.92,"y":1.39,"cmd":"L"},{"x":48.96,"y":1.22,"cmd":"L"},{"x":46.98,"y":1.02,"cmd":"L"},{"x":42,"y":0.83,"cmd":"L"},{"x":34,"y":0.75,"cmd":"L"},{"x":23,"y":0.73,"cmd":"L"},{"x":16.98,"y":1.39,"cmd":"L"},{"x":13.93,"y":2.07,"cmd":"L"},{"x":15.01,"y":1.98,"cmd":"L"},{"x":20.04,"y":1.19,"cmd":"L"},{"x":24.06,"y":0.34,"cmd":"L"},{"x":26.02,"y":0.09,"cmd":"L"},{"x":27.01,"y":0,"cmd":"L"}],"parentId":"Top","idx":25},{"type":"pen","iteration":1717,"pathSpacing":{"clamp":{"min":5},"compatOverlapSegments":false,"enabled":true,"type":1},"blend":"normal","seed":254148670,"exportable":true,"findable":true,"fill":{"method":"fill","blend":"normal","enabled":false,"opacity":0,"type":"color","color":"black"},"filter":{"enabled":true,"opened":true,"stack":[]},"stroke":{"method":"stroke","blend":"normal","enabled":true,"opacity":1,"type":"color","color":"#000000","alignment":0.5,"lineCap":"round","lineDash":"none","lineDashOffset":0,"lineJoin":"miter","lineWidth":5.005,"lineWidthVariance":4.995,"miterLimit":4,"gradient":{"type":"linearGradient","noise":0,"spreadMethod":"pad","stops":[{"color":"#e43a15","offset":0},{"color":"#e65245","offset":1}],"x1":0,"y1":0.5,"x2":1,"y2":0.5}},"bbox":{"x":438.9985147,"y":499.99787,"width":29.49812323178334,"height":32.7,"rotation":0,"scale":{"x":1,"y":1},"skew":{"x":0,"y":0},"anchor":{"x":0,"y":0}},"id":"15115ebf-d489-4839-b0d1-94baf8c76bce","pointerId":"you_66336","path":[{"x":0,"y":0,"cmd":"M"},{"x":3,"y":0,"cmd":"L"},{"x":6.04,"y":0.51,"cmd":"L"},{"x":10.07,"y":1.37,"cmd":"L"},{"x":13.26,"y":2.78,"cmd":"L"},{"x":15.28,"y":3.73,"cmd":"L"},{"x":17.1,"y":4.22,"cmd":"L"},{"x":18.27,"y":4.75,"cmd":"L"},{"x":19.07,"y":5.7,"cmd":"L"},{"x":19.48,"y":6.41,"cmd":"L"},{"x":19.83,"y":7.24,"cmd":"L"},{"x":19.52,"y":9.04,"cmd":"L"},{"x":17.53,"y":12.42,"cmd":"L"},{"x":13.77,"y":17.58,"cmd":"L"},{"x":11.2,"y":19.96,"cmd":"L"},{"x":8.37,"y":22.16,"cmd":"L"},{"x":7.92,"y":22.7,"cmd":"L"}],"parentId":"Top","idx":26},{"type":"pen","iteration":1725,"pathSpacing":{"clamp":{"min":5},"compatOverlapSegments":false,"enabled":true,"type":1},"blend":"normal","seed":685954854,"exportable":true,"findable":true,"fill":{"method":"fill","blend":"normal","enabled":false,"opacity":0,"type":"color","color":"black"},"filter":{"enabled":true,"opened":true,"stack":[]},"stroke":{"method":"stroke","blend":"normal","enabled":true,"opacity":1,"type":"color","color":"#000000","alignment":0.5,"lineCap":"round","lineDash":"none","lineDashOffset":0,"lineJoin":"miter","lineWidth":5.005,"lineWidthVariance":4.995,"miterLimit":4,"gradient":{"type":"linearGradient","noise":0,"spreadMethod":"pad","stops":[{"color":"#e43a15","offset":0},{"color":"#e65245","offset":1}],"x1":0,"y1":0.5,"x2":1,"y2":0.5}},"bbox":{"x":188.9988391,"y":375.4949134,"width":436.1046662076099,"height":49.53995634345161,"rotation":0,"scale":{"x":1,"y":1},"skew":{"x":0,"y":0},"anchor":{"x":0,"y":0}},"id":"90a4baf8-304b-4d67-b2f2-3db67a796bae","pointerId":"you_66337","path":[{"x":0,"y":23.5,"cmd":"M"},{"x":0,"y":23.5,"cmd":"L"},{"x":0,"y":23.5,"cmd":"L"},{"x":1.09,"y":23.78,"cmd":"L"},{"x":13,"y":24.36,"cmd":"L"},{"x":17,"y":24.44,"cmd":"L"},{"x":29,"y":24.49,"cmd":"L"},{"x":33,"y":24.5,"cmd":"L"},{"x":37,"y":24.5,"cmd":"L"},{"x":42,"y":24.5,"cmd":"L"},{"x":46,"y":24.5,"cmd":"L"},{"x":53,"y":24.5,"cmd":"L"},{"x":61,"y":24.5,"cmd":"L"},{"x":69,"y":24.5,"cmd":"L"},{"x":78,"y":24.5,"cmd":"L"},{"x":95,"y":24.5,"cmd":"L"},{"x":110,"y":24.5,"cmd":"L"},{"x":128.01,"y":22.79,"cmd":"L"},{"x":134,"y":22.6,"cmd":"L"},{"x":152,"y":22.52,"cmd":"L"},{"x":170,"y":22.51,"cmd":"L"},{"x":185,"y":22.5,"cmd":"L"},{"x":202,"y":22.5,"cmd":"L"},{"x":216,"y":22.5,"cmd":"L"},{"x":233,"y":22.5,"cmd":"L"},{"x":247,"y":22.5,"cmd":"L"},{"x":255.01,"y":21.78,"cmd":"L"},{"x":265,"y":21.57,"cmd":"L"},{"x":272,"y":21.52,"cmd":"L"},{"x":282,"y":21.51,"cmd":"L"},{"x":288,"y":21.51,"cmd":"L"},{"x":290,"y":21.5,"cmd":"L"},{"x":295,"y":21.5,"cmd":"L"},{"x":301,"y":21.5,"cmd":"L"},{"x":309,"y":21.5,"cmd":"L"},{"x":316,"y":21.5,"cmd":"L"},{"x":318,"y":21.5,"cmd":"L"},{"x":323,"y":21.5,"cmd":"L"},{"x":331,"y":21.5,"cmd":"L"},{"x":336,"y":21.5,"cmd":"L"},{"x":341.02,"y":20.88,"cmd":"L"},{"x":345,"y":20.66,"cmd":"L"},{"x":349,"y":20.57,"cmd":"L"},{"x":356.02,"y":19.82,"cmd":"L"},{"x":358.01,"y":19.7,"cmd":"L"},{"x":364.03,"y":18.9,"cmd":"L"},{"x":368,"y":18.67,"cmd":"L"},{"x":374,"y":18.56,"cmd":"L"},{"x":378,"y":18.53,"cmd":"L"},{"x":383,"y":18.51,"cmd":"L"},{"x":385,"y":18.51,"cmd":"L"},{"x":392.01,"y":19.21,"cmd":"L"},{"x":403.01,"y":20.23,"cmd":"L"},{"x":408,"y":20.4,"cmd":"L"},{"x":413,"y":20.46,"cmd":"L"},{"x":414,"y":20.47,"cmd":"L"},{"x":417.15,"y":19.44,"cmd":"L"},{"x":418.08,"y":19.21,"cmd":"L"},{"x":419.05,"y":19.04,"cmd":"L"},{"x":421.02,"y":18.83,"cmd":"L"},{"x":421.02,"y":18.83,"cmd":"L"},{"x":417.86,"y":14.85,"cmd":"L"},{"x":412.33,"y":10.39,"cmd":"L"},{"x":407.34,"y":6.38,"cmd":"L"},{"x":403.56,"y":4.07,"cmd":"L"},{"x":402.12,"y":2.63,"cmd":"L"},{"x":399.56,"y":1.07,"cmd":"L"},{"x":399.12,"y":0.63,"cmd":"L"},{"x":398.48,"y":0.19,"cmd":"L"},{"x":404.12,"y":7.17,"cmd":"L"},{"x":410.69,"y":12.59,"cmd":"L"},{"x":417.71,"y":18.56,"cmd":"L"},{"x":421.82,"y":22.44,"cmd":"L"},{"x":423.58,"y":23.73,"cmd":"L"},{"x":425.46,"y":24.91,"cmd":"L"},{"x":425.9,"y":25.36,"cmd":"L"},{"x":425.52,"y":27.55,"cmd":"L"},{"x":421.21,"y":31.48,"cmd":"L"},{"x":414.63,"y":35.07,"cmd":"L"},{"x":406.85,"y":37.58,"cmd":"L"},{"x":402.89,"y":38.69,"cmd":"L"},{"x":401.72,"y":39.24,"cmd":"L"},{"x":400.84,"y":39.54,"cmd":"L"}],"parentId":"Top","idx":27},{"type":"pen","iteration":1783,"pathSpacing":{"clamp":{"min":5},"compatOverlapSegments":false,"enabled":true,"type":1},"blend":"normal","seed":170946547,"exportable":true,"findable":true,"fill":{"method":"fill","blend":"normal","enabled":false,"opacity":0,"type":"color","color":"black"},"filter":{"enabled":true,"opened":true,"stack":[]},"stroke":{"method":"stroke","blend":"normal","enabled":true,"opacity":1,"type":"color","color":"#000000","alignment":0.5,"lineCap":"round","lineDash":"none","lineDashOffset":0,"lineJoin":"miter","lineWidth":5.005,"lineWidthVariance":4.995,"miterLimit":4,"gradient":{"type":"linearGradient","noise":0,"spreadMethod":"pad","stops":[{"color":"#e43a15","offset":0},{"color":"#e65245","offset":1}],"x1":0,"y1":0.5,"x2":1,"y2":0.5}},"bbox":{"x":152.3008744,"y":416.4981597,"width":46.470331726305055,"height":51.42833686568004,"rotation":0,"scale":{"x":1,"y":1},"skew":{"x":0,"y":0},"anchor":{"x":0,"y":0}},"id":"a9d4d665-d7e0-4d5b-91db-7c2164e53724","pointerId":"you_66338","path":[{"x":28.7,"y":7.5,"cmd":"M"},{"x":28.7,"y":7.5,"cmd":"L"},{"x":28.19,"y":7.17,"cmd":"L"},{"x":27.08,"y":6.32,"cmd":"L"},{"x":25.47,"y":5.65,"cmd":"L"},{"x":21.66,"y":5,"cmd":"L"},{"x":19.68,"y":4.8,"cmd":"L"},{"x":15.5,"y":6.42,"cmd":"L"},{"x":11.27,"y":8.96,"cmd":"L"},{"x":4.82,"y":15.38,"cmd":"L"},{"x":2.37,"y":19.02,"cmd":"L"},{"x":0.71,"y":23.68,"cmd":"L"},{"x":0.14,"y":27.54,"cmd":"L"},{"x":-0.04,"y":29.51,"cmd":"L"},{"x":-0.14,"y":31.51,"cmd":"L"},{"x":0.08,"y":32.57,"cmd":"L"},{"x":2.86,"y":36.14,"cmd":"L"},{"x":5.23,"y":37.79,"cmd":"L"},{"x":10.01,"y":40.17,"cmd":"L"},{"x":13.76,"y":40.91,"cmd":"L"},{"x":19.7,"y":41.31,"cmd":"L"},{"x":24.7,"y":41.43,"cmd":"L"},{"x":28.93,"y":39.66,"cmd":"L"},{"x":32.46,"y":36.5,"cmd":"L"},{"x":34.57,"y":31.28,"cmd":"L"},{"x":36.06,"y":24.43,"cmd":"L"},{"x":36.46,"y":19.49,"cmd":"L"},{"x":34.37,"y":10.43,"cmd":"L"},{"x":32.78,"y":6.3,"cmd":"L"},{"x":31.92,"y":5.52,"cmd":"L"},{"x":29.87,"y":3.57,"cmd":"L"},{"x":27.28,"y":2.03,"cmd":"L"},{"x":25.32,"y":0.95,"cmd":"L"},{"x":23.56,"y":0.4,"cmd":"L"},{"x":21.65,"y":0.05,"cmd":"L"},{"x":19.68,"y":-0.17,"cmd":"L"},{"x":19.62,"y":-0.16,"cmd":"L"},{"x":19.31,"y":0.02,"cmd":"L"},{"x":18.87,"y":0.44,"cmd":"L"},{"x":18.43,"y":1.06,"cmd":"L"},{"x":17.93,"y":1.5,"cmd":"L"},{"x":16.92,"y":3.76,"cmd":"L"}],"parentId":"Top","idx":28},{"type":"pen","iteration":1804,"pathSpacing":{"clamp":{"min":5},"compatOverlapSegments":false,"enabled":true,"type":1},"blend":"normal","seed":134806892,"exportable":true,"findable":true,"fill":{"method":"fill","blend":"normal","enabled":false,"opacity":0,"type":"color","color":"black"},"filter":{"enabled":true,"opened":true,"stack":[]},"stroke":{"method":"stroke","blend":"normal","enabled":true,"opacity":1,"type":"color","color":"#000000","alignment":0.5,"lineCap":"round","lineDash":"none","lineDashOffset":0,"lineJoin":"miter","lineWidth":5.005,"lineWidthVariance":4.995,"miterLimit":4,"gradient":{"type":"linearGradient","noise":0,"spreadMethod":"pad","stops":[{"color":"#e43a15","offset":0},{"color":"#e65245","offset":1}],"x1":0,"y1":0.5,"x2":1,"y2":0.5}},"bbox":{"x":168.9969422,"y":439.0024354,"width":31.129492726807822,"height":31.22761587097304,"rotation":0,"scale":{"x":1,"y":1},"skew":{"x":0,"y":0},"anchor":{"x":0,"y":0}},"id":"96f4e2f8-b10b-4000-ac58-df1216142b87","pointerId":"you_66339","path":[{"x":0,"y":0,"cmd":"M"},{"x":0.34,"y":0.5,"cmd":"L"},{"x":5.01,"y":5.76,"cmd":"L"},{"x":9.92,"y":10.84,"cmd":"L"},{"x":13.89,"y":14.87,"cmd":"L"},{"x":17.7,"y":18.07,"cmd":"L"},{"x":19.79,"y":19.98,"cmd":"L"},{"x":20.82,"y":20.94,"cmd":"L"}],"parentId":"Top","idx":29},{"type":"pen","iteration":1811,"pathSpacing":{"clamp":{"min":5},"compatOverlapSegments":false,"enabled":true,"type":1},"blend":"normal","seed":889459439,"exportable":true,"findable":true,"fill":{"method":"fill","blend":"normal","enabled":false,"opacity":0,"type":"color","color":"black"},"filter":{"enabled":true,"opened":true,"stack":[]},"stroke":{"method":"stroke","blend":"normal","enabled":true,"opacity":1,"type":"color","color":"#000000","alignment":0.5,"lineCap":"round","lineDash":"none","lineDashOffset":0,"lineJoin":"miter","lineWidth":5.005,"lineWidthVariance":4.995,"miterLimit":4,"gradient":{"type":"linearGradient","noise":0,"spreadMethod":"pad","stops":[{"color":"#e43a15","offset":0},{"color":"#e65245","offset":1}],"x1":0,"y1":0.5,"x2":1,"y2":0.5}},"bbox":{"x":473.1419282,"y":528.4625655,"width":69.96140007680293,"height":67.53688380573632,"rotation":0,"scale":{"x":1,"y":1},"skew":{"x":0,"y":0},"anchor":{"x":0,"y":0}},"id":"273910a0-cc14-4b43-9041-c11f68b1a4af","pointerId":"you_66340","path":[{"x":28.86,"y":57.54,"cmd":"M"},{"x":28.86,"y":57.54,"cmd":"L"},{"x":28.86,"y":57.54,"cmd":"L"},{"x":28.86,"y":57.54,"cmd":"L"},{"x":26.08,"y":51.28,"cmd":"L"},{"x":23.8,"y":44.39,"cmd":"L"},{"x":20.74,"y":34.41,"cmd":"L"},{"x":16.65,"y":19.43,"cmd":"L"},{"x":14.76,"y":13.4,"cmd":"L"},{"x":13.03,"y":9.3,"cmd":"L"},{"x":12.45,"y":6.48,"cmd":"L"},{"x":11.78,"y":4.39,"cmd":"L"},{"x":11.53,"y":4.03,"cmd":"L"},{"x":10.34,"y":4.85,"cmd":"L"},{"x":6.05,"y":14.78,"cmd":"L"},{"x":4.33,"y":25.58,"cmd":"L"},{"x":1.94,"y":31.74,"cmd":"L"},{"x":0.43,"y":39.59,"cmd":"L"},{"x":0.14,"y":42.55,"cmd":"L"},{"x":0,"y":45.54,"cmd":"L"},{"x":-0.03,"y":46.54,"cmd":"L"},{"x":-0.06,"y":47.54,"cmd":"L"},{"x":-0.08,"y":48.54,"cmd":"L"},{"x":2,"y":45.89,"cmd":"L"},{"x":6.38,"y":38.15,"cmd":"L"},{"x":13.56,"y":23.24,"cmd":"L"},{"x":18.74,"y":10.32,"cmd":"L"},{"x":22.21,"y":5.04,"cmd":"L"},{"x":25.28,"y":0.09,"cmd":"L"},{"x":26.1,"y":-1.03,"cmd":"L"},{"x":26.19,"y":-1.09,"cmd":"L"},{"x":29.33,"y":0.92,"cmd":"L"},{"x":35.49,"y":5.7,"cmd":"L"},{"x":41.8,"y":12.36,"cmd":"L"},{"x":49.42,"y":17.8,"cmd":"L"},{"x":52.79,"y":21.36,"cmd":"L"},{"x":55.32,"y":22.94,"cmd":"L"},{"x":58.14,"y":24.27,"cmd":"L"},{"x":59.96,"y":24.76,"cmd":"L"}],"parentId":"Top","idx":30},{"type":"pen","iteration":1837,"pathSpacing":{"clamp":{"min":5},"compatOverlapSegments":false,"enabled":true,"type":1},"blend":"normal","seed":1560282391,"exportable":true,"findable":true,"fill":{"method":"fill","blend":"normal","enabled":false,"opacity":0,"type":"color","color":"black"},"filter":{"enabled":true,"opened":true,"stack":[]},"stroke":{"method":"stroke","blend":"normal","enabled":true,"opacity":1,"type":"color","color":"#000000","alignment":0.5,"lineCap":"round","lineDash":"none","lineDashOffset":0,"lineJoin":"miter","lineWidth":5.005,"lineWidthVariance":4.995,"miterLimit":4,"gradient":{"type":"linearGradient","noise":0,"spreadMethod":"pad","stops":[{"color":"#e43a15","offset":0},{"color":"#e65245","offset":1}],"x1":0,"y1":0.5,"x2":1,"y2":0.5}},"bbox":{"x":441.1521366,"y":481.1521579,"width":81.6854416740235,"height":68.98395215964162,"rotation":0,"scale":{"x":1,"y":1},"skew":{"x":0,"y":0},"anchor":{"x":0,"y":0}},"id":"158c9e44-fa65-435d-9f9c-deb6ae405ef8","pointerId":"you_66341","path":[{"x":7.85,"y":7.85,"cmd":"M"},{"x":7.34,"y":8.19,"cmd":"L"},{"x":6.23,"y":9.03,"cmd":"L"},{"x":5.49,"y":9.43,"cmd":"L"},{"x":2.8,"y":12.57,"cmd":"L"},{"x":1.31,"y":15.23,"cmd":"L"},{"x":0.6,"y":17.95,"cmd":"L"},{"x":0.17,"y":21.87,"cmd":"L"},{"x":0.01,"y":24.85,"cmd":"L"},{"x":-0.07,"y":27.85,"cmd":"L"},{"x":2.08,"y":35.95,"cmd":"L"},{"x":6.22,"y":42.33,"cmd":"L"},{"x":10.19,"y":48.35,"cmd":"L"},{"x":14.7,"y":52.75,"cmd":"L"},{"x":21.35,"y":57.19,"cmd":"L"},{"x":26.02,"y":58.84,"cmd":"L"},{"x":28.89,"y":59.34,"cmd":"L"},{"x":36.85,"y":58.98,"cmd":"L"},{"x":44.9,"y":57.42,"cmd":"L"},{"x":54.22,"y":52.3,"cmd":"L"},{"x":61.24,"y":48.33,"cmd":"L"},{"x":65.86,"y":43.1,"cmd":"L"},{"x":68.98,"y":39.19,"cmd":"L"},{"x":69.38,"y":38.47,"cmd":"L"},{"x":70.8,"y":34.66,"cmd":"L"},{"x":71.32,"y":31.8,"cmd":"L"},{"x":71.67,"y":25.84,"cmd":"L"},{"x":68.92,"y":18.65,"cmd":"L"},{"x":64.69,"y":13.22,"cmd":"L"},{"x":62.08,"y":10.86,"cmd":"L"},{"x":52.62,"y":6.99,"cmd":"L"},{"x":44.56,"y":3.14,"cmd":"L"},{"x":35.79,"y":1.43,"cmd":"L"},{"x":30.79,"y":0.43,"cmd":"L"},{"x":26.84,"y":0.1,"cmd":"L"},{"x":24.84,"y":0,"cmd":"L"},{"x":21.85,"y":-0.07,"cmd":"L"},{"x":18.7,"y":0.93,"cmd":"L"},{"x":15.7,"y":1.92,"cmd":"L"},{"x":14.23,"y":3.03,"cmd":"L"}],"parentId":"Top","idx":31}],"resources":[{"author":[{"bio":null,"name":"MADType","email":"http://www.madtype.com | mattdesmond@gmail.com","filename":["Abel-Regular.ttf"],"imageUrl":"https://lh3.googleusercontent.com/S9Xc2UCtPAwSf0Scny0AiwrxBDZ6mHb9zobozAg2IRMSnV0mEryRFoUiY4w","copyright":"Copyright (c) 2011, Matthew Desmond (http://www.madtype.com | mattdesmond@gmail.com), with Reserved Font Name Abel."}],"defaultVariant":"normal 400","key":"abel","preview":{"normal 400":{"url":"https://asset.paintserver.com/abel-regular.png","width":170,"height":80}},"title":"Abel","type":["font"],"value":{"normal 400":{"ttf":"https://asset.paintserver.com/93ce77a7cf019a94c2f9b2fdc04b2e7d.ttf","woff":"https://asset.paintserver.com/fddfd90105b27ee60048ec036f77398b.woff","style":"normal","woff2":"https://asset.paintserver.com/f2a14a03721b71b489f01a14e97f6489.woff2","weight":"400"}},"variants":["normal 400"],"availableStyles":{"normal":true},"availableWeights":{"400":true},"hasHeavyVariant":false,"hasItalicVariant":false,"hasLightVariant":true,"selected":true}]}