{"version":"2021.4.25.11","config":{"name":"Drawing-6.sketchpad","surface":{"method":"fill","blend":"normal","enabled":true,"opacity":1,"type":"color","color":"#ffffff"},"clipPath":{"enabled":true,"style":{"strokeStyle":"black","lineWidth":1}},"description":"Made with Sketchpad","metadata":{},"exportDPI":72,"exportFormat":"png","exportQuality":0.95,"units":"px","width":1536,"height":731,"pages":[{"width":1536,"height":731}],"uuid":"f0281ab5-2286-4301-b622-34c182238e00"},"layers":[{"type":"pencil","iteration":1,"blend":"normal","seed":816436089,"exportable":true,"findable":true,"fill":{"method":"fill","blend":"normal","enabled":false,"opacity":0,"type":"color","color":"black"},"filter":{"enabled":true,"opened":true,"stack":[]},"stroke":{"method":"stroke","blend":"normal","enabled":true,"opacity":1,"type":"color","color":"#000000","alignment":0.5,"lineCap":"round","lineDash":"none","lineDashOffset":0,"lineJoin":"miter","lineWidth":4.9,"lineWidthVariance":0,"miterLimit":4,"gradient":{"type":"linearGradient","noise":0,"spreadMethod":"pad","stops":[{"color":"#e43a15","offset":0},{"color":"#e65245","offset":1}],"x1":0,"y1":0.5,"x2":1,"y2":0.5}},"bbox":{"x":103,"y":92.0000599679197,"width":87.00000000059936,"height":7.999940032080303,"rotation":0,"scale":{"x":1,"y":1},"skew":{"x":0,"y":0},"anchor":{"x":0,"y":0}},"id":"caae67ac-f393-4d51-aa36-d3f1ff07ce7f","pointerId":"you_66869","pathSmoothing":{"enabled":true,"alpha":0.5,"tension":1,"type":0},"path":[{"x":0,"y":2,"cmd":"M"},{"x":0,"y":2,"cmd":"L"},{"x":6.07,"y":0.65,"cmd":"L"},{"x":25,"y":0.09,"cmd":"L"},{"x":42,"y":0.01,"cmd":"L"},{"x":62,"y":0,"cmd":"L"},{"x":73,"y":0,"cmd":"L"},{"x":77,"y":0,"cmd":"L"},{"x":80,"y":0,"cmd":"L"},{"x":81,"y":0,"cmd":"L"}],"parentId":"Top","idx":0},{"type":"pencil","iteration":1,"blend":"normal","seed":846556065,"exportable":true,"findable":true,"fill":{"method":"fill","blend":"normal","enabled":false,"opacity":0,"type":"color","color":"black"},"filter":{"enabled":true,"opened":true,"stack":[]},"stroke":{"method":"stroke","blend":"normal","enabled":true,"opacity":1,"type":"color","color":"#000000","alignment":0.5,"lineCap":"round","lineDash":"none","lineDashOffset":0,"lineJoin":"miter","lineWidth":4.9,"lineWidthVariance":0,"miterLimit":4,"gradient":{"type":"linearGradient","noise":0,"spreadMethod":"pad","stops":[{"color":"#e43a15","offset":0},{"color":"#e65245","offset":1}],"x1":0,"y1":0.5,"x2":1,"y2":0.5}},"bbox":{"x":154.85617631411313,"y":94,"width":9.466873361889412,"height":67.07737476592709,"rotation":0,"scale":{"x":1,"y":1},"skew":{"x":0,"y":0},"anchor":{"x":0,"y":0}},"id":"4a258ce1-07b5-4c03-a8cb-ca4c585a066d","pointerId":"you_66870","pathSmoothing":{"enabled":true,"alpha":0.5,"tension":1,"type":0},"path":[{"x":0.14,"y":0,"cmd":"M"},{"x":0.14,"y":0,"cmd":"L"},{"x":0.14,"y":14,"cmd":"L"},{"x":0.14,"y":20,"cmd":"L"},{"x":0.14,"y":33,"cmd":"L"},{"x":0.14,"y":45,"cmd":"L"},{"x":1.61,"y":53.05,"cmd":"L"},{"x":3.47,"y":61.08,"cmd":"L"}],"parentId":"Top","idx":1},{"type":"pencil","iteration":1,"blend":"normal","seed":1713204592,"exportable":true,"findable":true,"fill":{"method":"fill","blend":"normal","enabled":false,"opacity":0,"type":"color","color":"black"},"filter":{"enabled":true,"opened":true,"stack":[]},"stroke":{"method":"stroke","blend":"normal","enabled":true,"opacity":1,"type":"color","color":"#000000","alignment":0.5,"lineCap":"round","lineDash":"none","lineDashOffset":0,"lineJoin":"miter","lineWidth":4.9,"lineWidthVariance":0,"miterLimit":4,"gradient":{"type":"linearGradient","noise":0,"spreadMethod":"pad","stops":[{"color":"#e43a15","offset":0},{"color":"#e65245","offset":1}],"x1":0,"y1":0.5,"x2":1,"y2":0.5}},"bbox":{"x":175.0836808715704,"y":126.6236581333967,"width":25.916319128429592,"height":28.92826082419748,"rotation":0,"scale":{"x":1,"y":1},"skew":{"x":0,"y":0},"anchor":{"x":0,"y":0}},"id":"a886103d-77e8-400d-8685-ddc391f7036b","pointerId":"you_66871","pathSmoothing":{"enabled":true,"alpha":0.5,"tension":1,"type":0},"path":[{"x":19.92,"y":4.38,"cmd":"M"},{"x":19.92,"y":4.38,"cmd":"L"},{"x":19.92,"y":4.38,"cmd":"L"},{"x":18.32,"y":3.18,"cmd":"L"},{"x":14.5,"y":0.91,"cmd":"L"},{"x":10.84,"y":0.06,"cmd":"L"},{"x":8.91,"y":0.18,"cmd":"L"},{"x":3.43,"y":3.74,"cmd":"L"},{"x":1.5,"y":6.83,"cmd":"L"},{"x":0.53,"y":11.44,"cmd":"L"},{"x":0.18,"y":15.39,"cmd":"L"},{"x":0.05,"y":18.38,"cmd":"L"},{"x":0.87,"y":20.57,"cmd":"L"},{"x":3.29,"y":21.92,"cmd":"L"},{"x":5.06,"y":22.47,"cmd":"L"},{"x":7.95,"y":22.92,"cmd":"L"},{"x":10.05,"y":22.27,"cmd":"L"}],"parentId":"Top","idx":2},{"type":"pencil","iteration":1,"blend":"normal","seed":1814716316,"exportable":true,"findable":true,"fill":{"method":"fill","blend":"normal","enabled":false,"opacity":0,"type":"color","color":"black"},"filter":{"enabled":true,"opened":true,"stack":[]},"stroke":{"method":"stroke","blend":"normal","enabled":true,"opacity":1,"type":"color","color":"#000000","alignment":0.5,"lineCap":"round","lineDash":"none","lineDashOffset":0,"lineJoin":"miter","lineWidth":4.9,"lineWidthVariance":0,"miterLimit":4,"gradient":{"type":"linearGradient","noise":0,"spreadMethod":"pad","stops":[{"color":"#e43a15","offset":0},{"color":"#e65245","offset":1}],"x1":0,"y1":0.5,"x2":1,"y2":0.5}},"bbox":{"x":210.9579661744273,"y":117.57061255491084,"width":37.94996554438441,"height":86.7409326103317,"rotation":0,"scale":{"x":1,"y":1},"skew":{"x":0,"y":0},"anchor":{"x":0,"y":0}},"id":"6411db09-2f5e-4355-860e-ec693d589bff","pointerId":"you_66872","pathSmoothing":{"enabled":true,"alpha":0.5,"tension":1,"type":0},"path":[{"x":0.04,"y":14.43,"cmd":"M"},{"x":0.04,"y":20.43,"cmd":"L"},{"x":0.04,"y":31.43,"cmd":"L"},{"x":0.91,"y":50.43,"cmd":"L"},{"x":3.39,"y":61.5,"cmd":"L"},{"x":10.61,"y":74.79,"cmd":"L"},{"x":12.13,"y":79.57,"cmd":"L"},{"x":12.71,"y":80.74,"cmd":"L"},{"x":12.71,"y":80.74,"cmd":"L"},{"x":12.16,"y":66.43,"cmd":"L"},{"x":10.39,"y":51.41,"cmd":"L"},{"x":9.35,"y":41.41,"cmd":"L"},{"x":9.1,"y":29.43,"cmd":"L"},{"x":9.05,"y":15.43,"cmd":"L"},{"x":13.1,"y":3.28,"cmd":"L"},{"x":14.89,"y":1.52,"cmd":"L"},{"x":19.16,"y":0.27,"cmd":"L"},{"x":25.04,"y":0.38,"cmd":"L"},{"x":28.75,"y":3.5,"cmd":"L"},{"x":31.1,"y":10.58,"cmd":"L"},{"x":31.68,"y":15.45,"cmd":"L"},{"x":31.92,"y":21.43,"cmd":"L"},{"x":31.56,"y":23.47,"cmd":"L"},{"x":24.7,"y":27.04,"cmd":"L"},{"x":21.81,"y":28.26,"cmd":"L"},{"x":16.02,"y":29.03,"cmd":"L"},{"x":10.04,"y":29.3,"cmd":"L"},{"x":5.04,"y":29.38,"cmd":"L"},{"x":3.04,"y":29.4,"cmd":"L"},{"x":1.96,"y":29.14,"cmd":"L"}],"parentId":"Top","idx":3},{"type":"pencil","iteration":1,"blend":"normal","seed":1087870913,"exportable":true,"findable":true,"fill":{"method":"fill","blend":"normal","enabled":false,"opacity":0,"type":"color","color":"black"},"filter":{"enabled":true,"opened":true,"stack":[]},"stroke":{"method":"stroke","blend":"normal","enabled":true,"opacity":1,"type":"color","color":"#000000","alignment":0.5,"lineCap":"round","lineDash":"none","lineDashOffset":0,"lineJoin":"miter","lineWidth":4.9,"lineWidthVariance":0,"miterLimit":4,"gradient":{"type":"linearGradient","noise":0,"spreadMethod":"pad","stops":[{"color":"#e43a15","offset":0},{"color":"#e65245","offset":1}],"x1":0,"y1":0.5,"x2":1,"y2":0.5}},"bbox":{"x":92.12694609092546,"y":255,"width":7.958716328795816,"height":119.00268708840758,"rotation":0,"scale":{"x":1,"y":1},"skew":{"x":0,"y":0},"anchor":{"x":0,"y":0}},"id":"c4230628-b70b-41e8-8a4b-a713940de3b2","pointerId":"you_66873","pathSmoothing":{"enabled":true,"alpha":0.5,"tension":1,"type":0},"path":[{"x":1.87,"y":0,"cmd":"M"},{"x":1.87,"y":1,"cmd":"L"},{"x":1.87,"y":11,"cmd":"L"},{"x":1.87,"y":29,"cmd":"L"},{"x":1.87,"y":51,"cmd":"L"},{"x":1.87,"y":71,"cmd":"L"},{"x":1.87,"y":85,"cmd":"L"},{"x":1.17,"y":92.01,"cmd":"L"},{"x":0.04,"y":112,"cmd":"L"},{"x":0,"y":113,"cmd":"L"}],"parentId":"Top","idx":4},{"type":"pencil","iteration":1,"blend":"normal","seed":1863956475,"exportable":true,"findable":true,"fill":{"method":"fill","blend":"normal","enabled":false,"opacity":0,"type":"color","color":"black"},"filter":{"enabled":true,"opened":true,"stack":[]},"stroke":{"method":"stroke","blend":"normal","enabled":true,"opacity":1,"type":"color","color":"#000000","alignment":0.5,"lineCap":"round","lineDash":"none","lineDashOffset":0,"lineJoin":"miter","lineWidth":4.9,"lineWidthVariance":0,"miterLimit":4,"gradient":{"type":"linearGradient","noise":0,"spreadMethod":"pad","stops":[{"color":"#e43a15","offset":0},{"color":"#e65245","offset":1}],"x1":0,"y1":0.5,"x2":1,"y2":0.5}},"bbox":{"x":73.99339831538653,"y":249.29926468882167,"width":159.00267477442088,"height":120.50182194953283,"rotation":0,"scale":{"x":1,"y":1},"skew":{"x":0,"y":0},"anchor":{"x":0,"y":0}},"id":"2095dd34-568b-4b8b-b537-e524c603730b","pointerId":"you_66874","pathSmoothing":{"enabled":true,"alpha":0.5,"tension":1,"type":0},"path":[{"x":21.01,"y":4.7,"cmd":"M"},{"x":21.01,"y":4.7,"cmd":"L"},{"x":30.01,"y":4.7,"cmd":"L"},{"x":41.01,"y":4.7,"cmd":"L"},{"x":70.01,"y":4.7,"cmd":"L"},{"x":82.01,"y":4.7,"cmd":"L"},{"x":92.01,"y":4.7,"cmd":"L"},{"x":99.01,"y":4.7,"cmd":"L"},{"x":106.02,"y":4,"cmd":"L"},{"x":109.07,"y":3.34,"cmd":"L"},{"x":111.03,"y":3.08,"cmd":"L"},{"x":113.02,"y":2.93,"cmd":"L"},{"x":115.09,"y":2.42,"cmd":"L"},{"x":125.01,"y":1.87,"cmd":"L"},{"x":132.03,"y":1.05,"cmd":"L"},{"x":136.01,"y":0.85,"cmd":"L"},{"x":141.04,"y":0.13,"cmd":"L"},{"x":141.3,"y":0,"cmd":"L"},{"x":141.3,"y":0,"cmd":"L"},{"x":142.24,"y":1.28,"cmd":"L"},{"x":143.31,"y":5.78,"cmd":"L"},{"x":144.62,"y":15.73,"cmd":"L"},{"x":145.71,"y":26.72,"cmd":"L"},{"x":145.93,"y":34.7,"cmd":"L"},{"x":147.57,"y":45.73,"cmd":"L"},{"x":147.86,"y":51.7,"cmd":"L"},{"x":148.63,"y":57.72,"cmd":"L"},{"x":148.88,"y":63.7,"cmd":"L"},{"x":150.52,"y":73.74,"cmd":"L"},{"x":151.56,"y":80.73,"cmd":"L"},{"x":152.53,"y":86.74,"cmd":"L"},{"x":152.83,"y":91.71,"cmd":"L"},{"x":152.87,"y":92.7,"cmd":"L"},{"x":152.93,"y":94.7,"cmd":"L"},{"x":152.95,"y":95.7,"cmd":"L"},{"x":152.97,"y":97.7,"cmd":"L"},{"x":152.98,"y":98.7,"cmd":"L"},{"x":152.99,"y":99.7,"cmd":"L"},{"x":152.72,"y":100.79,"cmd":"L"},{"x":149.48,"y":103.01,"cmd":"L"},{"x":142.89,"y":104.88,"cmd":"L"},{"x":132.94,"y":107.06,"cmd":"L"},{"x":112,"y":108.5,"cmd":"L"},{"x":99.01,"y":108.66,"cmd":"L"},{"x":87.01,"y":108.69,"cmd":"L"},{"x":69,"y":109.56,"cmd":"L"},{"x":63.01,"y":109.65,"cmd":"L"},{"x":41.98,"y":112.32,"cmd":"L"},{"x":26.01,"y":112.64,"cmd":"L"},{"x":16.99,"y":113.44,"cmd":"L"},{"x":8.01,"y":113.63,"cmd":"L"},{"x":1.99,"y":114.35,"cmd":"L"},{"x":0.99,"y":114.44,"cmd":"L"},{"x":0,"y":114.5,"cmd":"L"}],"parentId":"Top","idx":5},{"type":"pencil","iteration":1,"blend":"normal","seed":1794594682,"exportable":true,"findable":true,"fill":{"method":"fill","blend":"normal","enabled":false,"opacity":0,"type":"color","color":"black"},"filter":{"enabled":true,"opened":true,"stack":[]},"stroke":{"method":"stroke","blend":"normal","enabled":true,"opacity":1,"type":"color","color":"#000000","alignment":0.5,"lineCap":"round","lineDash":"none","lineDashOffset":0,"lineJoin":"miter","lineWidth":4.9,"lineWidthVariance":0,"miterLimit":4,"gradient":{"type":"linearGradient","noise":0,"spreadMethod":"pad","stops":[{"color":"#e43a15","offset":0},{"color":"#e65245","offset":1}],"x1":0,"y1":0.5,"x2":1,"y2":0.5}},"bbox":{"x":256,"y":298.58453368663567,"width":99.47678444642742,"height":15.415466313364334,"rotation":0,"scale":{"x":1,"y":1},"skew":{"x":0,"y":0},"anchor":{"x":0,"y":0}},"id":"faa93298-ffe6-489e-be01-9670379c8797","pointerId":"you_66875","pathSmoothing":{"enabled":true,"alpha":0.5,"tension":1,"type":0},"path":[{"x":0,"y":9.42,"cmd":"M"},{"x":0,"y":9.42,"cmd":"L"},{"x":11.01,"y":8.63,"cmd":"L"},{"x":39.01,"y":6.63,"cmd":"L"},{"x":64.02,"y":3.76,"cmd":"L"},{"x":79,"y":3.47,"cmd":"L"},{"x":84.03,"y":2.81,"cmd":"L"},{"x":92.02,"y":1.79,"cmd":"L"},{"x":92.28,"y":1.68,"cmd":"L"},{"x":92.69,"y":1.33,"cmd":"L"},{"x":93.48,"y":0,"cmd":"L"}],"parentId":"Top","idx":6}],"resources":[]}