{"version":"2021.4.25.11","config":{"name":"Drawing-37.sketchpad","surface":{"method":"fill","blend":"normal","enabled":true,"opacity":1,"type":"pattern","pattern":{"type":"pattern","reflect":"no-reflect","repeat":"repeat","smoothing":false,"src":"isometric","sx":1,"sy":1,"x0":0.5,"x1":1,"y0":0.5,"y1":1}},"clipPath":{"enabled":true,"style":{"strokeStyle":"black","lineWidth":1}},"description":"Made with Sketchpad","metadata":{},"exportDPI":72,"exportFormat":"png","exportQuality":0.95,"units":"px","width":1536,"height":731,"pages":[{"width":1536,"height":731}],"uuid":"1b99b8b7-0ea3-4495-8258-b4c36c4375f0"},"layers":[{"type":"calligraphy","iteration":41012,"pathSpacing":{"compatOverlapSegments":false,"enabled":true,"flatness":0.5,"type":0},"tipAngle":42,"blend":"normal","seed":757068549,"exportable":true,"findable":true,"fill":{"method":"fill","blend":"normal","enabled":true,"opacity":0,"type":"gradient","gradient":{"type":"radialGradient","noise":0,"spreadMethod":"pad","stops":[{"color":"#ffff00","offset":0},{"color":"#00ffff","offset":1}],"angle":0,"cx":0.5,"cy":0.5,"fr":0,"fx":0.5,"fy":0.5,"r":0.5,"sx":1,"sy":1},"color":"#000000","pattern":{"type":"pattern","reflect":"no-reflect","repeat":"repeat","smoothing":true,"src":"data:image/gif;base64,R0lGODlhDgAOAID/ANDu/FOdvCwAAAAADgAOAAACHYwDh5fazqKcj05rar5q+w961diVi9g9jaaGkFEAADs=","sx":1,"sy":1,"x0":0.5,"x1":1,"y0":0.5,"y1":1}},"filter":{"enabled":true,"opened":true,"stack":[]},"stroke":{"method":"stroke","blend":"normal","enabled":true,"opacity":1,"type":"color","color":"#000000","alignment":0.5,"lineCap":"round","lineDash":"none","lineDashOffset":0,"lineJoin":"miter","lineWidth":6.6,"lineWidthVariance":0,"miterLimit":4,"gradient":{"type":"linearGradient","noise":0,"spreadMethod":"pad","stops":[{"color":"#e43a15","offset":0},{"color":"#e65245","offset":1}],"x1":0,"y1":0.5,"x2":1,"y2":0.5}},"bbox":{"x":134.9573792,"y":118.0016797,"width":103.18780276292327,"height":129.79000000000002,"rotation":0,"scale":{"x":1,"y":1},"skew":{"x":0,"y":0},"anchor":{"x":0,"y":0}},"id":"a79bc8f0-c260-4c69-a5e4-5551d08cb3da","pointerId":"you_69194","pathSmoothing":{"enabled":true,"alpha":0.5,"tension":1,"type":0},"path":[{"x":41.04,"y":0,"cmd":"M"},{"x":29.56,"y":7.38,"cmd":"L"},{"x":25.31,"y":11.04,"cmd":"L"},{"x":17.3,"y":18.03,"cmd":"L"},{"x":14.99,"y":20.72,"cmd":"L"},{"x":6.76,"y":32.54,"cmd":"L"},{"x":3.03,"y":43.17,"cmd":"L"},{"x":0,"y":52.16,"cmd":"L"},{"x":1.79,"y":73.01,"cmd":"L"},{"x":5.17,"y":84.13,"cmd":"L"},{"x":12.42,"y":95.47,"cmd":"L"},{"x":32.82,"y":113.98,"cmd":"L"},{"x":42.35,"y":118.68,"cmd":"L"},{"x":51.16,"y":121.18,"cmd":"L"},{"x":60.05,"y":121.79,"cmd":"L"},{"x":68.13,"y":119.74,"cmd":"L"},{"x":77.99,"y":109.19,"cmd":"L"},{"x":85.43,"y":97.53,"cmd":"L"},{"x":89.63,"y":89.65,"cmd":"L"},{"x":92.13,"y":81.86,"cmd":"L"},{"x":94.61,"y":64.97,"cmd":"L"},{"x":94.98,"y":47,"cmd":"L"},{"x":91.68,"y":31.93,"cmd":"L"},{"x":84.23,"y":14.75,"cmd":"L"},{"x":82.28,"y":13,"cmd":"L"},{"x":77.05,"y":7.23,"cmd":"L"},{"x":73.68,"y":5.42,"cmd":"L"},{"x":69.97,"y":4.63,"cmd":"L"},{"x":66.96,"y":5.32,"cmd":"L"},{"x":57.47,"y":12.23,"cmd":"L"}],"parentId":"Top","idx":0},{"type":"calligraphy","iteration":41055,"pathSpacing":{"compatOverlapSegments":false,"enabled":true,"flatness":0.5,"type":0},"tipAngle":42,"blend":"normal","seed":1285653455,"exportable":true,"findable":true,"fill":{"method":"fill","blend":"normal","enabled":true,"opacity":0,"type":"gradient","gradient":{"type":"radialGradient","noise":0,"spreadMethod":"pad","stops":[{"color":"#ffff00","offset":0},{"color":"#00ffff","offset":1}],"angle":0,"cx":0.5,"cy":0.5,"fr":0,"fx":0.5,"fy":0.5,"r":0.5,"sx":1,"sy":1},"color":"#000000","pattern":{"type":"pattern","reflect":"no-reflect","repeat":"repeat","smoothing":true,"src":"data:image/gif;base64,R0lGODlhDgAOAID/ANDu/FOdvCwAAAAADgAOAAACHYwDh5fazqKcj05rar5q+w961diVi9g9jaaGkFEAADs=","sx":1,"sy":1,"x0":0.5,"x1":1,"y0":0.5,"y1":1}},"filter":{"enabled":true,"opened":true,"stack":[]},"stroke":{"method":"stroke","blend":"normal","enabled":true,"opacity":1,"type":"color","color":"#000000","alignment":0.5,"lineCap":"round","lineDash":"none","lineDashOffset":0,"lineJoin":"miter","lineWidth":6.6,"lineWidthVariance":0,"miterLimit":4,"gradient":{"type":"linearGradient","noise":0,"spreadMethod":"pad","stops":[{"color":"#e43a15","offset":0},{"color":"#e65245","offset":1}],"x1":0,"y1":0.5,"x2":1,"y2":0.5}},"bbox":{"x":249.9997113,"y":125.3116917,"width":977.14,"height":78.94015237118735,"rotation":0,"scale":{"x":1,"y":1},"skew":{"x":0,"y":0},"anchor":{"x":0,"y":0}},"id":"7dcefe28-9dca-4b53-9333-e3a432a8123a","pointerId":"you_69195","pathSmoothing":{"enabled":true,"alpha":0.5,"tension":1,"type":0},"path":[{"x":0,"y":70.69,"cmd":"M"},{"x":8,"y":70.69,"cmd":"L"},{"x":36,"y":70.69,"cmd":"L"},{"x":125,"y":70.69,"cmd":"L"},{"x":210,"y":66.82,"cmd":"L"},{"x":319,"y":64.74,"cmd":"L"},{"x":491,"y":58.79,"cmd":"L"},{"x":545,"y":56.8,"cmd":"L"},{"x":644,"y":51.84,"cmd":"L"},{"x":737.01,"y":43.94,"cmd":"L"},{"x":824.02,"y":34.99,"cmd":"L"},{"x":872.02,"y":30,"cmd":"L"},{"x":913,"y":27.84,"cmd":"L"},{"x":927.01,"y":26.89,"cmd":"L"},{"x":929,"y":26.81,"cmd":"L"},{"x":931,"y":26.76,"cmd":"L"},{"x":928.93,"y":26.32,"cmd":"L"},{"x":922.99,"y":25.9,"cmd":"L"},{"x":919,"y":25.78,"cmd":"L"},{"x":905.97,"y":24.07,"cmd":"L"},{"x":889.99,"y":22.91,"cmd":"L"},{"x":874.92,"y":19.37,"cmd":"L"},{"x":860.4,"y":8.49,"cmd":"L"},{"x":888.12,"y":0.52,"cmd":"L"},{"x":893.02,"y":0,"cmd":"L"},{"x":929.06,"y":7.11,"cmd":"L"},{"x":948.06,"y":11.07,"cmd":"L"},{"x":963.3,"y":18.39,"cmd":"L"},{"x":967.65,"y":21.83,"cmd":"L"},{"x":969.14,"y":26.81,"cmd":"L"},{"x":966.4,"y":32.03,"cmd":"L"},{"x":952.45,"y":41.95,"cmd":"L"},{"x":935.45,"y":53.96,"cmd":"L"},{"x":926.29,"y":61.74,"cmd":"L"},{"x":919.05,"y":69.49,"cmd":"L"},{"x":919.05,"y":69.49,"cmd":"L"},{"x":924.02,"y":68.99,"cmd":"L"},{"x":943.28,"y":59.96,"cmd":"L"},{"x":953.23,"y":55.84,"cmd":"L"}],"parentId":"Top","idx":1},{"type":"calligraphy","iteration":41112,"pathSpacing":{"compatOverlapSegments":false,"enabled":true,"flatness":0.5,"type":0},"tipAngle":42,"blend":"normal","seed":1946759699,"exportable":true,"findable":true,"fill":{"method":"fill","blend":"normal","enabled":true,"opacity":0,"type":"gradient","gradient":{"type":"radialGradient","noise":0,"spreadMethod":"pad","stops":[{"color":"#ffff00","offset":0},{"color":"#00ffff","offset":1}],"angle":0,"cx":0.5,"cy":0.5,"fr":0,"fx":0.5,"fy":0.5,"r":0.5,"sx":1,"sy":1},"color":"#000000","pattern":{"type":"pattern","reflect":"no-reflect","repeat":"repeat","smoothing":true,"src":"data:image/gif;base64,R0lGODlhDgAOAID/ANDu/FOdvCwAAAAADgAOAAACHYwDh5fazqKcj05rar5q+w961diVi9g9jaaGkFEAADs=","sx":1,"sy":1,"x0":0.5,"x1":1,"y0":0.5,"y1":1}},"filter":{"enabled":true,"opened":true,"stack":[]},"stroke":{"method":"stroke","blend":"normal","enabled":true,"opacity":1,"type":"color","color":"#000000","alignment":0.5,"lineCap":"round","lineDash":"none","lineDashOffset":0,"lineJoin":"miter","lineWidth":6.6,"lineWidthVariance":0,"miterLimit":4,"gradient":{"type":"linearGradient","noise":0,"spreadMethod":"pad","stops":[{"color":"#e43a15","offset":0},{"color":"#e65245","offset":1}],"x1":0,"y1":0.5,"x2":1,"y2":0.5}},"bbox":{"x":1242.6774913,"y":83.4700799,"width":134.4001087229454,"height":121.67831160609376,"rotation":0,"scale":{"x":1,"y":1},"skew":{"x":0,"y":0},"anchor":{"x":0,"y":0}},"id":"644139a7-6fed-4809-bd0f-04358663bf01","pointerId":"you_69196","pathSmoothing":{"enabled":true,"alpha":0.5,"tension":1,"type":0},"path":[{"x":19.32,"y":17.53,"cmd":"M"},{"x":14.3,"y":18.16,"cmd":"L"},{"x":10.74,"y":20.76,"cmd":"L"},{"x":2.73,"y":35.88,"cmd":"L"},{"x":0,"y":47.61,"cmd":"L"},{"x":7.66,"y":81.6,"cmd":"L"},{"x":16.5,"y":93.15,"cmd":"L"},{"x":25.16,"y":101.45,"cmd":"L"},{"x":56.49,"y":112.53,"cmd":"L"},{"x":81.32,"y":112.53,"cmd":"L"},{"x":105.54,"y":102.66,"cmd":"L"},{"x":120.16,"y":88.61,"cmd":"L"},{"x":126.22,"y":73.32,"cmd":"L"},{"x":121.79,"y":45.49,"cmd":"L"},{"x":105.2,"y":24.87,"cmd":"L"},{"x":96.7,"y":18.35,"cmd":"L"},{"x":64.03,"y":2.82,"cmd":"L"},{"x":46.28,"y":0,"cmd":"L"},{"x":28.31,"y":1.31,"cmd":"L"},{"x":14.23,"y":4.81,"cmd":"L"},{"x":5.66,"y":11.66,"cmd":"L"},{"x":2.34,"y":15.31,"cmd":"L"},{"x":1.07,"y":17.09,"cmd":"L"}],"parentId":"Top","idx":2},{"type":"calligraphy","iteration":41159,"pathSpacing":{"compatOverlapSegments":false,"enabled":true,"flatness":0.5,"type":0},"tipAngle":42,"blend":"normal","seed":22702180,"exportable":true,"findable":true,"fill":{"method":"fill","blend":"normal","enabled":true,"opacity":0,"type":"gradient","gradient":{"type":"radialGradient","noise":0,"spreadMethod":"pad","stops":[{"color":"#ffff00","offset":0},{"color":"#00ffff","offset":1}],"angle":0,"cx":0.5,"cy":0.5,"fr":0,"fx":0.5,"fy":0.5,"r":0.5,"sx":1,"sy":1},"color":"#000000","pattern":{"type":"pattern","reflect":"no-reflect","repeat":"repeat","smoothing":true,"src":"data:image/gif;base64,R0lGODlhDgAOAID/ANDu/FOdvCwAAAAADgAOAAACHYwDh5fazqKcj05rar5q+w961diVi9g9jaaGkFEAADs=","sx":1,"sy":1,"x0":0.5,"x1":1,"y0":0.5,"y1":1}},"filter":{"enabled":true,"opened":true,"stack":[]},"stroke":{"method":"stroke","blend":"normal","enabled":true,"opacity":1,"type":"color","color":"#000000","alignment":0.5,"lineCap":"round","lineDash":"none","lineDashOffset":0,"lineJoin":"miter","lineWidth":6.6,"lineWidthVariance":0,"miterLimit":4,"gradient":{"type":"linearGradient","noise":0,"spreadMethod":"pad","stops":[{"color":"#e43a15","offset":0},{"color":"#e65245","offset":1}],"x1":0,"y1":0.5,"x2":1,"y2":0.5}},"bbox":{"x":659.000512,"y":192.9993201,"width":79.99,"height":514.01,"rotation":0,"scale":{"x":1,"y":1},"skew":{"x":0,"y":0},"anchor":{"x":0,"y":0}},"id":"6e3dd69d-01b2-4b40-8e11-ad16e9f06501","pointerId":"you_69197","pathSmoothing":{"enabled":true,"alpha":0.5,"tension":1,"type":0},"path":[{"x":0,"y":0,"cmd":"M"},{"x":0,"y":0,"cmd":"L"},{"x":0,"y":3,"cmd":"L"},{"x":2.53,"y":19.04,"cmd":"L"},{"x":2.91,"y":32,"cmd":"L"},{"x":2.99,"y":58,"cmd":"L"},{"x":5.84,"y":111,"cmd":"L"},{"x":12.69,"y":178.02,"cmd":"L"},{"x":27.68,"y":317.02,"cmd":"L"},{"x":39.49,"y":385.04,"cmd":"L"},{"x":49.33,"y":428.08,"cmd":"L"},{"x":59.21,"y":464.11,"cmd":"L"},{"x":66.14,"y":487.13,"cmd":"L"},{"x":70.17,"y":501.12,"cmd":"L"},{"x":70.5,"y":503.04,"cmd":"L"},{"x":70.7,"y":505.02,"cmd":"L"},{"x":70.77,"y":506.01,"cmd":"L"},{"x":70.77,"y":506.01,"cmd":"L"},{"x":70.77,"y":505.99,"cmd":"L"},{"x":70.89,"y":503,"cmd":"L"},{"x":70.95,"y":499,"cmd":"L"},{"x":71.61,"y":493.97,"cmd":"L"},{"x":71.8,"y":490.99,"cmd":"L"},{"x":71.92,"y":487,"cmd":"L"},{"x":71.96,"y":483,"cmd":"L"},{"x":71.98,"y":480,"cmd":"L"},{"x":71.99,"y":477,"cmd":"L"},{"x":70.82,"y":472.89,"cmd":"L"},{"x":66.78,"y":467.41,"cmd":"L"}],"parentId":"Top","idx":3},{"type":"calligraphy","iteration":41191,"pathSpacing":{"compatOverlapSegments":false,"enabled":true,"flatness":0.5,"type":0},"tipAngle":42,"blend":"normal","seed":183661560,"exportable":true,"findable":true,"fill":{"method":"fill","blend":"normal","enabled":true,"opacity":0,"type":"gradient","gradient":{"type":"radialGradient","noise":0,"spreadMethod":"pad","stops":[{"color":"#ffff00","offset":0},{"color":"#00ffff","offset":1}],"angle":0,"cx":0.5,"cy":0.5,"fr":0,"fx":0.5,"fy":0.5,"r":0.5,"sx":1,"sy":1},"color":"#000000","pattern":{"type":"pattern","reflect":"no-reflect","repeat":"repeat","smoothing":true,"src":"data:image/gif;base64,R0lGODlhDgAOAID/ANDu/FOdvCwAAAAADgAOAAACHYwDh5fazqKcj05rar5q+w961diVi9g9jaaGkFEAADs=","sx":1,"sy":1,"x0":0.5,"x1":1,"y0":0.5,"y1":1}},"filter":{"enabled":true,"opened":true,"stack":[]},"stroke":{"method":"stroke","blend":"normal","enabled":true,"opacity":1,"type":"color","color":"#000000","alignment":0.5,"lineCap":"round","lineDash":"none","lineDashOffset":0,"lineJoin":"miter","lineWidth":6.6,"lineWidthVariance":0,"miterLimit":4,"gradient":{"type":"linearGradient","noise":0,"spreadMethod":"pad","stops":[{"color":"#e43a15","offset":0},{"color":"#e65245","offset":1}],"x1":0,"y1":0.5,"x2":1,"y2":0.5}},"bbox":{"x":597.999724,"y":601.007454,"width":278.21,"height":135.82,"rotation":0,"scale":{"x":1,"y":1},"skew":{"x":0,"y":0},"anchor":{"x":0,"y":0}},"id":"bd80b198-910d-4a7e-b0c5-2e9a5f07044d","pointerId":"you_69198","pathSmoothing":{"enabled":true,"alpha":0.5,"tension":1,"type":0},"path":[{"x":0,"y":34.99,"cmd":"M"},{"x":0,"y":34.99,"cmd":"L"},{"x":6.38,"y":31.45,"cmd":"L"},{"x":17.09,"y":28.73,"cmd":"L"},{"x":41.07,"y":23.62,"cmd":"L"},{"x":85.03,"y":17.41,"cmd":"L"},{"x":134.04,"y":9.47,"cmd":"L"},{"x":193.01,"y":4.26,"cmd":"L"},{"x":225.01,"y":1.27,"cmd":"L"},{"x":249,"y":0.13,"cmd":"L"},{"x":263,"y":0.02,"cmd":"L"},{"x":267,"y":0,"cmd":"L"},{"x":268,"y":0,"cmd":"L"},{"x":268.15,"y":0.05,"cmd":"L"},{"x":268.58,"y":3.02,"cmd":"L"},{"x":268.13,"y":12.99,"cmd":"L"},{"x":268.02,"y":26.99,"cmd":"L"},{"x":267.12,"y":48.99,"cmd":"L"},{"x":267.01,"y":83.99,"cmd":"L"},{"x":267,"y":103.99,"cmd":"L"},{"x":267.79,"y":115,"cmd":"L"},{"x":267.91,"y":118.99,"cmd":"L"},{"x":269.92,"y":124.19,"cmd":"L"},{"x":270.21,"y":124.58,"cmd":"L"},{"x":264.88,"y":126.15,"cmd":"L"},{"x":251,"y":126.02,"cmd":"L"},{"x":210,"y":125.99,"cmd":"L"},{"x":181,"y":125.99,"cmd":"L"},{"x":148,"y":125.99,"cmd":"L"},{"x":131,"y":125.99,"cmd":"L"},{"x":97,"y":125.99,"cmd":"L"},{"x":83,"y":125.99,"cmd":"L"},{"x":75,"y":125.99,"cmd":"L"},{"x":58,"y":125.99,"cmd":"L"},{"x":46.99,"y":126.78,"cmd":"L"},{"x":46,"y":126.83,"cmd":"L"},{"x":39.98,"y":127.61,"cmd":"L"},{"x":37.99,"y":127.76,"cmd":"L"},{"x":36.99,"y":127.82,"cmd":"L"},{"x":36.89,"y":127.79,"cmd":"L"},{"x":34.89,"y":125.32,"cmd":"L"},{"x":34.48,"y":124.6,"cmd":"L"},{"x":33.57,"y":119.94,"cmd":"L"},{"x":33.14,"y":110.99,"cmd":"L"},{"x":33.84,"y":97.99,"cmd":"L"},{"x":34.83,"y":79.99,"cmd":"L"},{"x":35.78,"y":66.98,"cmd":"L"},{"x":35.92,"y":61.99,"cmd":"L"},{"x":35.99,"y":40.99,"cmd":"L"},{"x":33.73,"y":31.9,"cmd":"L"},{"x":32.51,"y":24.95,"cmd":"L"},{"x":30.9,"y":19.85,"cmd":"L"},{"x":30.09,"y":17.79,"cmd":"L"}],"parentId":"Top","idx":4},{"type":"calligraphy","iteration":41249,"pathSpacing":{"compatOverlapSegments":false,"enabled":true,"flatness":0.5,"type":0},"tipAngle":42,"blend":"normal","seed":434605941,"exportable":true,"findable":true,"fill":{"method":"fill","blend":"normal","enabled":true,"opacity":0,"type":"gradient","gradient":{"type":"radialGradient","noise":0,"spreadMethod":"pad","stops":[{"color":"#ffff00","offset":0},{"color":"#00ffff","offset":1}],"angle":0,"cx":0.5,"cy":0.5,"fr":0,"fx":0.5,"fy":0.5,"r":0.5,"sx":1,"sy":1},"color":"#000000","pattern":{"type":"pattern","reflect":"no-reflect","repeat":"repeat","smoothing":true,"src":"data:image/gif;base64,R0lGODlhDgAOAID/ANDu/FOdvCwAAAAADgAOAAACHYwDh5fazqKcj05rar5q+w961diVi9g9jaaGkFEAADs=","sx":1,"sy":1,"x0":0.5,"x1":1,"y0":0.5,"y1":1}},"filter":{"enabled":true,"opened":true,"stack":[]},"stroke":{"method":"stroke","blend":"normal","enabled":true,"opacity":1,"type":"color","color":"#000000","alignment":0.5,"lineCap":"round","lineDash":"none","lineDashOffset":0,"lineJoin":"miter","lineWidth":6.6,"lineWidthVariance":0,"miterLimit":4,"gradient":{"type":"linearGradient","noise":0,"spreadMethod":"pad","stops":[{"color":"#e43a15","offset":0},{"color":"#e65245","offset":1}],"x1":0,"y1":0.5,"x2":1,"y2":0.5}},"bbox":{"x":744.8620982,"y":252.9987995,"width":239.14,"height":34.11,"rotation":0,"scale":{"x":1,"y":1},"skew":{"x":0,"y":0},"anchor":{"x":0,"y":0}},"id":"96fe2f8e-778a-44dc-a591-673f6cb3eb7c","pointerId":"you_69199","pathSmoothing":{"enabled":true,"alpha":0.5,"tension":1,"type":0},"path":[{"x":231.14,"y":0,"cmd":"M"},{"x":231.14,"y":0,"cmd":"L"},{"x":230.14,"y":0,"cmd":"L"},{"x":220.1,"y":1.54,"cmd":"L"},{"x":208.1,"y":3.51,"cmd":"L"},{"x":175.09,"y":9.47,"cmd":"L"},{"x":147.12,"y":12.66,"cmd":"L"},{"x":122.11,"y":15.64,"cmd":"L"},{"x":92.13,"y":16.88,"cmd":"L"},{"x":50.13,"y":18.86,"cmd":"L"},{"x":40.12,"y":19.74,"cmd":"L"},{"x":28.13,"y":20.75,"cmd":"L"},{"x":20.12,"y":21.66,"cmd":"L"},{"x":16.08,"y":22.43,"cmd":"L"},{"x":7.11,"y":23.61,"cmd":"L"},{"x":3.92,"y":24.89,"cmd":"L"},{"x":0,"y":26.11,"cmd":"L"}],"parentId":"Top","idx":5},{"type":"calligraphy","iteration":41267,"pathSpacing":{"compatOverlapSegments":false,"enabled":true,"flatness":0.5,"type":0},"tipAngle":42,"blend":"normal","seed":765689507,"exportable":true,"findable":true,"fill":{"method":"fill","blend":"normal","enabled":true,"opacity":0,"type":"gradient","gradient":{"type":"radialGradient","noise":0,"spreadMethod":"pad","stops":[{"color":"#ffff00","offset":0},{"color":"#00ffff","offset":1}],"angle":0,"cx":0.5,"cy":0.5,"fr":0,"fx":0.5,"fy":0.5,"r":0.5,"sx":1,"sy":1},"color":"#000000","pattern":{"type":"pattern","reflect":"no-reflect","repeat":"repeat","smoothing":true,"src":"data:image/gif;base64,R0lGODlhDgAOAID/ANDu/FOdvCwAAAAADgAOAAACHYwDh5fazqKcj05rar5q+w961diVi9g9jaaGkFEAADs=","sx":1,"sy":1,"x0":0.5,"x1":1,"y0":0.5,"y1":1}},"filter":{"enabled":true,"opened":true,"stack":[]},"stroke":{"method":"stroke","blend":"normal","enabled":true,"opacity":1,"type":"color","color":"#000000","alignment":0.5,"lineCap":"round","lineDash":"none","lineDashOffset":0,"lineJoin":"miter","lineWidth":6.6,"lineWidthVariance":0,"miterLimit":4,"gradient":{"type":"linearGradient","noise":0,"spreadMethod":"pad","stops":[{"color":"#e43a15","offset":0},{"color":"#e65245","offset":1}],"x1":0,"y1":0.5,"x2":1,"y2":0.5}},"bbox":{"x":428.9988124,"y":322.2118766,"width":181.01,"height":10.79,"rotation":0,"scale":{"x":1,"y":1},"skew":{"x":0,"y":0},"anchor":{"x":0,"y":0}},"id":"626eebd1-0936-4cba-a827-fcf67990ac16","pointerId":"you_69200","pathSmoothing":{"enabled":true,"alpha":0.5,"tension":1,"type":0},"path":[{"x":0,"y":2.79,"cmd":"M"},{"x":2,"y":2.79,"cmd":"L"},{"x":15,"y":2.79,"cmd":"L"},{"x":39,"y":2.79,"cmd":"L"},{"x":64,"y":1.89,"cmd":"L"},{"x":95,"y":0.88,"cmd":"L"},{"x":114,"y":0.8,"cmd":"L"},{"x":135,"y":0.79,"cmd":"L"},{"x":151,"y":0.79,"cmd":"L"},{"x":162,"y":0.79,"cmd":"L"},{"x":173.01,"y":0,"cmd":"L"}],"parentId":"Top","idx":6},{"type":"calligraphy","iteration":41279,"pathSpacing":{"compatOverlapSegments":false,"enabled":true,"flatness":0.5,"type":0},"tipAngle":42,"blend":"normal","seed":77655741,"exportable":true,"findable":true,"fill":{"method":"fill","blend":"normal","enabled":true,"opacity":0,"type":"gradient","gradient":{"type":"radialGradient","noise":0,"spreadMethod":"pad","stops":[{"color":"#ffff00","offset":0},{"color":"#00ffff","offset":1}],"angle":0,"cx":0.5,"cy":0.5,"fr":0,"fx":0.5,"fy":0.5,"r":0.5,"sx":1,"sy":1},"color":"#000000","pattern":{"type":"pattern","reflect":"no-reflect","repeat":"repeat","smoothing":true,"src":"data:image/gif;base64,R0lGODlhDgAOAID/ANDu/FOdvCwAAAAADgAOAAACHYwDh5fazqKcj05rar5q+w961diVi9g9jaaGkFEAADs=","sx":1,"sy":1,"x0":0.5,"x1":1,"y0":0.5,"y1":1}},"filter":{"enabled":true,"opened":true,"stack":[]},"stroke":{"method":"stroke","blend":"normal","enabled":true,"opacity":1,"type":"color","color":"#000000","alignment":0.5,"lineCap":"round","lineDash":"none","lineDashOffset":0,"lineJoin":"miter","lineWidth":6.6,"lineWidthVariance":0,"miterLimit":4,"gradient":{"type":"linearGradient","noise":0,"spreadMethod":"pad","stops":[{"color":"#e43a15","offset":0},{"color":"#e65245","offset":1}],"x1":0,"y1":0.5,"x2":1,"y2":0.5}},"bbox":{"x":419.0000005,"y":461.0001513,"width":235,"height":29.87804758816983,"rotation":0,"scale":{"x":1,"y":1},"skew":{"x":0,"y":0},"anchor":{"x":0,"y":0}},"id":"fec43448-30dc-4f38-a67f-cfe7e4106175","pointerId":"you_69201","pathSmoothing":{"enabled":true,"alpha":0.5,"tension":1,"type":0},"path":[{"x":0,"y":21,"cmd":"M"},{"x":4.03,"y":21.57,"cmd":"L"},{"x":10,"y":21.86,"cmd":"L"},{"x":43,"y":21.07,"cmd":"L"},{"x":69.04,"y":16.51,"cmd":"L"},{"x":115.03,"y":9.45,"cmd":"L"},{"x":152.03,"y":4.4,"cmd":"L"},{"x":196.01,"y":0.28,"cmd":"L"},{"x":201,"y":0.1,"cmd":"L"},{"x":217,"y":0.01,"cmd":"L"},{"x":224,"y":0,"cmd":"L"},{"x":227,"y":0,"cmd":"L"}],"parentId":"Top","idx":7},{"type":"calligraphy","iteration":41293,"pathSpacing":{"compatOverlapSegments":false,"enabled":true,"flatness":0.5,"type":0},"tipAngle":42,"blend":"normal","seed":245920249,"exportable":true,"findable":true,"fill":{"method":"fill","blend":"normal","enabled":true,"opacity":0,"type":"gradient","gradient":{"type":"radialGradient","noise":0,"spreadMethod":"pad","stops":[{"color":"#ffff00","offset":0},{"color":"#00ffff","offset":1}],"angle":0,"cx":0.5,"cy":0.5,"fr":0,"fx":0.5,"fy":0.5,"r":0.5,"sx":1,"sy":1},"color":"#000000","pattern":{"type":"pattern","reflect":"no-reflect","repeat":"repeat","smoothing":true,"src":"data:image/gif;base64,R0lGODlhDgAOAID/ANDu/FOdvCwAAAAADgAOAAACHYwDh5fazqKcj05rar5q+w961diVi9g9jaaGkFEAADs=","sx":1,"sy":1,"x0":0.5,"x1":1,"y0":0.5,"y1":1}},"filter":{"enabled":true,"opened":true,"stack":[]},"stroke":{"method":"stroke","blend":"normal","enabled":true,"opacity":1,"type":"color","color":"#000000","alignment":0.5,"lineCap":"round","lineDash":"none","lineDashOffset":0,"lineJoin":"miter","lineWidth":6.6,"lineWidthVariance":0,"miterLimit":4,"gradient":{"type":"linearGradient","noise":0,"spreadMethod":"pad","stops":[{"color":"#e43a15","offset":0},{"color":"#e65245","offset":1}],"x1":0,"y1":0.5,"x2":1,"y2":0.5}},"bbox":{"x":727.9107524,"y":350.9984835,"width":270.09,"height":29.28,"rotation":0,"scale":{"x":1,"y":1},"skew":{"x":0,"y":0},"anchor":{"x":0,"y":0}},"id":"1c7242fe-93d5-41b4-bc2d-e9e251616635","pointerId":"you_69202","pathSmoothing":{"enabled":true,"alpha":0.5,"tension":1,"type":0},"path":[{"x":262.09,"y":4,"cmd":"M"},{"x":259.87,"y":3.11,"cmd":"L"},{"x":243.05,"y":0.47,"cmd":"L"},{"x":230.09,"y":0.09,"cmd":"L"},{"x":214.09,"y":0.01,"cmd":"L"},{"x":186.09,"y":0,"cmd":"L"},{"x":173.09,"y":0,"cmd":"L"},{"x":129.09,"y":1.87,"cmd":"L"},{"x":102.07,"y":4.69,"cmd":"L"},{"x":75.07,"y":7.67,"cmd":"L"},{"x":46.05,"y":12.51,"cmd":"L"},{"x":18.04,"y":17.48,"cmd":"L"},{"x":11.05,"y":18.55,"cmd":"L"},{"x":4,"y":20.28,"cmd":"L"},{"x":0,"y":21.28,"cmd":"L"}],"parentId":"Top","idx":8},{"type":"calligraphy","iteration":41308,"pathSpacing":{"compatOverlapSegments":false,"enabled":true,"flatness":0.5,"type":0},"tipAngle":42,"blend":"normal","seed":588524667,"exportable":true,"findable":true,"fill":{"method":"fill","blend":"normal","enabled":true,"opacity":0,"type":"gradient","gradient":{"type":"radialGradient","noise":0,"spreadMethod":"pad","stops":[{"color":"#ffff00","offset":0},{"color":"#00ffff","offset":1}],"angle":0,"cx":0.5,"cy":0.5,"fr":0,"fx":0.5,"fy":0.5,"r":0.5,"sx":1,"sy":1},"color":"#000000","pattern":{"type":"pattern","reflect":"no-reflect","repeat":"repeat","smoothing":true,"src":"data:image/gif;base64,R0lGODlhDgAOAID/ANDu/FOdvCwAAAAADgAOAAACHYwDh5fazqKcj05rar5q+w961diVi9g9jaaGkFEAADs=","sx":1,"sy":1,"x0":0.5,"x1":1,"y0":0.5,"y1":1}},"filter":{"enabled":true,"opened":true,"stack":[]},"stroke":{"method":"stroke","blend":"normal","enabled":true,"opacity":1,"type":"color","color":"#000000","alignment":0.5,"lineCap":"round","lineDash":"none","lineDashOffset":0,"lineJoin":"miter","lineWidth":6.6,"lineWidthVariance":0,"miterLimit":4,"gradient":{"type":"linearGradient","noise":0,"spreadMethod":"pad","stops":[{"color":"#e43a15","offset":0},{"color":"#e65245","offset":1}],"x1":0,"y1":0.5,"x2":1,"y2":0.5}},"bbox":{"x":778.5509438,"y":434.001351,"width":245.45,"height":61.42,"rotation":0,"scale":{"x":1,"y":1},"skew":{"x":0,"y":0},"anchor":{"x":0,"y":0}},"id":"1315373f-d202-48fc-ba51-7aaf51ac6c3f","pointerId":"you_69203","pathSmoothing":{"enabled":true,"alpha":0.5,"tension":1,"type":0},"path":[{"x":237.45,"y":0,"cmd":"M"},{"x":233.75,"y":3.08,"cmd":"L"},{"x":213.29,"y":10.03,"cmd":"L"},{"x":187.31,"y":18.11,"cmd":"L"},{"x":153.4,"y":24.45,"cmd":"L"},{"x":94.41,"y":33.54,"cmd":"L"},{"x":64.41,"y":38.51,"cmd":"L"},{"x":39.41,"y":42.52,"cmd":"L"},{"x":22.38,"y":46.34,"cmd":"L"},{"x":7.35,"y":50.25,"cmd":"L"},{"x":2.28,"y":52.01,"cmd":"L"},{"x":0,"y":53.42,"cmd":"L"}],"parentId":"Top","idx":9},{"type":"calligraphy","iteration":41323,"pathSpacing":{"compatOverlapSegments":false,"enabled":true,"flatness":0.5,"type":0},"tipAngle":42,"blend":"normal","seed":1440153875,"exportable":true,"findable":true,"fill":{"method":"fill","blend":"normal","enabled":true,"opacity":0,"type":"gradient","gradient":{"type":"radialGradient","noise":0,"spreadMethod":"pad","stops":[{"color":"#ffff00","offset":0},{"color":"#00ffff","offset":1}],"angle":0,"cx":0.5,"cy":0.5,"fr":0,"fx":0.5,"fy":0.5,"r":0.5,"sx":1,"sy":1},"color":"#000000","pattern":{"type":"pattern","reflect":"no-reflect","repeat":"repeat","smoothing":true,"src":"data:image/gif;base64,R0lGODlhDgAOAID/ANDu/FOdvCwAAAAADgAOAAACHYwDh5fazqKcj05rar5q+w961diVi9g9jaaGkFEAADs=","sx":1,"sy":1,"x0":0.5,"x1":1,"y0":0.5,"y1":1}},"filter":{"enabled":true,"opened":true,"stack":[]},"stroke":{"method":"stroke","blend":"normal","enabled":true,"opacity":1,"type":"color","color":"#000000","alignment":0.5,"lineCap":"round","lineDash":"none","lineDashOffset":0,"lineJoin":"miter","lineWidth":6.6,"lineWidthVariance":0,"miterLimit":4,"gradient":{"type":"linearGradient","noise":0,"spreadMethod":"pad","stops":[{"color":"#e43a15","offset":0},{"color":"#e65245","offset":1}],"x1":0,"y1":0.5,"x2":1,"y2":0.5}},"bbox":{"x":732,"y":538.9996524,"width":154,"height":19,"rotation":0,"scale":{"x":1,"y":1},"skew":{"x":0,"y":0},"anchor":{"x":0,"y":0}},"id":"2ececdc3-e896-4fc4-9c05-50b51b2172dc","pointerId":"you_69204","pathSmoothing":{"enabled":true,"alpha":0.5,"tension":1,"type":0},"path":[{"x":146,"y":0,"cmd":"M"},{"x":143.87,"y":2.66,"cmd":"L"},{"x":140.61,"y":4.52,"cmd":"L"},{"x":132.76,"y":7.83,"cmd":"L"},{"x":120.97,"y":9.56,"cmd":"L"},{"x":107,"y":9.92,"cmd":"L"},{"x":83,"y":9.99,"cmd":"L"},{"x":38,"y":10.94,"cmd":"L"},{"x":17,"y":10.99,"cmd":"L"},{"x":3,"y":11,"cmd":"L"},{"x":0,"y":11,"cmd":"L"}],"parentId":"Top","idx":10},{"type":"calligraphy","iteration":41335,"pathSpacing":{"compatOverlapSegments":false,"enabled":true,"flatness":0.5,"type":0},"tipAngle":42,"blend":"normal","seed":1974463065,"exportable":true,"findable":true,"fill":{"method":"fill","blend":"normal","enabled":true,"opacity":0,"type":"gradient","gradient":{"type":"radialGradient","noise":0,"spreadMethod":"pad","stops":[{"color":"#ffff00","offset":0},{"color":"#00ffff","offset":1}],"angle":0,"cx":0.5,"cy":0.5,"fr":0,"fx":0.5,"fy":0.5,"r":0.5,"sx":1,"sy":1},"color":"#000000","pattern":{"type":"pattern","reflect":"no-reflect","repeat":"repeat","smoothing":true,"src":"data:image/gif;base64,R0lGODlhDgAOAID/ANDu/FOdvCwAAAAADgAOAAACHYwDh5fazqKcj05rar5q+w961diVi9g9jaaGkFEAADs=","sx":1,"sy":1,"x0":0.5,"x1":1,"y0":0.5,"y1":1}},"filter":{"enabled":true,"opened":true,"stack":[]},"stroke":{"method":"stroke","blend":"normal","enabled":true,"opacity":1,"type":"color","color":"#000000","alignment":0.5,"lineCap":"round","lineDash":"none","lineDashOffset":0,"lineJoin":"miter","lineWidth":6.6,"lineWidthVariance":0,"miterLimit":4,"gradient":{"type":"linearGradient","noise":0,"spreadMethod":"pad","stops":[{"color":"#e43a15","offset":0},{"color":"#e65245","offset":1}],"x1":0,"y1":0.5,"x2":1,"y2":0.5}},"bbox":{"x":982.2733271,"y":214.9994861,"width":58.95,"height":48.23,"rotation":0,"scale":{"x":1,"y":1},"skew":{"x":0,"y":0},"anchor":{"x":0,"y":0}},"id":"49866fae-8eb9-489c-a8bc-a7ad6d5ebaef","pointerId":"you_69205","pathSmoothing":{"enabled":true,"alpha":0.5,"tension":1,"type":0},"path":[{"x":14.73,"y":0,"cmd":"M"},{"x":14.07,"y":1.32,"cmd":"L"},{"x":13.42,"y":4.08,"cmd":"L"},{"x":12.99,"y":9.01,"cmd":"L"},{"x":14.16,"y":15.05,"cmd":"L"},{"x":16.36,"y":19.33,"cmd":"L"},{"x":17.97,"y":21.57,"cmd":"L"},{"x":21.91,"y":22.98,"cmd":"L"},{"x":30.74,"y":23.74,"cmd":"L"},{"x":38.89,"y":20.97,"cmd":"L"},{"x":44.99,"y":18.23,"cmd":"L"},{"x":47.25,"y":16.69,"cmd":"L"},{"x":49.16,"y":15.54,"cmd":"L"},{"x":50.47,"y":12.72,"cmd":"L"},{"x":50.95,"y":10.9,"cmd":"L"},{"x":49.38,"y":8.51,"cmd":"L"},{"x":37.54,"y":4.06,"cmd":"L"},{"x":34.68,"y":3.54,"cmd":"L"},{"x":22.65,"y":6.32,"cmd":"L"},{"x":14.29,"y":11.44,"cmd":"L"},{"x":6.06,"y":18.11,"cmd":"L"},{"x":1.35,"y":25.47,"cmd":"L"},{"x":0.36,"y":30.07,"cmd":"L"},{"x":0,"y":34.01,"cmd":"L"},{"x":2.58,"y":40.23,"cmd":"L"}],"parentId":"Top","idx":11},{"type":"calligraphy","iteration":41367,"pathSpacing":{"compatOverlapSegments":false,"enabled":true,"flatness":0.5,"type":0},"tipAngle":42,"blend":"normal","seed":143416637,"exportable":true,"findable":true,"fill":{"method":"fill","blend":"normal","enabled":true,"opacity":0,"type":"gradient","gradient":{"type":"radialGradient","noise":0,"spreadMethod":"pad","stops":[{"color":"#ffff00","offset":0},{"color":"#00ffff","offset":1}],"angle":0,"cx":0.5,"cy":0.5,"fr":0,"fx":0.5,"fy":0.5,"r":0.5,"sx":1,"sy":1},"color":"#000000","pattern":{"type":"pattern","reflect":"no-reflect","repeat":"repeat","smoothing":true,"src":"data:image/gif;base64,R0lGODlhDgAOAID/ANDu/FOdvCwAAAAADgAOAAACHYwDh5fazqKcj05rar5q+w961diVi9g9jaaGkFEAADs=","sx":1,"sy":1,"x0":0.5,"x1":1,"y0":0.5,"y1":1}},"filter":{"enabled":true,"opened":true,"stack":[]},"stroke":{"method":"stroke","blend":"normal","enabled":true,"opacity":1,"type":"color","color":"#000000","alignment":0.5,"lineCap":"round","lineDash":"none","lineDashOffset":0,"lineJoin":"miter","lineWidth":6.6,"lineWidthVariance":0,"miterLimit":4,"gradient":{"type":"linearGradient","noise":0,"spreadMethod":"pad","stops":[{"color":"#e43a15","offset":0},{"color":"#e65245","offset":1}],"x1":0,"y1":0.5,"x2":1,"y2":0.5}},"bbox":{"x":984.8603915,"y":313.6544767,"width":60.63357637402375,"height":62.85,"rotation":0,"scale":{"x":1,"y":1},"skew":{"x":0,"y":0},"anchor":{"x":0,"y":0}},"id":"de2f4e47-3c62-4a89-a766-9a29f75a0922","pointerId":"you_69206","pathSmoothing":{"enabled":true,"alpha":0.5,"tension":1,"type":0},"path":[{"x":18.14,"y":28.35,"cmd":"M"},{"x":18.14,"y":28.35,"cmd":"L"},{"x":18.14,"y":29.35,"cmd":"L"},{"x":18.14,"y":31.35,"cmd":"L"},{"x":19.6,"y":33.77,"cmd":"L"},{"x":22.83,"y":36.44,"cmd":"L"},{"x":28.31,"y":38.36,"cmd":"L"},{"x":38.15,"y":37.58,"cmd":"L"},{"x":41.5,"y":35.77,"cmd":"L"},{"x":46.69,"y":32.08,"cmd":"L"},{"x":51.36,"y":25.76,"cmd":"L"},{"x":52.63,"y":18.3,"cmd":"L"},{"x":50.87,"y":11.26,"cmd":"L"},{"x":46.9,"y":5.78,"cmd":"L"},{"x":41.75,"y":2.83,"cmd":"L"},{"x":29.07,"y":0,"cmd":"L"},{"x":15.13,"y":1.11,"cmd":"L"},{"x":8.73,"y":4.84,"cmd":"L"},{"x":1.75,"y":15.81,"cmd":"L"},{"x":0.12,"y":20.51,"cmd":"L"},{"x":0.99,"y":38.35,"cmd":"L"},{"x":4.23,"y":48.49,"cmd":"L"},{"x":8.47,"y":54.85,"cmd":"L"}],"parentId":"Top","idx":12},{"type":"calligraphy","iteration":41399,"pathSpacing":{"compatOverlapSegments":false,"enabled":true,"flatness":0.5,"type":0},"tipAngle":42,"blend":"normal","seed":451995116,"exportable":true,"findable":true,"fill":{"method":"fill","blend":"normal","enabled":true,"opacity":0,"type":"gradient","gradient":{"type":"radialGradient","noise":0,"spreadMethod":"pad","stops":[{"color":"#ffff00","offset":0},{"color":"#00ffff","offset":1}],"angle":0,"cx":0.5,"cy":0.5,"fr":0,"fx":0.5,"fy":0.5,"r":0.5,"sx":1,"sy":1},"color":"#000000","pattern":{"type":"pattern","reflect":"no-reflect","repeat":"repeat","smoothing":true,"src":"data:image/gif;base64,R0lGODlhDgAOAID/ANDu/FOdvCwAAAAADgAOAAACHYwDh5fazqKcj05rar5q+w961diVi9g9jaaGkFEAADs=","sx":1,"sy":1,"x0":0.5,"x1":1,"y0":0.5,"y1":1}},"filter":{"enabled":true,"opened":true,"stack":[]},"stroke":{"method":"stroke","blend":"normal","enabled":true,"opacity":1,"type":"color","color":"#000000","alignment":0.5,"lineCap":"round","lineDash":"none","lineDashOffset":0,"lineJoin":"miter","lineWidth":6.6,"lineWidthVariance":0,"miterLimit":4,"gradient":{"type":"linearGradient","noise":0,"spreadMethod":"pad","stops":[{"color":"#e43a15","offset":0},{"color":"#e65245","offset":1}],"x1":0,"y1":0.5,"x2":1,"y2":0.5}},"bbox":{"x":1005.4616747,"y":397.4315822,"width":62.62,"height":46.47,"rotation":0,"scale":{"x":1,"y":1},"skew":{"x":0,"y":0},"anchor":{"x":0,"y":0}},"id":"577631d9-0b0e-40be-8df1-0526e76294f1","pointerId":"you_69207","pathSmoothing":{"enabled":true,"alpha":0.5,"tension":1,"type":0},"path":[{"x":28.54,"y":32.57,"cmd":"M"},{"x":28.54,"y":32.57,"cmd":"L"},{"x":28.54,"y":32.57,"cmd":"L"},{"x":28.54,"y":33.57,"cmd":"L"},{"x":28.54,"y":34.57,"cmd":"L"},{"x":29.99,"y":37,"cmd":"L"},{"x":33.75,"y":38.47,"cmd":"L"},{"x":39.61,"y":37.2,"cmd":"L"},{"x":45.88,"y":33.95,"cmd":"L"},{"x":52.82,"y":24.03,"cmd":"L"},{"x":54.62,"y":18.43,"cmd":"L"},{"x":53.87,"y":11.55,"cmd":"L"},{"x":50.2,"y":6.06,"cmd":"L"},{"x":43.94,"y":1.37,"cmd":"L"},{"x":34.51,"y":0,"cmd":"L"},{"x":23.52,"y":1.23,"cmd":"L"},{"x":14,"y":7.86,"cmd":"L"},{"x":0,"y":32.95,"cmd":"L"}],"parentId":"Top","idx":13},{"type":"calligraphy","iteration":41428,"pathSpacing":{"compatOverlapSegments":false,"enabled":true,"flatness":0.5,"type":0},"tipAngle":42,"blend":"normal","seed":841935420,"exportable":true,"findable":true,"fill":{"method":"fill","blend":"normal","enabled":true,"opacity":0,"type":"gradient","gradient":{"type":"radialGradient","noise":0,"spreadMethod":"pad","stops":[{"color":"#ffff00","offset":0},{"color":"#00ffff","offset":1}],"angle":0,"cx":0.5,"cy":0.5,"fr":0,"fx":0.5,"fy":0.5,"r":0.5,"sx":1,"sy":1},"color":"#000000","pattern":{"type":"pattern","reflect":"no-reflect","repeat":"repeat","smoothing":true,"src":"data:image/gif;base64,R0lGODlhDgAOAID/ANDu/FOdvCwAAAAADgAOAAACHYwDh5fazqKcj05rar5q+w961diVi9g9jaaGkFEAADs=","sx":1,"sy":1,"x0":0.5,"x1":1,"y0":0.5,"y1":1}},"filter":{"enabled":true,"opened":true,"stack":[]},"stroke":{"method":"stroke","blend":"normal","enabled":true,"opacity":1,"type":"color","color":"#000000","alignment":0.5,"lineCap":"round","lineDash":"none","lineDashOffset":0,"lineJoin":"miter","lineWidth":6.6,"lineWidthVariance":0,"miterLimit":4,"gradient":{"type":"linearGradient","noise":0,"spreadMethod":"pad","stops":[{"color":"#e43a15","offset":0},{"color":"#e65245","offset":1}],"x1":0,"y1":0.5,"x2":1,"y2":0.5}},"bbox":{"x":848.6431211,"y":517.8666692,"width":65.8715825214723,"height":52.75296632923166,"rotation":0,"scale":{"x":1,"y":1},"skew":{"x":0,"y":0},"anchor":{"x":0,"y":0}},"id":"e9134650-d059-471f-ba50-d4e4eb133a3b","pointerId":"you_69208","pathSmoothing":{"enabled":true,"alpha":0.5,"tension":1,"type":0},"path":[{"x":26.36,"y":32.13,"cmd":"M"},{"x":26.36,"y":32.13,"cmd":"L"},{"x":27.23,"y":33.01,"cmd":"L"},{"x":29.68,"y":36.64,"cmd":"L"},{"x":31.18,"y":38.07,"cmd":"L"},{"x":34.21,"y":41.03,"cmd":"L"},{"x":41.57,"y":44.01,"cmd":"L"},{"x":47.38,"y":44.75,"cmd":"L"},{"x":53.4,"y":43.67,"cmd":"L"},{"x":57.64,"y":37.59,"cmd":"L"},{"x":56.58,"y":23.12,"cmd":"L"},{"x":53.76,"y":17.79,"cmd":"L"},{"x":31.74,"y":0.95,"cmd":"L"},{"x":3.35,"y":2.93,"cmd":"L"},{"x":0,"y":4.72,"cmd":"L"}],"parentId":"Top","idx":14},{"type":"calligraphy","iteration":41451,"pathSpacing":{"compatOverlapSegments":false,"enabled":true,"flatness":0.5,"type":0},"tipAngle":42,"blend":"normal","seed":1428940054,"exportable":true,"findable":true,"fill":{"method":"fill","blend":"normal","enabled":true,"opacity":0,"type":"gradient","gradient":{"type":"radialGradient","noise":0,"spreadMethod":"pad","stops":[{"color":"#ffff00","offset":0},{"color":"#00ffff","offset":1}],"angle":0,"cx":0.5,"cy":0.5,"fr":0,"fx":0.5,"fy":0.5,"r":0.5,"sx":1,"sy":1},"color":"#000000","pattern":{"type":"pattern","reflect":"no-reflect","repeat":"repeat","smoothing":true,"src":"data:image/gif;base64,R0lGODlhDgAOAID/ANDu/FOdvCwAAAAADgAOAAACHYwDh5fazqKcj05rar5q+w961diVi9g9jaaGkFEAADs=","sx":1,"sy":1,"x0":0.5,"x1":1,"y0":0.5,"y1":1}},"filter":{"enabled":true,"opened":true,"stack":[]},"stroke":{"method":"stroke","blend":"normal","enabled":true,"opacity":1,"type":"color","color":"#000000","alignment":0.5,"lineCap":"round","lineDash":"none","lineDashOffset":0,"lineJoin":"miter","lineWidth":6.6,"lineWidthVariance":0,"miterLimit":4,"gradient":{"type":"linearGradient","noise":0,"spreadMethod":"pad","stops":[{"color":"#e43a15","offset":0},{"color":"#e65245","offset":1}],"x1":0,"y1":0.5,"x2":1,"y2":0.5}},"bbox":{"x":385.9995577,"y":453.0000693,"width":41,"height":55.6,"rotation":0,"scale":{"x":1,"y":1},"skew":{"x":0,"y":0},"anchor":{"x":0,"y":0}},"id":"1201d590-4297-467c-815a-455f321fdbd8","pointerId":"you_69209","pathSmoothing":{"enabled":true,"alpha":0.5,"tension":1,"type":0},"path":[{"x":33,"y":0,"cmd":"M"},{"x":25.9,"y":8.68,"cmd":"L"},{"x":20.38,"y":19.34,"cmd":"L"},{"x":16.92,"y":30.14,"cmd":"L"},{"x":14.62,"y":41.06,"cmd":"L"},{"x":14.37,"y":43.02,"cmd":"L"},{"x":14.28,"y":44.01,"cmd":"L"},{"x":14.21,"y":45.01,"cmd":"L"},{"x":15.65,"y":46.14,"cmd":"L"},{"x":17.24,"y":46.82,"cmd":"L"},{"x":23.03,"y":47.6,"cmd":"L"},{"x":26.02,"y":47.3,"cmd":"L"},{"x":28.28,"y":46.26,"cmd":"L"},{"x":30.53,"y":44.7,"cmd":"L"},{"x":32.08,"y":39.86,"cmd":"L"},{"x":32.44,"y":37.95,"cmd":"L"},{"x":28.97,"y":27.84,"cmd":"L"},{"x":25.47,"y":21.61,"cmd":"L"},{"x":21.48,"y":14.61,"cmd":"L"},{"x":16.95,"y":9.28,"cmd":"L"},{"x":15.03,"y":7.21,"cmd":"L"},{"x":13.35,"y":5.87,"cmd":"L"},{"x":10.83,"y":4.99,"cmd":"L"},{"x":7.96,"y":4.5,"cmd":"L"},{"x":3.99,"y":4.22,"cmd":"L"},{"x":2,"y":4.13,"cmd":"L"},{"x":1,"y":4.1,"cmd":"L"},{"x":0,"y":4.07,"cmd":"L"}],"parentId":"Top","idx":15},{"type":"calligraphy","iteration":41481,"pathSpacing":{"compatOverlapSegments":false,"enabled":true,"flatness":0.5,"type":0},"tipAngle":42,"blend":"normal","seed":129772429,"exportable":true,"findable":true,"fill":{"method":"fill","blend":"normal","enabled":true,"opacity":0,"type":"gradient","gradient":{"type":"radialGradient","noise":0,"spreadMethod":"pad","stops":[{"color":"#ffff00","offset":0},{"color":"#00ffff","offset":1}],"angle":0,"cx":0.5,"cy":0.5,"fr":0,"fx":0.5,"fy":0.5,"r":0.5,"sx":1,"sy":1},"color":"#000000","pattern":{"type":"pattern","reflect":"no-reflect","repeat":"repeat","smoothing":true,"src":"data:image/gif;base64,R0lGODlhDgAOAID/ANDu/FOdvCwAAAAADgAOAAACHYwDh5fazqKcj05rar5q+w961diVi9g9jaaGkFEAADs=","sx":1,"sy":1,"x0":0.5,"x1":1,"y0":0.5,"y1":1}},"filter":{"enabled":true,"opened":true,"stack":[]},"stroke":{"method":"stroke","blend":"normal","enabled":true,"opacity":1,"type":"color","color":"#000000","alignment":0.5,"lineCap":"round","lineDash":"none","lineDashOffset":0,"lineJoin":"miter","lineWidth":6.6,"lineWidthVariance":0,"miterLimit":4,"gradient":{"type":"linearGradient","noise":0,"spreadMethod":"pad","stops":[{"color":"#e43a15","offset":0},{"color":"#e65245","offset":1}],"x1":0,"y1":0.5,"x2":1,"y2":0.5}},"bbox":{"x":380.997464,"y":308.0016996,"width":45.52,"height":50.46,"rotation":0,"scale":{"x":1,"y":1},"skew":{"x":0,"y":0},"anchor":{"x":0,"y":0}},"id":"4b48aae3-1ef0-4452-a7ae-0f7bc1893ff3","pointerId":"you_69210","pathSmoothing":{"enabled":true,"alpha":0.5,"tension":1,"type":0},"path":[{"x":23,"y":0,"cmd":"M"},{"x":20.79,"y":0.89,"cmd":"L"},{"x":17.44,"y":3.26,"cmd":"L"},{"x":13.46,"y":10.38,"cmd":"L"},{"x":8.84,"y":26.12,"cmd":"L"},{"x":8.26,"y":33.01,"cmd":"L"},{"x":8.68,"y":37.02,"cmd":"L"},{"x":10.55,"y":40.38,"cmd":"L"},{"x":10.95,"y":40.81,"cmd":"L"},{"x":20.05,"y":42.46,"cmd":"L"},{"x":27.17,"y":39.99,"cmd":"L"},{"x":33.27,"y":37.23,"cmd":"L"},{"x":36.19,"y":33.39,"cmd":"L"},{"x":37.04,"y":30.84,"cmd":"L"},{"x":37.52,"y":27.96,"cmd":"L"},{"x":35.1,"y":21.79,"cmd":"L"},{"x":30.85,"y":16.36,"cmd":"L"},{"x":24.44,"y":11.75,"cmd":"L"},{"x":18.85,"y":9.93,"cmd":"L"},{"x":15.96,"y":9.47,"cmd":"L"},{"x":10,"y":9.16,"cmd":"L"},{"x":5,"y":9.06,"cmd":"L"},{"x":1,"y":9.03,"cmd":"L"},{"x":0,"y":9.02,"cmd":"L"}],"parentId":"Top","idx":16},{"type":"calligraphy","iteration":41508,"pathSpacing":{"compatOverlapSegments":false,"enabled":true,"flatness":0.5,"type":0},"tipAngle":42,"blend":"normal","seed":1516163830,"exportable":true,"findable":true,"fill":{"method":"fill","blend":"normal","enabled":true,"opacity":0,"type":"gradient","gradient":{"type":"radialGradient","noise":0,"spreadMethod":"pad","stops":[{"color":"#ffff00","offset":0},{"color":"#00ffff","offset":1}],"angle":0,"cx":0.5,"cy":0.5,"fr":0,"fx":0.5,"fy":0.5,"r":0.5,"sx":1,"sy":1},"color":"#000000","pattern":{"type":"pattern","reflect":"no-reflect","repeat":"repeat","smoothing":true,"src":"data:image/gif;base64,R0lGODlhDgAOAID/ANDu/FOdvCwAAAAADgAOAAACHYwDh5fazqKcj05rar5q+w961diVi9g9jaaGkFEAADs=","sx":1,"sy":1,"x0":0.5,"x1":1,"y0":0.5,"y1":1}},"filter":{"enabled":true,"opened":true,"stack":[]},"stroke":{"method":"stroke","blend":"normal","enabled":true,"opacity":1,"type":"color","color":"#000000","alignment":0.5,"lineCap":"round","lineDash":"none","lineDashOffset":0,"lineJoin":"miter","lineWidth":6.6,"lineWidthVariance":0,"miterLimit":4,"gradient":{"type":"linearGradient","noise":0,"spreadMethod":"pad","stops":[{"color":"#e43a15","offset":0},{"color":"#e65245","offset":1}],"x1":0,"y1":0.5,"x2":1,"y2":0.5}},"bbox":{"x":486.1971412,"y":221.3502643,"width":46.62,"height":47.1,"rotation":0,"scale":{"x":1,"y":1},"skew":{"x":0,"y":0},"anchor":{"x":0,"y":0}},"id":"0b9f40a9-2c75-4110-b791-3620b74f56ae","pointerId":"you_69211","pathSmoothing":{"enabled":true,"alpha":0.5,"tension":1,"type":0},"path":[{"x":3.8,"y":14.65,"cmd":"M"},{"x":3.8,"y":14.65,"cmd":"L"},{"x":1.68,"y":17.31,"cmd":"L"},{"x":0.46,"y":22.72,"cmd":"L"},{"x":0,"y":29.66,"cmd":"L"},{"x":0.46,"y":33.67,"cmd":"L"},{"x":3.8,"y":37.41,"cmd":"L"},{"x":12.85,"y":39.1,"cmd":"L"},{"x":16.81,"y":38.84,"cmd":"L"},{"x":24.92,"y":36.49,"cmd":"L"},{"x":29.18,"y":34.11,"cmd":"L"},{"x":34.51,"y":29.59,"cmd":"L"},{"x":38.27,"y":23.23,"cmd":"L"},{"x":38.62,"y":17.64,"cmd":"L"},{"x":36.24,"y":13.28,"cmd":"L"},{"x":29.78,"y":5.91,"cmd":"L"},{"x":23.39,"y":2.17,"cmd":"L"},{"x":19.6,"y":0.72,"cmd":"L"},{"x":15.77,"y":0.12,"cmd":"L"},{"x":14.78,"y":0,"cmd":"L"},{"x":12.65,"y":0.71,"cmd":"L"},{"x":12.28,"y":0.96,"cmd":"L"},{"x":11.17,"y":1.81,"cmd":"L"}],"parentId":"Top","idx":17},{"type":"calligraphy","iteration":41534,"pathSpacing":{"compatOverlapSegments":false,"enabled":true,"flatness":0.5,"type":0},"tipAngle":42,"blend":"normal","seed":388071969,"exportable":true,"findable":true,"fill":{"method":"fill","blend":"normal","enabled":true,"opacity":0,"type":"gradient","gradient":{"type":"radialGradient","noise":0,"spreadMethod":"pad","stops":[{"color":"#ffff00","offset":0},{"color":"#00ffff","offset":1}],"angle":0,"cx":0.5,"cy":0.5,"fr":0,"fx":0.5,"fy":0.5,"r":0.5,"sx":1,"sy":1},"color":"#000000","pattern":{"type":"pattern","reflect":"no-reflect","repeat":"repeat","smoothing":true,"src":"data:image/gif;base64,R0lGODlhDgAOAID/ANDu/FOdvCwAAAAADgAOAAACHYwDh5fazqKcj05rar5q+w961diVi9g9jaaGkFEAADs=","sx":1,"sy":1,"x0":0.5,"x1":1,"y0":0.5,"y1":1}},"filter":{"enabled":true,"opened":true,"stack":[]},"stroke":{"method":"stroke","blend":"normal","enabled":true,"opacity":1,"type":"color","color":"#000000","alignment":0.5,"lineCap":"round","lineDash":"none","lineDashOffset":0,"lineJoin":"miter","lineWidth":6.6,"lineWidthVariance":0,"miterLimit":4,"gradient":{"type":"linearGradient","noise":0,"spreadMethod":"pad","stops":[{"color":"#e43a15","offset":0},{"color":"#e65245","offset":1}],"x1":0,"y1":0.5,"x2":1,"y2":0.5}},"bbox":{"x":506.0022511,"y":267.0004667,"width":14.48,"height":58.41,"rotation":0,"scale":{"x":1,"y":1},"skew":{"x":0,"y":0},"anchor":{"x":0,"y":0}},"id":"b04779aa-29b2-4a47-9147-d11c8586ec04","pointerId":"you_69212","pathSmoothing":{"enabled":true,"alpha":0.5,"tension":1,"type":0},"path":[{"x":0,"y":0,"cmd":"M"},{"x":0,"y":0,"cmd":"L"},{"x":0,"y":7,"cmd":"L"},{"x":0,"y":22,"cmd":"L"},{"x":0,"y":30,"cmd":"L"},{"x":1.51,"y":39.04,"cmd":"L"},{"x":2.65,"y":41.32,"cmd":"L"},{"x":3.17,"y":43.12,"cmd":"L"},{"x":3.39,"y":43.47,"cmd":"L"},{"x":4.5,"y":45.4,"cmd":"L"},{"x":5.07,"y":47.15,"cmd":"L"},{"x":5.3,"y":48.08,"cmd":"L"},{"x":5.8,"y":49.25,"cmd":"L"},{"x":6.48,"y":50.41,"cmd":"L"}],"parentId":"Top","idx":18},{"type":"calligraphy","iteration":41549,"pathSpacing":{"compatOverlapSegments":false,"enabled":true,"flatness":0.5,"type":0},"tipAngle":42,"blend":"normal","seed":293544560,"exportable":true,"findable":true,"fill":{"method":"fill","blend":"normal","enabled":true,"opacity":0,"type":"gradient","gradient":{"type":"radialGradient","noise":0,"spreadMethod":"pad","stops":[{"color":"#ffff00","offset":0},{"color":"#00ffff","offset":1}],"angle":0,"cx":0.5,"cy":0.5,"fr":0,"fx":0.5,"fy":0.5,"r":0.5,"sx":1,"sy":1},"color":"#000000","pattern":{"type":"pattern","reflect":"no-reflect","repeat":"repeat","smoothing":true,"src":"data:image/gif;base64,R0lGODlhDgAOAID/ANDu/FOdvCwAAAAADgAOAAACHYwDh5fazqKcj05rar5q+w961diVi9g9jaaGkFEAADs=","sx":1,"sy":1,"x0":0.5,"x1":1,"y0":0.5,"y1":1}},"filter":{"enabled":true,"opened":true,"stack":[]},"stroke":{"method":"stroke","blend":"normal","enabled":true,"opacity":1,"type":"color","color":"#000000","alignment":0.5,"lineCap":"round","lineDash":"none","lineDashOffset":0,"lineJoin":"miter","lineWidth":6.6,"lineWidthVariance":0,"miterLimit":4,"gradient":{"type":"linearGradient","noise":0,"spreadMethod":"pad","stops":[{"color":"#e43a15","offset":0},{"color":"#e65245","offset":1}],"x1":0,"y1":0.5,"x2":1,"y2":0.5}},"bbox":{"x":489.9989847,"y":307.6425673,"width":38.58,"height":25.86,"rotation":0,"scale":{"x":1,"y":1},"skew":{"x":0,"y":0},"anchor":{"x":0,"y":0}},"id":"0239d659-b0bd-4bab-ac14-2c8457960dde","pointerId":"you_69213","pathSmoothing":{"enabled":true,"alpha":0.5,"tension":1,"type":0},"path":[{"x":0,"y":0.36,"cmd":"M"},{"x":0,"y":0.36,"cmd":"L"},{"x":3.7,"y":3.44,"cmd":"L"},{"x":5.78,"y":5.34,"cmd":"L"},{"x":10.01,"y":10.11,"cmd":"L"},{"x":14.6,"y":13.56,"cmd":"L"},{"x":20.4,"y":16.87,"cmd":"L"},{"x":21.23,"y":17.21,"cmd":"L"},{"x":22.13,"y":17.49,"cmd":"L"},{"x":23.07,"y":17.7,"cmd":"L"},{"x":24.04,"y":17.86,"cmd":"L"},{"x":25.75,"y":16.35,"cmd":"L"},{"x":26.95,"y":13.17,"cmd":"L"},{"x":27.46,"y":10.31,"cmd":"L"},{"x":28.11,"y":8.22,"cmd":"L"},{"x":29.2,"y":4.25,"cmd":"L"},{"x":29.52,"y":2.32,"cmd":"L"},{"x":29.95,"y":1.17,"cmd":"L"},{"x":30.58,"y":0,"cmd":"L"}],"parentId":"Top","idx":19}],"resources":[]}