{"version":"2021.4.25.11","config":{"name":"Drawing-28.sketchpad","surface":{"method":"fill","blend":"normal","enabled":true,"opacity":1,"type":"color","color":"#ffffff"},"clipPath":{"enabled":true,"style":{"strokeStyle":"black","lineWidth":1}},"description":"Made with Sketchpad","metadata":{},"exportDPI":72,"exportFormat":"png","exportQuality":0.95,"units":"px","width":1536,"height":731,"pages":[{"width":1536,"height":731}],"uuid":"055ce81b-38aa-4a69-925e-3a8ffce0c0bd"},"layers":[],"resources":[]}