{"version":"2021.4.25.11","config":{"name":"Drawing-14.sketchpad","surface":{"method":"fill","blend":"normal","enabled":true,"opacity":1,"type":"color","color":"#ffffff"},"clipPath":{"enabled":true,"style":{"strokeStyle":"black","lineWidth":1}},"description":"Made with Sketchpad","metadata":{},"exportDPI":72,"exportFormat":"png","exportQuality":0.95,"units":"px","width":1536,"height":731,"pages":[{"width":1536,"height":731}],"uuid":"7bbfc66a-2089-4caf-b50a-6b8652a3b8f2"},"layers":[{"type":"fancyText","content":"mySec","fitText":true,"fontFamily":"source-sans-pro","fontSize":89,"fontStyle":"normal","fontVariant":"normal","fontWeight":400,"letterSpacing":0,"lineHeight":1,"searchTerm":"","textAlign":"center","textDecoration":"none","textTransform":"none","whiteSpace":"pre-wrap","wordSpacing":0,"blend":"normal","exportable":true,"findable":true,"fill":{"method":"fill","blend":"normal","enabled":true,"opacity":1,"type":"color","color":"#000000"},"filter":{"enabled":true,"opened":true,"stack":[]},"stroke":{"method":"stroke","blend":"normal","enabled":false,"opacity":0,"type":"gradient","gradient":{"type":"linearGradient","noise":0,"spreadMethod":"pad","stops":[{"color":"#e43a15","offset":0},{"color":"#e65245","offset":1}],"x1":0.5,"y1":1,"x2":0.5,"y2":0},"alignment":0.5,"lineCap":"round","lineDash":"none","lineDashOffset":0,"lineJoin":"miter","lineWidth":1,"lineWidthVariance":0,"miterLimit":4,"color":"black"},"bbox":{"x":66.39837226111479,"y":13.399993896484375,"width":495.3333333333333,"height":100,"rotation":0,"scale":{"x":1,"y":1},"skew":{"x":0,"y":0},"anchor":{"x":0,"y":0}},"id":"e7ff2ff1-b445-484c-87a5-462d2fe4a7d1","seed":226479951,"pointerId":"you_66378","parentId":"Top","idx":0},{"type":"fancyText","content":"config(auth)\nconfig() ","fitText":true,"fontFamily":"source-sans-pro","fontSize":47,"fontStyle":"normal","fontVariant":"normal","fontWeight":400,"letterSpacing":0,"lineHeight":1,"searchTerm":"","textAlign":"center","textDecoration":"none","textTransform":"none","whiteSpace":"pre-wrap","wordSpacing":0,"blend":"normal","exportable":true,"findable":true,"fill":{"method":"fill","blend":"normal","enabled":true,"opacity":1,"type":"color","color":"#000000"},"filter":{"enabled":true,"opened":true,"stack":[]},"stroke":{"method":"stroke","blend":"normal","enabled":false,"opacity":0,"type":"gradient","gradient":{"type":"linearGradient","noise":0,"spreadMethod":"pad","stops":[{"color":"#e43a15","offset":0},{"color":"#e65245","offset":1}],"x1":0.5,"y1":1,"x2":0.5,"y2":0},"alignment":0.5,"lineCap":"round","lineDash":"none","lineDashOffset":0,"lineJoin":"miter","lineWidth":1,"lineWidthVariance":0,"miterLimit":4,"color":"black"},"bbox":{"x":182,"y":200.60159986212386,"width":495.3333333333333,"height":100,"rotation":0,"scale":{"x":1,"y":1},"skew":{"x":0,"y":0},"anchor":{"x":0,"y":0}},"id":"5dccc6aa-8a00-4805-ac2a-569fe6d2c780","seed":1508505609,"pointerId":"you_66388","parentId":"Top","idx":1},{"type":"pencil","iteration":1,"blend":"normal","seed":662851689,"exportable":true,"findable":true,"fill":{"method":"fill","blend":"normal","enabled":false,"opacity":0,"type":"color","color":"black"},"filter":{"enabled":true,"opened":true,"stack":[]},"stroke":{"method":"stroke","blend":"normal","enabled":true,"opacity":1,"type":"color","color":"#074dff","alignment":0.5,"lineCap":"round","lineDash":"none","lineDashOffset":0,"lineJoin":"miter","lineWidth":2,"lineWidthVariance":0,"miterLimit":4},"bbox":{"x":549,"y":223.15258663706297,"width":75.23091445890543,"height":21.916549883762826,"rotation":0,"scale":{"x":1,"y":1},"skew":{"x":0,"y":0},"anchor":{"x":0,"y":0}},"id":"c2bcd1a3-bf78-4d2c-a509-f8eab15c4630","pointerId":"you_66435","pathSmoothing":{"enabled":true,"alpha":0.5,"tension":1,"type":0},"path":[{"x":0,"y":5.85,"cmd":"M"},{"x":1,"y":5.85,"cmd":"L"},{"x":6,"y":5.85,"cmd":"L"},{"x":15,"y":5.85,"cmd":"L"},{"x":28,"y":5.85,"cmd":"L"},{"x":41,"y":5.85,"cmd":"L"},{"x":57,"y":5.85,"cmd":"L"},{"x":67,"y":5.85,"cmd":"L"},{"x":69.06,"y":6.26,"cmd":"L"},{"x":70.03,"y":6.4,"cmd":"L"},{"x":70.03,"y":6.4,"cmd":"L"},{"x":70.03,"y":6.4,"cmd":"L"},{"x":68.66,"y":4.34,"cmd":"L"},{"x":66.4,"y":2.65,"cmd":"L"},{"x":64.53,"y":1.46,"cmd":"L"},{"x":62.6,"y":0.35,"cmd":"L"},{"x":61.77,"y":0,"cmd":"L"},{"x":61.77,"y":0,"cmd":"L"},{"x":62.1,"y":0.09,"cmd":"L"},{"x":64.04,"y":0.39,"cmd":"L"},{"x":66.31,"y":1.52,"cmd":"L"},{"x":69.22,"y":2.71,"cmd":"L"},{"x":69.62,"y":3.02,"cmd":"L"},{"x":70.36,"y":3.42,"cmd":"L"},{"x":71.51,"y":4.18,"cmd":"L"},{"x":71.95,"y":4.66,"cmd":"L"},{"x":72.38,"y":5.32,"cmd":"L"},{"x":72.75,"y":6.12,"cmd":"L"},{"x":73.23,"y":7.95,"cmd":"L"},{"x":72.9,"y":8.99,"cmd":"L"},{"x":69.92,"y":12.55,"cmd":"L"},{"x":67.26,"y":14.87,"cmd":"L"},{"x":64.39,"y":17.04,"cmd":"L"},{"x":62.53,"y":18.23,"cmd":"L"},{"x":60.6,"y":19.35,"cmd":"L"},{"x":58.85,"y":19.92,"cmd":"L"}],"parentId":"Top","idx":2},{"type":"pencil","iteration":1,"blend":"normal","seed":1766516819,"exportable":true,"findable":true,"fill":{"method":"fill","blend":"normal","enabled":false,"opacity":0,"type":"color","color":"black"},"filter":{"enabled":true,"opened":true,"stack":[]},"stroke":{"method":"stroke","blend":"normal","enabled":true,"opacity":1,"type":"color","color":"#074dff","alignment":0.5,"lineCap":"round","lineDash":"none","lineDashOffset":0,"lineJoin":"miter","lineWidth":2,"lineWidthVariance":0,"miterLimit":4},"bbox":{"x":657.9386211723695,"y":22,"width":19.242135244473957,"height":90.11402703556377,"rotation":0,"scale":{"x":1,"y":1},"skew":{"x":0,"y":0},"anchor":{"x":0,"y":0}},"id":"dec49d4d-781d-4f26-bb7a-0c02377b378d","pointerId":"you_66436","pathSmoothing":{"enabled":true,"alpha":0.5,"tension":1,"type":0},"path":[{"x":0.06,"y":0,"cmd":"M"},{"x":0.06,"y":0,"cmd":"L"},{"x":0.06,"y":3,"cmd":"L"},{"x":1.33,"y":8.09,"cmd":"L"},{"x":2.49,"y":14.05,"cmd":"L"},{"x":2.89,"y":21,"cmd":"L"},{"x":4.48,"y":29.06,"cmd":"L"},{"x":6.31,"y":36.1,"cmd":"L"},{"x":7.54,"y":43.05,"cmd":"L"},{"x":9.85,"y":48.26,"cmd":"L"},{"x":11.4,"y":55.07,"cmd":"L"},{"x":12.98,"y":59.2,"cmd":"L"},{"x":13.51,"y":62.05,"cmd":"L"},{"x":14.31,"y":65.1,"cmd":"L"},{"x":14.74,"y":69.02,"cmd":"L"},{"x":15.57,"y":74.04,"cmd":"L"},{"x":15.85,"y":78.01,"cmd":"L"},{"x":16.47,"y":81.06,"cmd":"L"},{"x":16.76,"y":84.01,"cmd":"L"},{"x":16.88,"y":86.01,"cmd":"L"},{"x":16.93,"y":87,"cmd":"L"},{"x":17.24,"y":88.11,"cmd":"L"}],"parentId":"Top","idx":3},{"type":"pencil","iteration":1,"blend":"normal","seed":1877697186,"exportable":true,"findable":true,"fill":{"method":"fill","blend":"normal","enabled":false,"opacity":0,"type":"color","color":"black"},"filter":{"enabled":true,"opened":true,"stack":[]},"stroke":{"method":"stroke","blend":"normal","enabled":true,"opacity":1,"type":"color","color":"#074dff","alignment":0.5,"lineCap":"round","lineDash":"none","lineDashOffset":0,"lineJoin":"miter","lineWidth":2,"lineWidthVariance":0,"miterLimit":4},"bbox":{"x":657,"y":17.96029995352862,"width":228.69828536152295,"height":108.05817517825949,"rotation":0,"scale":{"x":1,"y":1},"skew":{"x":0,"y":0},"anchor":{"x":0,"y":0}},"id":"81e9bec4-cabe-46a2-b6b5-5ae47932c7fd","pointerId":"you_66437","pathSmoothing":{"enabled":true,"alpha":0.5,"tension":1,"type":0},"path":[{"x":0,"y":5.04,"cmd":"M"},{"x":0,"y":5.04,"cmd":"L"},{"x":5.02,"y":4.41,"cmd":"L"},{"x":17.01,"y":3.31,"cmd":"L"},{"x":29,"y":3.09,"cmd":"L"},{"x":49.01,"y":1.31,"cmd":"L"},{"x":68,"y":1.08,"cmd":"L"},{"x":83,"y":0.21,"cmd":"L"},{"x":107,"y":0.06,"cmd":"L"},{"x":123,"y":0.04,"cmd":"L"},{"x":127,"y":0.04,"cmd":"L"},{"x":135,"y":0.04,"cmd":"L"},{"x":141,"y":0.04,"cmd":"L"},{"x":150,"y":0.04,"cmd":"L"},{"x":157,"y":0.04,"cmd":"L"},{"x":161,"y":0.04,"cmd":"L"},{"x":164,"y":0.04,"cmd":"L"},{"x":169,"y":0.04,"cmd":"L"},{"x":172,"y":0.04,"cmd":"L"},{"x":174.06,"y":0.45,"cmd":"L"},{"x":177.01,"y":0.74,"cmd":"L"},{"x":180,"y":0.89,"cmd":"L"},{"x":183,"y":0.97,"cmd":"L"},{"x":184,"y":0.98,"cmd":"L"},{"x":185.1,"y":1.27,"cmd":"L"},{"x":187.85,"y":3.95,"cmd":"L"},{"x":190.63,"y":9.37,"cmd":"L"},{"x":194.65,"y":17.36,"cmd":"L"},{"x":198.66,"y":25.36,"cmd":"L"},{"x":199.17,"y":27.16,"cmd":"L"},{"x":200.11,"y":30.17,"cmd":"L"},{"x":201.47,"y":32.46,"cmd":"L"},{"x":202.55,"y":34.41,"cmd":"L"},{"x":204.76,"y":39.31,"cmd":"L"},{"x":206.7,"y":43.34,"cmd":"L"},{"x":208.68,"y":47.35,"cmd":"L"},{"x":208.99,"y":48.22,"cmd":"L"},{"x":210.92,"y":53.24,"cmd":"L"},{"x":211.99,"y":56.22,"cmd":"L"},{"x":213.79,"y":60.3,"cmd":"L"},{"x":214.92,"y":63.24,"cmd":"L"},{"x":215.53,"y":67.08,"cmd":"L"},{"x":217.66,"y":71.35,"cmd":"L"},{"x":218.86,"y":74.27,"cmd":"L"},{"x":220.35,"y":76.53,"cmd":"L"},{"x":220.97,"y":78.22,"cmd":"L"},{"x":222.13,"y":79.69,"cmd":"L"},{"x":222.82,"y":81.28,"cmd":"L"},{"x":223.1,"y":82.18,"cmd":"L"},{"x":223.68,"y":83.35,"cmd":"L"},{"x":224.04,"y":83.77,"cmd":"L"},{"x":224.95,"y":86.23,"cmd":"L"},{"x":225.58,"y":87.4,"cmd":"L"},{"x":225.91,"y":88.24,"cmd":"L"},{"x":226.2,"y":88.64,"cmd":"L"},{"x":226.6,"y":89.39,"cmd":"L"},{"x":226.67,"y":90.06,"cmd":"L"},{"x":225.67,"y":91.55,"cmd":"L"},{"x":216.8,"y":94.96,"cmd":"L"},{"x":206.92,"y":97.34,"cmd":"L"},{"x":198.96,"y":98.58,"cmd":"L"},{"x":191.97,"y":99.6,"cmd":"L"},{"x":176.99,"y":100.8,"cmd":"L"},{"x":165,"y":100.99,"cmd":"L"},{"x":155.99,"y":101.78,"cmd":"L"},{"x":147,"y":101.97,"cmd":"L"},{"x":138,"y":102.02,"cmd":"L"},{"x":135,"y":102.03,"cmd":"L"},{"x":130.97,"y":102.61,"cmd":"L"},{"x":124,"y":102.91,"cmd":"L"},{"x":118,"y":103,"cmd":"L"},{"x":107.99,"y":103.8,"cmd":"L"},{"x":99,"y":103.98,"cmd":"L"},{"x":92,"y":104.02,"cmd":"L"},{"x":91,"y":104.03,"cmd":"L"},{"x":84,"y":104.04,"cmd":"L"},{"x":77.98,"y":104.71,"cmd":"L"},{"x":74,"y":104.9,"cmd":"L"},{"x":68,"y":104.99,"cmd":"L"},{"x":62.97,"y":105.65,"cmd":"L"},{"x":58,"y":105.89,"cmd":"L"},{"x":55,"y":105.97,"cmd":"L"},{"x":51,"y":106.01,"cmd":"L"},{"x":47,"y":106.03,"cmd":"L"},{"x":43,"y":106.03,"cmd":"L"},{"x":36,"y":106.04,"cmd":"L"},{"x":32,"y":106.04,"cmd":"L"},{"x":31,"y":106.04,"cmd":"L"},{"x":28,"y":106.04,"cmd":"L"},{"x":26,"y":106.04,"cmd":"L"},{"x":25,"y":106.04,"cmd":"L"},{"x":23,"y":106.04,"cmd":"L"},{"x":22,"y":106.04,"cmd":"L"},{"x":21,"y":106.04,"cmd":"L"},{"x":19,"y":106.04,"cmd":"L"},{"x":18,"y":106.04,"cmd":"L"},{"x":17,"y":106.04,"cmd":"L"},{"x":16,"y":106.04,"cmd":"L"},{"x":14.91,"y":105.77,"cmd":"L"},{"x":14.58,"y":105.57,"cmd":"L"},{"x":14.14,"y":105.14,"cmd":"L"},{"x":13.7,"y":104.51,"cmd":"L"},{"x":12.89,"y":101.9,"cmd":"L"},{"x":12.45,"y":99.01,"cmd":"L"},{"x":12.19,"y":95.03,"cmd":"L"},{"x":12.15,"y":94.04,"cmd":"L"},{"x":12.06,"y":90.04,"cmd":"L"},{"x":12.54,"y":87,"cmd":"L"}],"parentId":"Top","idx":4},{"type":"pencil","iteration":1,"blend":"normal","seed":54139624,"exportable":true,"findable":true,"fill":{"method":"fill","blend":"normal","enabled":false,"opacity":0,"type":"color","color":"black"},"filter":{"enabled":true,"opened":true,"stack":[]},"stroke":{"method":"stroke","blend":"normal","enabled":true,"opacity":1,"type":"color","color":"#074dff","alignment":0.5,"lineCap":"round","lineDash":"none","lineDashOffset":0,"lineJoin":"miter","lineWidth":2,"lineWidthVariance":0,"miterLimit":4},"bbox":{"x":694,"y":22,"width":29.49528114064435,"height":91.40465394324774,"rotation":0,"scale":{"x":1,"y":1},"skew":{"x":0,"y":0},"anchor":{"x":0,"y":0}},"id":"e25f1779-1a8c-4db8-8269-7caf5476c8e0","pointerId":"you_66438","pathSmoothing":{"enabled":true,"alpha":0.5,"tension":1,"type":0},"path":[{"x":0,"y":0,"cmd":"M"},{"x":0,"y":0,"cmd":"L"},{"x":0.66,"y":1.32,"cmd":"L"},{"x":3.52,"y":6.39,"cmd":"L"},{"x":6.92,"y":15.2,"cmd":"L"},{"x":10.29,"y":29.08,"cmd":"L"},{"x":16.04,"y":46.16,"cmd":"L"},{"x":21.18,"y":64.12,"cmd":"L"},{"x":23.31,"y":73.08,"cmd":"L"},{"x":24.17,"y":76.12,"cmd":"L"},{"x":26.18,"y":83.12,"cmd":"L"},{"x":26.58,"y":86.03,"cmd":"L"},{"x":27.31,"y":89.08,"cmd":"L"},{"x":27.5,"y":89.4,"cmd":"L"},{"x":27.5,"y":89.4,"cmd":"L"}],"parentId":"Top","idx":5},{"type":"pencil","iteration":1,"blend":"normal","seed":1727308164,"exportable":true,"findable":true,"fill":{"method":"fill","blend":"normal","enabled":false,"opacity":0,"type":"color","color":"black"},"filter":{"enabled":true,"opened":true,"stack":[]},"stroke":{"method":"stroke","blend":"normal","enabled":true,"opacity":1,"type":"color","color":"#074dff","alignment":0.5,"lineCap":"round","lineDash":"none","lineDashOffset":0,"lineJoin":"miter","lineWidth":2,"lineWidthVariance":0,"miterLimit":4},"bbox":{"x":725,"y":14,"width":35.87077093372966,"height":107.22064005283765,"rotation":0,"scale":{"x":1,"y":1},"skew":{"x":0,"y":0},"anchor":{"x":0,"y":0}},"id":"875c9dd4-3471-4cd2-8cc5-c8c59bb3893b","pointerId":"you_66439","pathSmoothing":{"enabled":true,"alpha":0.5,"tension":1,"type":0},"path":[{"x":0,"y":0,"cmd":"M"},{"x":0,"y":0,"cmd":"L"},{"x":0,"y":0,"cmd":"L"},{"x":0.88,"y":0.88,"cmd":"L"},{"x":1.88,"y":1.88,"cmd":"L"},{"x":3.14,"y":6.12,"cmd":"L"},{"x":3.63,"y":10.02,"cmd":"L"},{"x":5.31,"y":17.08,"cmd":"L"},{"x":6.44,"y":23.05,"cmd":"L"},{"x":7.34,"y":27.07,"cmd":"L"},{"x":8.45,"y":33.05,"cmd":"L"},{"x":10.37,"y":42.07,"cmd":"L"},{"x":11.46,"y":48.05,"cmd":"L"},{"x":14,"y":55.17,"cmd":"L"},{"x":17.98,"y":66.18,"cmd":"L"},{"x":20.03,"y":72.16,"cmd":"L"},{"x":23.84,"y":81.23,"cmd":"L"},{"x":24.76,"y":83.27,"cmd":"L"},{"x":26.52,"y":86.39,"cmd":"L"},{"x":27.09,"y":88.14,"cmd":"L"},{"x":27.67,"y":89.31,"cmd":"L"},{"x":28.4,"y":90.47,"cmd":"L"},{"x":28.76,"y":91.27,"cmd":"L"},{"x":29.1,"y":91.68,"cmd":"L"},{"x":30.56,"y":94.37,"cmd":"L"},{"x":30.9,"y":95.21,"cmd":"L"},{"x":31.16,"y":96.12,"cmd":"L"},{"x":31.37,"y":97.07,"cmd":"L"},{"x":31.62,"y":99.02,"cmd":"L"},{"x":32.01,"y":100.17,"cmd":"L"},{"x":33.03,"y":103.16,"cmd":"L"},{"x":33.87,"y":105.22,"cmd":"L"},{"x":33.87,"y":105.22,"cmd":"L"}],"parentId":"Top","idx":6},{"type":"pencil","iteration":1,"blend":"normal","seed":2070150900,"exportable":true,"findable":true,"fill":{"method":"fill","blend":"normal","enabled":false,"opacity":0,"type":"color","color":"black"},"filter":{"enabled":true,"opened":true,"stack":[]},"stroke":{"method":"stroke","blend":"normal","enabled":true,"opacity":1,"type":"color","color":"#074dff","alignment":0.5,"lineCap":"round","lineDash":"none","lineDashOffset":0,"lineJoin":"miter","lineWidth":2,"lineWidthVariance":0,"miterLimit":4},"bbox":{"x":772,"y":15,"width":36.98747603805327,"height":112.19797564132156,"rotation":0,"scale":{"x":1,"y":1},"skew":{"x":0,"y":0},"anchor":{"x":0,"y":0}},"id":"9fee7d2f-cbae-4ac1-a6f4-6a1693d73df6","pointerId":"you_66440","pathSmoothing":{"enabled":true,"alpha":0.5,"tension":1,"type":0},"path":[{"x":0,"y":0,"cmd":"M"},{"x":0.41,"y":2.06,"cmd":"L"},{"x":5.11,"y":17.14,"cmd":"L"},{"x":8.29,"y":30.09,"cmd":"L"},{"x":11.23,"y":41.1,"cmd":"L"},{"x":12.34,"y":46.07,"cmd":"L"},{"x":16.16,"y":59.12,"cmd":"L"},{"x":20.01,"y":70.17,"cmd":"L"},{"x":22.77,"y":76.27,"cmd":"L"},{"x":24.96,"y":82.19,"cmd":"L"},{"x":27.95,"y":90.19,"cmd":"L"},{"x":32.93,"y":103.2,"cmd":"L"},{"x":33.99,"y":106.17,"cmd":"L"},{"x":34.49,"y":109.04,"cmd":"L"},{"x":34.93,"y":110.2,"cmd":"L"},{"x":34.96,"y":108,"cmd":"L"},{"x":34.98,"y":105,"cmd":"L"}],"parentId":"Top","idx":7},{"type":"pencil","iteration":1,"blend":"normal","seed":632968008,"exportable":true,"findable":true,"fill":{"method":"fill","blend":"normal","enabled":false,"opacity":0,"type":"color","color":"black"},"filter":{"enabled":true,"opened":true,"stack":[]},"stroke":{"method":"stroke","blend":"normal","enabled":true,"opacity":1,"type":"color","color":"#074dff","alignment":0.5,"lineCap":"round","lineDash":"none","lineDashOffset":0,"lineJoin":"miter","lineWidth":2,"lineWidthVariance":0,"miterLimit":4},"bbox":{"x":808.9591691488814,"y":12,"width":37.37192407766224,"height":113.07552334110456,"rotation":0,"scale":{"x":1,"y":1},"skew":{"x":0,"y":0},"anchor":{"x":0,"y":0}},"id":"f8e99f4d-12f9-4929-b2fd-5830130e0860","pointerId":"you_66441","pathSmoothing":{"enabled":true,"alpha":0.5,"tension":1,"type":0},"path":[{"x":0.04,"y":0,"cmd":"M"},{"x":0.04,"y":1,"cmd":"L"},{"x":3.96,"y":11.2,"cmd":"L"},{"x":7.29,"y":24.1,"cmd":"L"},{"x":11.07,"y":35.16,"cmd":"L"},{"x":13.17,"y":42.13,"cmd":"L"},{"x":17.25,"y":57.11,"cmd":"L"},{"x":19.41,"y":67.07,"cmd":"L"},{"x":21.19,"y":73.12,"cmd":"L"},{"x":22.26,"y":77.1,"cmd":"L"},{"x":23.38,"y":82.07,"cmd":"L"},{"x":26.77,"y":89.28,"cmd":"L"},{"x":30.01,"y":98.18,"cmd":"L"},{"x":32.79,"y":104.27,"cmd":"L"},{"x":34.88,"y":109.23,"cmd":"L"},{"x":35.16,"y":110.13,"cmd":"L"},{"x":35.37,"y":111.08,"cmd":"L"},{"x":35.37,"y":111.08,"cmd":"L"}],"parentId":"Top","idx":8},{"type":"pencil","iteration":1,"blend":"normal","seed":937252939,"exportable":true,"findable":true,"fill":{"method":"fill","blend":"normal","enabled":false,"opacity":0,"type":"color","color":"black"},"filter":{"enabled":true,"opened":true,"stack":[]},"stroke":{"method":"stroke","blend":"normal","enabled":true,"opacity":1,"type":"color","color":"#074dff","alignment":0.5,"lineCap":"round","lineDash":"none","lineDashOffset":0,"lineJoin":"miter","lineWidth":2,"lineWidthVariance":0,"miterLimit":4},"bbox":{"x":661,"y":38.00128646541491,"width":198.00000027583224,"height":11.998713534585093,"rotation":0,"scale":{"x":1,"y":1},"skew":{"x":0,"y":0},"anchor":{"x":0,"y":0}},"id":"78a52159-11a9-41f2-bacd-6a6a0b01d5d5","pointerId":"you_66442","pathSmoothing":{"enabled":true,"alpha":0.5,"tension":1,"type":0},"path":[{"x":0,"y":10,"cmd":"M"},{"x":0,"y":10,"cmd":"L"},{"x":10.08,"y":7.67,"cmd":"L"},{"x":24.01,"y":6.29,"cmd":"L"},{"x":28,"y":6.13,"cmd":"L"},{"x":41.03,"y":4.39,"cmd":"L"},{"x":59,"y":4.06,"cmd":"L"},{"x":83,"y":3.12,"cmd":"L"},{"x":93,"y":3.03,"cmd":"L"},{"x":110,"y":3,"cmd":"L"},{"x":118.01,"y":2.27,"cmd":"L"},{"x":128,"y":2.06,"cmd":"L"},{"x":136,"y":2.02,"cmd":"L"},{"x":141,"y":2.01,"cmd":"L"},{"x":147,"y":2,"cmd":"L"},{"x":151,"y":2,"cmd":"L"},{"x":157,"y":2,"cmd":"L"},{"x":159,"y":2,"cmd":"L"},{"x":164.02,"y":1.37,"cmd":"L"},{"x":167.08,"y":0.67,"cmd":"L"},{"x":169.03,"y":0.4,"cmd":"L"},{"x":171.01,"y":0.24,"cmd":"L"},{"x":174,"y":0.12,"cmd":"L"},{"x":176,"y":0.07,"cmd":"L"},{"x":181,"y":0.03,"cmd":"L"},{"x":187,"y":0.01,"cmd":"L"},{"x":192,"y":0,"cmd":"L"},{"x":195,"y":0,"cmd":"L"},{"x":196,"y":0,"cmd":"L"},{"x":196,"y":0,"cmd":"L"}],"parentId":"Top","idx":9},{"type":"pencil","iteration":1,"blend":"normal","seed":1517711431,"exportable":true,"findable":true,"fill":{"method":"fill","blend":"normal","enabled":false,"opacity":0,"type":"color","color":"black"},"filter":{"enabled":true,"opened":true,"stack":[]},"stroke":{"method":"stroke","blend":"normal","enabled":true,"opacity":1,"type":"color","color":"#074dff","alignment":0.5,"lineCap":"round","lineDash":"none","lineDashOffset":0,"lineJoin":"miter","lineWidth":2,"lineWidthVariance":0,"miterLimit":4},"bbox":{"x":650,"y":56.00174470166728,"width":200.0000005073307,"height":17.998255298332722,"rotation":0,"scale":{"x":1,"y":1},"skew":{"x":0,"y":0},"anchor":{"x":0,"y":0}},"id":"587eae60-7ae0-491f-8bb4-ca881b7568a7","pointerId":"you_66443","pathSmoothing":{"enabled":true,"alpha":0.5,"tension":1,"type":0},"path":[{"x":0,"y":16,"cmd":"M"},{"x":0,"y":16,"cmd":"L"},{"x":5.19,"y":14.05,"cmd":"L"},{"x":12.06,"y":12.61,"cmd":"L"},{"x":20.03,"y":11.44,"cmd":"L"},{"x":28.07,"y":9.65,"cmd":"L"},{"x":32.01,"y":9.28,"cmd":"L"},{"x":47.01,"y":8.21,"cmd":"L"},{"x":57,"y":8.05,"cmd":"L"},{"x":72.01,"y":7.17,"cmd":"L"},{"x":82,"y":7.04,"cmd":"L"},{"x":103,"y":6.13,"cmd":"L"},{"x":108.1,"y":4.77,"cmd":"L"},{"x":120,"y":4.15,"cmd":"L"},{"x":132,"y":4.03,"cmd":"L"},{"x":141,"y":4.01,"cmd":"L"},{"x":149.01,"y":3.27,"cmd":"L"},{"x":156,"y":3.08,"cmd":"L"},{"x":161.03,"y":2.4,"cmd":"L"},{"x":164.08,"y":1.68,"cmd":"L"},{"x":172.04,"y":0.46,"cmd":"L"},{"x":175.01,"y":0.23,"cmd":"L"},{"x":177,"y":0.14,"cmd":"L"},{"x":178,"y":0.1,"cmd":"L"},{"x":179,"y":0.08,"cmd":"L"},{"x":180,"y":0.06,"cmd":"L"},{"x":183,"y":0.03,"cmd":"L"},{"x":189,"y":0.01,"cmd":"L"},{"x":196,"y":0,"cmd":"L"},{"x":198,"y":0,"cmd":"L"}],"parentId":"Top","idx":10},{"type":"pencil","iteration":1,"blend":"normal","seed":1399995739,"exportable":true,"findable":true,"fill":{"method":"fill","blend":"normal","enabled":false,"opacity":0,"type":"color","color":"black"},"filter":{"enabled":true,"opened":true,"stack":[]},"stroke":{"method":"stroke","blend":"normal","enabled":true,"opacity":1,"type":"color","color":"#074dff","alignment":0.5,"lineCap":"round","lineDash":"none","lineDashOffset":0,"lineJoin":"miter","lineWidth":2,"lineWidthVariance":0,"miterLimit":4},"bbox":{"x":666,"y":82.00112656432131,"width":206.00000021152448,"height":19.99887343567869,"rotation":0,"scale":{"x":1,"y":1},"skew":{"x":0,"y":0},"anchor":{"x":0,"y":0}},"id":"e36afa0b-758f-4f3b-962e-1bb894aa9551","pointerId":"you_66444","pathSmoothing":{"enabled":true,"alpha":0.5,"tension":1,"type":0},"path":[{"x":0,"y":18,"cmd":"M"},{"x":0,"y":18,"cmd":"L"},{"x":0,"y":18,"cmd":"L"},{"x":5.02,"y":17.37,"cmd":"L"},{"x":16.04,"y":15.5,"cmd":"L"},{"x":36.03,"y":12.45,"cmd":"L"},{"x":52.02,"y":10.38,"cmd":"L"},{"x":57.04,"y":9.51,"cmd":"L"},{"x":74.01,"y":8.23,"cmd":"L"},{"x":99.01,"y":6.24,"cmd":"L"},{"x":110.01,"y":5.26,"cmd":"L"},{"x":117.02,"y":4.38,"cmd":"L"},{"x":124.03,"y":3.41,"cmd":"L"},{"x":130.04,"y":2.46,"cmd":"L"},{"x":136,"y":2.15,"cmd":"L"},{"x":141,"y":2.06,"cmd":"L"},{"x":148,"y":2.02,"cmd":"L"},{"x":152,"y":2.01,"cmd":"L"},{"x":160,"y":2,"cmd":"L"},{"x":166,"y":2,"cmd":"L"},{"x":168.06,"y":1.59,"cmd":"L"},{"x":172.01,"y":1.25,"cmd":"L"},{"x":178.03,"y":0.41,"cmd":"L"},{"x":184,"y":0.14,"cmd":"L"},{"x":185,"y":0.1,"cmd":"L"},{"x":187,"y":0.06,"cmd":"L"},{"x":188,"y":0.05,"cmd":"L"},{"x":192,"y":0.02,"cmd":"L"},{"x":195,"y":0.01,"cmd":"L"},{"x":196,"y":0.01,"cmd":"L"},{"x":199,"y":0,"cmd":"L"},{"x":202,"y":0,"cmd":"L"},{"x":204,"y":0,"cmd":"L"}],"parentId":"Top","idx":11},{"type":"pencil","iteration":1,"blend":"normal","seed":2074856181,"exportable":true,"findable":true,"fill":{"method":"fill","blend":"normal","enabled":false,"opacity":0,"type":"color","color":"black"},"filter":{"enabled":true,"opened":true,"stack":[]},"stroke":{"method":"stroke","blend":"normal","enabled":true,"opacity":1,"type":"color","color":"#074dff","alignment":0.5,"lineCap":"round","lineDash":"none","lineDashOffset":0,"lineJoin":"miter","lineWidth":2,"lineWidthVariance":0,"miterLimit":4},"bbox":{"x":1366.9247360277932,"y":40.16521133257305,"width":36.07526397220681,"height":15.976597118974816,"rotation":0,"scale":{"x":1,"y":1},"skew":{"x":0,"y":0},"anchor":{"x":0,"y":0}},"id":"4b4e8920-e48a-4391-a674-873783f02748","pointerId":"you_66445","pathSmoothing":{"enabled":true,"alpha":0.5,"tension":1,"type":0},"path":[{"x":34.08,"y":8.83,"cmd":"M"},{"x":34.08,"y":8.83,"cmd":"L"},{"x":33.08,"y":8.83,"cmd":"L"},{"x":29.08,"y":8.83,"cmd":"L"},{"x":21.08,"y":8.83,"cmd":"L"},{"x":15.08,"y":8.83,"cmd":"L"},{"x":10.08,"y":8.83,"cmd":"L"},{"x":9.08,"y":8.83,"cmd":"L"},{"x":8.08,"y":8.83,"cmd":"L"},{"x":7.08,"y":8.83,"cmd":"L"},{"x":6.08,"y":8.83,"cmd":"L"},{"x":5.92,"y":8.78,"cmd":"L"},{"x":5.16,"y":7.99,"cmd":"L"},{"x":5.43,"y":6.76,"cmd":"L"},{"x":6.4,"y":5.32,"cmd":"L"},{"x":7.9,"y":3.9,"cmd":"L"},{"x":8.66,"y":2.48,"cmd":"L"},{"x":9.05,"y":2.05,"cmd":"L"},{"x":10.02,"y":1.02,"cmd":"L"},{"x":11,"y":0,"cmd":"L"},{"x":11,"y":0,"cmd":"L"},{"x":4.83,"y":2.65,"cmd":"L"},{"x":1.7,"y":4.38,"cmd":"L"},{"x":0.56,"y":5.15,"cmd":"L"},{"x":0.11,"y":5.63,"cmd":"L"},{"x":0,"y":5.98,"cmd":"L"},{"x":0.65,"y":7.19,"cmd":"L"},{"x":3.58,"y":9.16,"cmd":"L"},{"x":7.3,"y":10.69,"cmd":"L"},{"x":8.47,"y":11.35,"cmd":"L"},{"x":9.6,"y":12.14,"cmd":"L"},{"x":10.71,"y":12.99,"cmd":"L"},{"x":11.15,"y":13.53,"cmd":"L"},{"x":11.72,"y":13.98,"cmd":"L"}],"parentId":"Top","idx":12},{"type":"pencil","iteration":1,"blend":"normal","seed":828675846,"exportable":true,"findable":true,"fill":{"method":"fill","blend":"normal","enabled":false,"opacity":0,"type":"color","color":"black"},"filter":{"enabled":true,"opened":true,"stack":[]},"stroke":{"method":"stroke","blend":"normal","enabled":true,"opacity":1,"type":"color","color":"#074dff","alignment":0.5,"lineCap":"round","lineDash":"none","lineDashOffset":0,"lineJoin":"miter","lineWidth":2,"lineWidthVariance":0,"miterLimit":4},"bbox":{"x":1308.9692318471552,"y":31,"width":47.39149462628416,"height":42.3293959356391,"rotation":0,"scale":{"x":1,"y":1},"skew":{"x":0,"y":0},"anchor":{"x":0,"y":0}},"id":"022fb7e1-b620-4250-99ce-92bad5273f91","pointerId":"you_66446","pathSmoothing":{"enabled":true,"alpha":0.5,"tension":1,"type":0},"path":[{"x":36.03,"y":0,"cmd":"M"},{"x":36.03,"y":0,"cmd":"L"},{"x":36.03,"y":2,"cmd":"L"},{"x":36.03,"y":8,"cmd":"L"},{"x":38.92,"y":15.21,"cmd":"L"},{"x":40.24,"y":20.1,"cmd":"L"},{"x":42.41,"y":23.48,"cmd":"L"},{"x":43.19,"y":26.12,"cmd":"L"},{"x":43.74,"y":27.29,"cmd":"L"},{"x":44.91,"y":30.22,"cmd":"L"},{"x":45.18,"y":31.12,"cmd":"L"},{"x":45.39,"y":32.07,"cmd":"L"},{"x":45.29,"y":32.28,"cmd":"L"},{"x":41.61,"y":34.47,"cmd":"L"},{"x":34.93,"y":36.23,"cmd":"L"},{"x":28.02,"y":36.77,"cmd":"L"},{"x":19.02,"y":37.69,"cmd":"L"},{"x":12.01,"y":38.61,"cmd":"L"},{"x":7.97,"y":39.41,"cmd":"L"},{"x":5.89,"y":40.08,"cmd":"L"},{"x":4.95,"y":40.31,"cmd":"L"},{"x":4.02,"y":40.23,"cmd":"L"},{"x":2.36,"y":38.89,"cmd":"L"},{"x":0.88,"y":33.88,"cmd":"L"},{"x":0.35,"y":28.98,"cmd":"L"},{"x":0.17,"y":25,"cmd":"L"},{"x":0.1,"y":22,"cmd":"L"},{"x":0.07,"y":19,"cmd":"L"},{"x":0.05,"y":17,"cmd":"L"},{"x":0.05,"y":16,"cmd":"L"},{"x":1.49,"y":13.58,"cmd":"L"},{"x":3.92,"y":11.13,"cmd":"L"},{"x":7.55,"y":8.68,"cmd":"L"},{"x":10.16,"y":7.88,"cmd":"L"},{"x":13.17,"y":6.91,"cmd":"L"},{"x":13.54,"y":6.67,"cmd":"L"},{"x":14.32,"y":6.29,"cmd":"L"},{"x":15.2,"y":5.99,"cmd":"L"},{"x":17.09,"y":5.6,"cmd":"L"},{"x":19.18,"y":4.93,"cmd":"L"},{"x":23.14,"y":3.81,"cmd":"L"},{"x":26.32,"y":2.29,"cmd":"L"},{"x":27.2,"y":1.99,"cmd":"L"},{"x":28.13,"y":1.75,"cmd":"L"}],"parentId":"Top","idx":13},{"type":"pencil","iteration":1,"blend":"normal","seed":548859723,"exportable":true,"findable":true,"fill":{"method":"fill","blend":"normal","enabled":false,"opacity":0,"type":"color","color":"black"},"filter":{"enabled":true,"opened":true,"stack":[]},"stroke":{"method":"stroke","blend":"normal","enabled":true,"opacity":1,"type":"color","color":"#074dff","alignment":0.5,"lineCap":"round","lineDash":"none","lineDashOffset":0,"lineJoin":"miter","lineWidth":2,"lineWidthVariance":0,"miterLimit":4},"bbox":{"x":1262.977433340594,"y":40,"width":6.3806868686006055,"height":39.14035209052153,"rotation":0,"scale":{"x":1,"y":1},"skew":{"x":0,"y":0},"anchor":{"x":0,"y":0}},"id":"67f3ae00-e729-4eb3-b4f3-57fe073d9c52","pointerId":"you_66447","pathSmoothing":{"enabled":true,"alpha":0.5,"tension":1,"type":0},"path":[{"x":0.02,"y":0,"cmd":"M"},{"x":0.02,"y":0,"cmd":"L"},{"x":0.02,"y":2,"cmd":"L"},{"x":0.65,"y":7.02,"cmd":"L"},{"x":0.86,"y":11,"cmd":"L"},{"x":1.77,"y":22.01,"cmd":"L"},{"x":2.65,"y":29.02,"cmd":"L"},{"x":3.44,"y":33.06,"cmd":"L"},{"x":3.73,"y":36.01,"cmd":"L"},{"x":3.83,"y":36.25,"cmd":"L"},{"x":4.12,"y":37.14,"cmd":"L"},{"x":4.12,"y":37.14,"cmd":"L"},{"x":4.38,"y":35.93,"cmd":"L"}],"parentId":"Top","idx":14},{"type":"pencil","iteration":1,"blend":"normal","seed":986434487,"exportable":true,"findable":true,"fill":{"method":"fill","blend":"normal","enabled":false,"opacity":0,"type":"color","color":"black"},"filter":{"enabled":true,"opened":true,"stack":[]},"stroke":{"method":"stroke","blend":"normal","enabled":true,"opacity":1,"type":"color","color":"#074dff","alignment":0.5,"lineCap":"round","lineDash":"none","lineDashOffset":0,"lineJoin":"miter","lineWidth":2,"lineWidthVariance":0,"miterLimit":4},"bbox":{"x":1243.9896689227737,"y":39.957142712143835,"width":19.010331077226283,"height":2.794100916680023,"rotation":0,"scale":{"x":1,"y":1},"skew":{"x":0,"y":0},"anchor":{"x":0,"y":0}},"id":"72fe5e33-99f5-4154-9596-63fe025285ce","pointerId":"you_66448","pathSmoothing":{"enabled":true,"alpha":0.5,"tension":1,"type":0},"path":[{"x":17.01,"y":0.04,"cmd":"M"},{"x":17.01,"y":0.04,"cmd":"L"},{"x":12.01,"y":0.04,"cmd":"L"},{"x":7.01,"y":0.04,"cmd":"L"},{"x":0.99,"y":0.71,"cmd":"L"},{"x":0,"y":0.79,"cmd":"L"},{"x":0,"y":0.79,"cmd":"L"}],"parentId":"Top","idx":15},{"type":"pencil","iteration":1,"blend":"normal","seed":75641397,"exportable":true,"findable":true,"fill":{"method":"fill","blend":"normal","enabled":false,"opacity":0,"type":"color","color":"black"},"filter":{"enabled":true,"opened":true,"stack":[]},"stroke":{"method":"stroke","blend":"normal","enabled":true,"opacity":1,"type":"color","color":"#074dff","alignment":0.5,"lineCap":"round","lineDash":"none","lineDashOffset":0,"lineJoin":"miter","lineWidth":2,"lineWidthVariance":0,"miterLimit":4},"bbox":{"x":1247.6883701372492,"y":82.97536455145155,"width":20.311629862750806,"height":4.693220409897279,"rotation":0,"scale":{"x":1,"y":1},"skew":{"x":0,"y":0},"anchor":{"x":0,"y":0}},"id":"cdc29b87-97f7-4950-9547-3b6f5d13c08c","pointerId":"you_66449","pathSmoothing":{"enabled":true,"alpha":0.5,"tension":1,"type":0},"path":[{"x":18.31,"y":0.02,"cmd":"M"},{"x":18.31,"y":0.02,"cmd":"L"},{"x":18.31,"y":0.02,"cmd":"L"},{"x":16.31,"y":0.02,"cmd":"L"},{"x":12.28,"y":0.6,"cmd":"L"},{"x":9.3,"y":0.81,"cmd":"L"},{"x":4.28,"y":1.57,"cmd":"L"},{"x":2.3,"y":1.75,"cmd":"L"},{"x":1.17,"y":2.11,"cmd":"L"},{"x":0,"y":2.69,"cmd":"L"}],"parentId":"Top","idx":16},{"type":"pencil","iteration":1,"blend":"normal","seed":931543801,"exportable":true,"findable":true,"fill":{"method":"fill","blend":"normal","enabled":false,"opacity":0,"type":"color","color":"black"},"filter":{"enabled":true,"opened":true,"stack":[]},"stroke":{"method":"stroke","blend":"normal","enabled":true,"opacity":1,"type":"color","color":"#074dff","alignment":0.5,"lineCap":"round","lineDash":"none","lineDashOffset":0,"lineJoin":"miter","lineWidth":2,"lineWidthVariance":0,"miterLimit":4},"bbox":{"x":1261.797192625936,"y":74,"width":5.541358764100778,"height":6.915696807433761,"rotation":0,"scale":{"x":1,"y":1},"skew":{"x":0,"y":0},"anchor":{"x":0,"y":0}},"id":"63fe494e-1179-4cc7-a137-eb803304975e","pointerId":"you_66450","pathSmoothing":{"enabled":true,"alpha":0.5,"tension":1,"type":0},"path":[{"x":3.2,"y":0,"cmd":"M"},{"x":3.2,"y":0,"cmd":"L"},{"x":3.2,"y":0,"cmd":"L"},{"x":3.54,"y":0.5,"cmd":"L"},{"x":3.54,"y":0.5,"cmd":"L"},{"x":3.43,"y":2.01,"cmd":"L"},{"x":2.66,"y":3.38,"cmd":"L"},{"x":1.59,"y":4.19,"cmd":"L"},{"x":0.85,"y":4.59,"cmd":"L"},{"x":0,"y":4.92,"cmd":"L"}],"parentId":"Top","idx":17},{"type":"pencil","iteration":1,"blend":"normal","seed":1456853205,"exportable":true,"findable":true,"fill":{"method":"fill","blend":"normal","enabled":false,"opacity":0,"type":"color","color":"black"},"filter":{"enabled":true,"opened":true,"stack":[]},"stroke":{"method":"stroke","blend":"normal","enabled":true,"opacity":1,"type":"color","color":"#074dff","alignment":0.5,"lineCap":"round","lineDash":"none","lineDashOffset":0,"lineJoin":"miter","lineWidth":2,"lineWidthVariance":0,"miterLimit":4},"bbox":{"x":1325.478790145117,"y":59,"width":11.43172576855386,"height":37.13314146315899,"rotation":0,"scale":{"x":1,"y":1},"skew":{"x":0,"y":0},"anchor":{"x":0,"y":0}},"id":"8e523194-6985-4d26-8834-a31b8db72430","pointerId":"you_66451","pathSmoothing":{"enabled":true,"alpha":0.5,"tension":1,"type":0},"path":[{"x":4.52,"y":0,"cmd":"M"},{"x":4.52,"y":0,"cmd":"L"},{"x":4.52,"y":3,"cmd":"L"},{"x":4.52,"y":6,"cmd":"L"},{"x":4.52,"y":6,"cmd":"L"},{"x":4.52,"y":6,"cmd":"L"},{"x":4.52,"y":6,"cmd":"L"},{"x":4.52,"y":6,"cmd":"L"},{"x":4.52,"y":6,"cmd":"L"},{"x":4.52,"y":8,"cmd":"L"},{"x":4.52,"y":14,"cmd":"L"},{"x":4.52,"y":20,"cmd":"L"},{"x":4.52,"y":22,"cmd":"L"},{"x":4.52,"y":23,"cmd":"L"},{"x":4.52,"y":24,"cmd":"L"},{"x":4.52,"y":25,"cmd":"L"},{"x":4.52,"y":26,"cmd":"L"},{"x":4.19,"y":26.5,"cmd":"L"},{"x":3.49,"y":26.6,"cmd":"L"},{"x":2.3,"y":26.12,"cmd":"L"},{"x":1.14,"y":25.47,"cmd":"L"},{"x":0,"y":24.69,"cmd":"L"},{"x":0,"y":24.69,"cmd":"L"},{"x":0,"y":24.69,"cmd":"L"},{"x":1.62,"y":26.68,"cmd":"L"},{"x":2.55,"y":27.74,"cmd":"L"},{"x":5.83,"y":32.52,"cmd":"L"},{"x":7.61,"y":34.69,"cmd":"L"},{"x":8.17,"y":35.13,"cmd":"L"},{"x":8.3,"y":35.02,"cmd":"L"},{"x":8.81,"y":32.91,"cmd":"L"},{"x":9.16,"y":29.98,"cmd":"L"},{"x":9.34,"y":26.99,"cmd":"L"},{"x":9.43,"y":24,"cmd":"L"}],"parentId":"Top","idx":18},{"type":"pencil","iteration":1,"blend":"normal","seed":460668479,"exportable":true,"findable":true,"fill":{"method":"fill","blend":"normal","enabled":false,"opacity":0,"type":"color","color":"black"},"filter":{"enabled":true,"opened":true,"stack":[]},"stroke":{"method":"stroke","blend":"normal","enabled":true,"opacity":1,"type":"color","color":"#074dff","alignment":0.5,"lineCap":"round","lineDash":"none","lineDashOffset":0,"lineJoin":"miter","lineWidth":2,"lineWidthVariance":0,"miterLimit":4},"bbox":{"x":1290.6681793666182,"y":115.96321834407925,"width":9.331820633381767,"height":17.339654564704944,"rotation":0,"scale":{"x":1,"y":1},"skew":{"x":0,"y":0},"anchor":{"x":0,"y":0}},"id":"e370ea3e-0665-4326-a45f-f8a79329c81b","pointerId":"you_66452","pathSmoothing":{"enabled":true,"alpha":0.5,"tension":1,"type":0},"path":[{"x":7.33,"y":0.04,"cmd":"M"},{"x":7.33,"y":0.04,"cmd":"L"},{"x":4.33,"y":0.04,"cmd":"L"},{"x":1.29,"y":0.54,"cmd":"L"},{"x":1.01,"y":0.69,"cmd":"L"},{"x":0.59,"y":1.06,"cmd":"L"},{"x":0.14,"y":1.64,"cmd":"L"},{"x":0.24,"y":5.04,"cmd":"L"},{"x":1.75,"y":7.48,"cmd":"L"},{"x":3.48,"y":9.68,"cmd":"L"},{"x":4.02,"y":10.13,"cmd":"L"},{"x":5.08,"y":11.06,"cmd":"L"},{"x":5.52,"y":11.64,"cmd":"L"},{"x":5.79,"y":13.09,"cmd":"L"},{"x":5.66,"y":13.35,"cmd":"L"},{"x":4.66,"y":14.15,"cmd":"L"},{"x":3.94,"y":14.56,"cmd":"L"},{"x":2.81,"y":15.34,"cmd":"L"}],"parentId":"Top","idx":19},{"type":"pencil","iteration":1,"blend":"normal","seed":773443693,"exportable":true,"findable":true,"fill":{"method":"fill","blend":"normal","enabled":false,"opacity":0,"type":"color","color":"black"},"filter":{"enabled":true,"opened":true,"stack":[]},"stroke":{"method":"stroke","blend":"normal","enabled":true,"opacity":1,"type":"color","color":"#074dff","alignment":0.5,"lineCap":"round","lineDash":"none","lineDashOffset":0,"lineJoin":"miter","lineWidth":2,"lineWidthVariance":0,"miterLimit":4},"bbox":{"x":1303.8460498941515,"y":117.40245839192934,"width":6.496840469019162,"height":8.771609067054612,"rotation":0,"scale":{"x":1,"y":1},"skew":{"x":0,"y":0},"anchor":{"x":0,"y":0}},"id":"5a5e3acb-754b-4b83-984d-898959a1b693","pointerId":"you_66453","pathSmoothing":{"enabled":true,"alpha":0.5,"tension":1,"type":0},"path":[{"x":3.15,"y":6.6,"cmd":"M"},{"x":3.15,"y":6.6,"cmd":"L"},{"x":3.15,"y":6.6,"cmd":"L"},{"x":1.15,"y":6.6,"cmd":"L"},{"x":0.15,"y":6.6,"cmd":"L"},{"x":0,"y":6.65,"cmd":"L"},{"x":0,"y":6.65,"cmd":"L"},{"x":0,"y":6.65,"cmd":"L"},{"x":0,"y":6.65,"cmd":"L"},{"x":0.28,"y":6.73,"cmd":"L"},{"x":1.16,"y":6.7,"cmd":"L"},{"x":2.78,"y":5.44,"cmd":"L"},{"x":3.23,"y":4.9,"cmd":"L"},{"x":3.65,"y":4.19,"cmd":"L"},{"x":3.99,"y":3.36,"cmd":"L"},{"x":4.27,"y":2.46,"cmd":"L"},{"x":4.49,"y":1.52,"cmd":"L"},{"x":4.02,"y":0.94,"cmd":"L"},{"x":3.48,"y":0.5,"cmd":"L"},{"x":2.76,"y":0.09,"cmd":"L"},{"x":2.13,"y":0,"cmd":"L"},{"x":2.1,"y":0.01,"cmd":"L"},{"x":1.41,"y":0.61,"cmd":"L"},{"x":0.96,"y":1.2,"cmd":"L"},{"x":0.56,"y":1.95,"cmd":"L"},{"x":0.67,"y":2.64,"cmd":"L"},{"x":0.81,"y":2.91,"cmd":"L"},{"x":1.18,"y":3.34,"cmd":"L"}],"parentId":"Top","idx":20},{"type":"pencil","iteration":1,"blend":"normal","seed":1109597580,"exportable":true,"findable":true,"fill":{"method":"fill","blend":"normal","enabled":false,"opacity":0,"type":"color","color":"black"},"filter":{"enabled":true,"opened":true,"stack":[]},"stroke":{"method":"stroke","blend":"normal","enabled":true,"opacity":1,"type":"color","color":"#074dff","alignment":0.5,"lineCap":"round","lineDash":"none","lineDashOffset":0,"lineJoin":"miter","lineWidth":2,"lineWidthVariance":0,"miterLimit":4},"bbox":{"x":1308,"y":123,"width":9.548992165584195,"height":9.136715647814043,"rotation":0,"scale":{"x":1,"y":1},"skew":{"x":0,"y":0},"anchor":{"x":0,"y":0}},"id":"a824a46a-f81b-416d-85f2-5c90da295bc7","pointerId":"you_66454","pathSmoothing":{"enabled":true,"alpha":0.5,"tension":1,"type":0},"path":[{"x":0,"y":0,"cmd":"M"},{"x":0,"y":0,"cmd":"L"},{"x":1.88,"y":1.88,"cmd":"L"},{"x":3.88,"y":3.88,"cmd":"L"},{"x":5.19,"y":5.61,"cmd":"L"},{"x":6.09,"y":6.69,"cmd":"L"},{"x":6.65,"y":7.14,"cmd":"L"},{"x":6.65,"y":7.14,"cmd":"L"},{"x":6.78,"y":7.02,"cmd":"L"},{"x":7.55,"y":5.63,"cmd":"L"}],"parentId":"Top","idx":21},{"type":"pencil","iteration":1,"blend":"normal","seed":328180988,"exportable":true,"findable":true,"fill":{"method":"fill","blend":"normal","enabled":false,"opacity":0,"type":"color","color":"black"},"filter":{"enabled":true,"opened":true,"stack":[]},"stroke":{"method":"stroke","blend":"normal","enabled":true,"opacity":1,"type":"color","color":"#074dff","alignment":0.5,"lineCap":"round","lineDash":"none","lineDashOffset":0,"lineJoin":"miter","lineWidth":2,"lineWidthVariance":0,"miterLimit":4},"bbox":{"x":1314,"y":114,"width":13.118550876399695,"height":18.282707651742385,"rotation":0,"scale":{"x":1,"y":1},"skew":{"x":0,"y":0},"anchor":{"x":0,"y":0}},"id":"120146dd-0b59-4f97-a561-c9796b5ada02","pointerId":"you_66455","pathSmoothing":{"enabled":true,"alpha":0.5,"tension":1,"type":0},"path":[{"x":0,"y":0,"cmd":"M"},{"x":0,"y":0,"cmd":"L"},{"x":0.41,"y":2.06,"cmd":"L"},{"x":1.61,"y":4.34,"cmd":"L"},{"x":4.01,"y":11.17,"cmd":"L"},{"x":5.03,"y":14.16,"cmd":"L"},{"x":5.63,"y":15.33,"cmd":"L"},{"x":6.01,"y":15.76,"cmd":"L"},{"x":8.09,"y":16.28,"cmd":"L"},{"x":9.01,"y":16.21,"cmd":"L"},{"x":10,"y":16.16,"cmd":"L"},{"x":11.12,"y":15.84,"cmd":"L"}],"parentId":"Top","idx":22},{"type":"pencil","iteration":1,"blend":"normal","seed":231767404,"exportable":true,"findable":true,"fill":{"method":"fill","blend":"normal","enabled":false,"opacity":0,"type":"color","color":"black"},"filter":{"enabled":true,"opened":true,"stack":[]},"stroke":{"method":"stroke","blend":"normal","enabled":true,"opacity":1,"type":"color","color":"#074dff","alignment":0.5,"lineCap":"round","lineDash":"none","lineDashOffset":0,"lineJoin":"miter","lineWidth":2,"lineWidthVariance":0,"miterLimit":4},"bbox":{"x":1338.1933258737256,"y":112,"width":7.997488570473024,"height":13.826988048082185,"rotation":0,"scale":{"x":1,"y":1},"skew":{"x":0,"y":0},"anchor":{"x":0,"y":0}},"id":"57fb7726-f744-4832-9a83-bfb3848e8fee","pointerId":"you_66456","pathSmoothing":{"enabled":true,"alpha":0.5,"tension":1,"type":0},"path":[{"x":0.81,"y":0,"cmd":"M"},{"x":0.81,"y":0,"cmd":"L"},{"x":0.53,"y":1.09,"cmd":"L"},{"x":0.17,"y":4.02,"cmd":"L"},{"x":0.08,"y":5.01,"cmd":"L"},{"x":0.01,"y":6.01,"cmd":"L"},{"x":0.95,"y":9.13,"cmd":"L"},{"x":1.18,"y":9.48,"cmd":"L"},{"x":1.55,"y":10.28,"cmd":"L"},{"x":1.89,"y":10.69,"cmd":"L"},{"x":3.22,"y":11.48,"cmd":"L"},{"x":4.05,"y":11.83,"cmd":"L"},{"x":4.05,"y":11.83,"cmd":"L"},{"x":5.05,"y":10.43,"cmd":"L"},{"x":5.7,"y":8.79,"cmd":"L"},{"x":5.97,"y":7.88,"cmd":"L"},{"x":5.91,"y":6,"cmd":"L"},{"x":5.45,"y":3.93,"cmd":"L"},{"x":4.48,"y":2.49,"cmd":"L"},{"x":4.1,"y":1.7,"cmd":"L"},{"x":3.75,"y":1.29,"cmd":"L"},{"x":3.18,"y":0.84,"cmd":"L"},{"x":2.44,"y":0.44,"cmd":"L"},{"x":1.6,"y":0.1,"cmd":"L"},{"x":1.6,"y":0.1,"cmd":"L"},{"x":0.81,"y":0.08,"cmd":"L"},{"x":0.33,"y":0.38,"cmd":"L"}],"parentId":"Top","idx":23},{"type":"pencil","iteration":1,"blend":"normal","seed":12687786,"exportable":true,"findable":true,"fill":{"method":"fill","blend":"normal","enabled":false,"opacity":0,"type":"color","color":"black"},"filter":{"enabled":true,"opened":true,"stack":[]},"stroke":{"method":"stroke","blend":"normal","enabled":true,"opacity":1,"type":"color","color":"#074dff","alignment":0.5,"lineCap":"round","lineDash":"none","lineDashOffset":0,"lineJoin":"miter","lineWidth":2,"lineWidthVariance":0,"miterLimit":4},"bbox":{"x":1344,"y":119,"width":7.64613479747004,"height":6.140075644463437,"rotation":0,"scale":{"x":1,"y":1},"skew":{"x":0,"y":0},"anchor":{"x":0,"y":0}},"id":"c9ea6a99-fb11-49cc-87c6-95b102b7ebe8","pointerId":"you_66457","pathSmoothing":{"enabled":true,"alpha":0.5,"tension":1,"type":0},"path":[{"x":0,"y":0,"cmd":"M"},{"x":0,"y":0,"cmd":"L"},{"x":0.5,"y":0.34,"cmd":"L"},{"x":1.29,"y":0.71,"cmd":"L"},{"x":2.76,"y":2.01,"cmd":"L"},{"x":4.55,"y":3.27,"cmd":"L"},{"x":5.65,"y":4.14,"cmd":"L"}],"parentId":"Top","idx":24},{"type":"pencil","iteration":1,"blend":"normal","seed":237488687,"exportable":true,"findable":true,"fill":{"method":"fill","blend":"normal","enabled":false,"opacity":0,"type":"color","color":"black"},"filter":{"enabled":true,"opened":true,"stack":[]},"stroke":{"method":"stroke","blend":"normal","enabled":true,"opacity":1,"type":"color","color":"#074dff","alignment":0.5,"lineCap":"round","lineDash":"none","lineDashOffset":0,"lineJoin":"miter","lineWidth":2,"lineWidthVariance":0,"miterLimit":4},"bbox":{"x":1328.13716625313,"y":100.12259661897741,"width":21.44367230025955,"height":24.987219876829755,"rotation":0,"scale":{"x":1,"y":1},"skew":{"x":0,"y":0},"anchor":{"x":0,"y":0}},"id":"8f07b274-d462-4bcf-b9d3-bdef5bbd5368","pointerId":"you_66458","pathSmoothing":{"enabled":true,"alpha":0.5,"tension":1,"type":0},"path":[{"x":16.86,"y":15.88,"cmd":"M"},{"x":16.86,"y":15.88,"cmd":"L"},{"x":16.86,"y":15.88,"cmd":"L"},{"x":16.86,"y":15.88,"cmd":"L"},{"x":18.06,"y":14.28,"cmd":"L"},{"x":18.73,"y":12.65,"cmd":"L"},{"x":19.17,"y":10.8,"cmd":"L"},{"x":19.44,"y":8.85,"cmd":"L"},{"x":19.3,"y":7.85,"cmd":"L"},{"x":18.88,"y":6.7,"cmd":"L"},{"x":18.02,"y":4.64,"cmd":"L"},{"x":17.75,"y":3.74,"cmd":"L"},{"x":17.18,"y":2.57,"cmd":"L"},{"x":16.82,"y":2.15,"cmd":"L"},{"x":15.46,"y":1.38,"cmd":"L"},{"x":14.63,"y":1.03,"cmd":"L"},{"x":11.8,"y":0.47,"cmd":"L"},{"x":8.85,"y":0.17,"cmd":"L"},{"x":7.85,"y":0.1,"cmd":"L"},{"x":5.86,"y":0.01,"cmd":"L"},{"x":3.82,"y":0.36,"cmd":"L"},{"x":3.53,"y":0.51,"cmd":"L"},{"x":2.73,"y":1.53,"cmd":"L"},{"x":1.81,"y":2.6,"cmd":"L"},{"x":0.9,"y":5.06,"cmd":"L"},{"x":0.5,"y":6.94,"cmd":"L"},{"x":0.18,"y":9.89,"cmd":"L"},{"x":0.05,"y":11.88,"cmd":"L"},{"x":0.01,"y":12.88,"cmd":"L"},{"x":0.36,"y":14.92,"cmd":"L"},{"x":0.99,"y":17.01,"cmd":"L"},{"x":1.22,"y":17.36,"cmd":"L"},{"x":2.35,"y":19.29,"cmd":"L"},{"x":2.77,"y":19.73,"cmd":"L"},{"x":4.07,"y":21.47,"cmd":"L"},{"x":4.59,"y":21.92,"cmd":"L"},{"x":5.29,"y":22.34,"cmd":"L"},{"x":6.11,"y":22.69,"cmd":"L"},{"x":7,"y":22.97,"cmd":"L"},{"x":7.86,"y":22.95,"cmd":"L"},{"x":8.86,"y":22.93,"cmd":"L"},{"x":9.03,"y":22.87,"cmd":"L"},{"x":9.41,"y":22.61,"cmd":"L"},{"x":10.18,"y":22.22,"cmd":"L"},{"x":10.6,"y":21.85,"cmd":"L"},{"x":11.05,"y":21.27,"cmd":"L"},{"x":11.72,"y":19.65,"cmd":"L"},{"x":12.38,"y":18.48,"cmd":"L"},{"x":12.72,"y":17.65,"cmd":"L"}],"parentId":"Top","idx":25},{"type":"pencil","iteration":1,"blend":"normal","seed":677989384,"exportable":true,"findable":true,"fill":{"method":"fill","blend":"normal","enabled":false,"opacity":0,"type":"color","color":"black"},"filter":{"enabled":true,"opened":true,"stack":[]},"stroke":{"method":"stroke","blend":"normal","enabled":true,"opacity":1,"type":"color","color":"#074dff","alignment":0.5,"lineCap":"round","lineDash":"none","lineDashOffset":0,"lineJoin":"miter","lineWidth":2,"lineWidthVariance":0,"miterLimit":4},"bbox":{"x":1266.112964192549,"y":48.38832580229823,"width":44.88703580745096,"height":14.223505701323482,"rotation":0,"scale":{"x":1,"y":1},"skew":{"x":0,"y":0},"anchor":{"x":0,"y":0}},"id":"fdfc8123-9304-4aaf-b31b-9210c36e021d","pointerId":"you_66459","pathSmoothing":{"enabled":true,"alpha":0.5,"tension":1,"type":0},"path":[{"x":42.89,"y":9.61,"cmd":"M"},{"x":41.89,"y":9.61,"cmd":"L"},{"x":33.89,"y":9.61,"cmd":"L"},{"x":16.89,"y":9.61,"cmd":"L"},{"x":6.89,"y":9.61,"cmd":"L"},{"x":5.89,"y":9.61,"cmd":"L"},{"x":2.89,"y":9.61,"cmd":"L"},{"x":2.89,"y":9.61,"cmd":"L"},{"x":2.89,"y":9.61,"cmd":"L"},{"x":2.89,"y":9.61,"cmd":"L"},{"x":2.89,"y":9.61,"cmd":"L"},{"x":2.94,"y":9.46,"cmd":"L"},{"x":3.53,"y":8.29,"cmd":"L"},{"x":4.27,"y":7.14,"cmd":"L"},{"x":4.64,"y":6.34,"cmd":"L"},{"x":4.98,"y":5.92,"cmd":"L"},{"x":5.67,"y":4.35,"cmd":"L"},{"x":6.36,"y":3.19,"cmd":"L"},{"x":6.71,"y":2.37,"cmd":"L"},{"x":7.03,"y":1.97,"cmd":"L"},{"x":7.43,"y":1.24,"cmd":"L"},{"x":7.77,"y":0.4,"cmd":"L"},{"x":8.07,"y":0,"cmd":"L"},{"x":8.07,"y":0,"cmd":"L"},{"x":8.07,"y":0,"cmd":"L"},{"x":6.69,"y":0.53,"cmd":"L"},{"x":4.41,"y":1.99,"cmd":"L"},{"x":1.4,"y":3.97,"cmd":"L"},{"x":0.59,"y":5.14,"cmd":"L"},{"x":0.1,"y":5.59,"cmd":"L"},{"x":0,"y":5.83,"cmd":"L"},{"x":0.21,"y":6.69,"cmd":"L"},{"x":3.62,"y":9.65,"cmd":"L"},{"x":6.08,"y":10.56,"cmd":"L"},{"x":7.96,"y":10.97,"cmd":"L"},{"x":8.93,"y":11.13,"cmd":"L"},{"x":9.2,"y":11.27,"cmd":"L"},{"x":9.63,"y":11.64,"cmd":"L"},{"x":10.07,"y":12.22,"cmd":"L"}],"parentId":"Top","idx":26},{"type":"pencil","iteration":1,"blend":"normal","seed":1514052373,"exportable":true,"findable":true,"fill":{"method":"fill","blend":"normal","enabled":false,"opacity":0,"type":"color","color":"black"},"filter":{"enabled":true,"opened":true,"stack":[]},"stroke":{"method":"stroke","blend":"normal","enabled":true,"opacity":1,"type":"color","color":"#074dff","alignment":0.5,"lineCap":"round","lineDash":"none","lineDashOffset":0,"lineJoin":"miter","lineWidth":2,"lineWidthVariance":0,"miterLimit":4},"bbox":{"x":1357,"y":50.76222567097673,"width":51.849977754371594,"height":13.32317851369055,"rotation":0,"scale":{"x":1,"y":1},"skew":{"x":0,"y":0},"anchor":{"x":0,"y":0}},"id":"14ea5209-0baa-4ca7-9b70-71e5811308fb","pointerId":"you_66460","pathSmoothing":{"enabled":true,"alpha":0.5,"tension":1,"type":0},"path":[{"x":0,"y":7.24,"cmd":"M"},{"x":0,"y":7.24,"cmd":"L"},{"x":4.03,"y":6.66,"cmd":"L"},{"x":9,"y":6.4,"cmd":"L"},{"x":18,"y":6.28,"cmd":"L"},{"x":25,"y":6.25,"cmd":"L"},{"x":33,"y":6.24,"cmd":"L"},{"x":37,"y":6.24,"cmd":"L"},{"x":38,"y":6.24,"cmd":"L"},{"x":39,"y":6.24,"cmd":"L"},{"x":39.15,"y":6.19,"cmd":"L"},{"x":39.92,"y":5.4,"cmd":"L"},{"x":40.66,"y":3.92,"cmd":"L"},{"x":40.72,"y":3.22,"cmd":"L"},{"x":40.53,"y":2.19,"cmd":"L"},{"x":40.38,"y":1.9,"cmd":"L"},{"x":39.04,"y":0.44,"cmd":"L"},{"x":38.43,"y":0,"cmd":"L"},{"x":38.43,"y":0,"cmd":"L"},{"x":41,"y":0.11,"cmd":"L"},{"x":45.04,"y":0.76,"cmd":"L"},{"x":47.12,"y":1.38,"cmd":"L"},{"x":49.05,"y":1.72,"cmd":"L"},{"x":49.33,"y":1.87,"cmd":"L"},{"x":49.76,"y":2.24,"cmd":"L"},{"x":49.85,"y":2.47,"cmd":"L"},{"x":49.08,"y":4.44,"cmd":"L"},{"x":47.2,"y":6.2,"cmd":"L"},{"x":43.69,"y":7.92,"cmd":"L"},{"x":39.83,"y":9.25,"cmd":"L"},{"x":35.75,"y":11.04,"cmd":"L"},{"x":34.86,"y":11.32,"cmd":"L"}],"parentId":"Top","idx":27},{"type":"pencil","iteration":1,"blend":"normal","seed":338365842,"exportable":true,"findable":true,"fill":{"method":"fill","blend":"normal","enabled":false,"opacity":0,"type":"color","color":"black"},"filter":{"enabled":true,"opened":true,"stack":[]},"stroke":{"method":"stroke","blend":"normal","enabled":true,"opacity":1,"type":"color","color":"#074dff","alignment":0.5,"lineCap":"round","lineDash":"none","lineDashOffset":0,"lineJoin":"miter","lineWidth":2,"lineWidthVariance":0,"miterLimit":4},"bbox":{"x":1310.4398841043296,"y":8,"width":22.198076473470792,"height":24.429925979014808,"rotation":0,"scale":{"x":1,"y":1},"skew":{"x":0,"y":0},"anchor":{"x":0,"y":0}},"id":"ad360af8-e994-43d0-b4c1-e4695878b000","pointerId":"you_66461","pathSmoothing":{"enabled":true,"alpha":0.5,"tension":1,"type":0},"path":[{"x":12.56,"y":0,"cmd":"M"},{"x":12.56,"y":0,"cmd":"L"},{"x":12.56,"y":2,"cmd":"L"},{"x":12.56,"y":5,"cmd":"L"},{"x":12.56,"y":7,"cmd":"L"},{"x":12.56,"y":9,"cmd":"L"},{"x":12.56,"y":11,"cmd":"L"},{"x":12.56,"y":13,"cmd":"L"},{"x":12.56,"y":14,"cmd":"L"},{"x":12.56,"y":15,"cmd":"L"},{"x":12.56,"y":16,"cmd":"L"},{"x":12.51,"y":16.15,"cmd":"L"},{"x":12.25,"y":16.52,"cmd":"L"},{"x":10.54,"y":16.7,"cmd":"L"},{"x":7.45,"y":15.82,"cmd":"L"},{"x":4.92,"y":13.85,"cmd":"L"},{"x":1.13,"y":11.55,"cmd":"L"},{"x":0,"y":10.75,"cmd":"L"},{"x":0,"y":10.75,"cmd":"L"},{"x":0,"y":10.75,"cmd":"L"},{"x":1.63,"y":12.7,"cmd":"L"},{"x":4.71,"y":16.64,"cmd":"L"},{"x":8.35,"y":19.97,"cmd":"L"},{"x":9.38,"y":20.94,"cmd":"L"},{"x":9.82,"y":21.56,"cmd":"L"},{"x":10.32,"y":22.01,"cmd":"L"},{"x":11.01,"y":22.43,"cmd":"L"},{"x":11.78,"y":22.12,"cmd":"L"},{"x":13.13,"y":19.64,"cmd":"L"},{"x":14.17,"y":17.66,"cmd":"L"},{"x":16.72,"y":14.37,"cmd":"L"},{"x":17.59,"y":11.84,"cmd":"L"},{"x":18.72,"y":10.37,"cmd":"L"},{"x":19.63,"y":9.3,"cmd":"L"},{"x":20.2,"y":8.85,"cmd":"L"}],"parentId":"Top","idx":28},{"type":"pencil","iteration":1,"blend":"normal","seed":2061404548,"exportable":true,"findable":true,"fill":{"method":"fill","blend":"normal","enabled":false,"opacity":0,"type":"color","color":"black"},"filter":{"enabled":true,"opened":true,"stack":[]},"stroke":{"method":"stroke","blend":"normal","enabled":true,"opacity":1,"type":"color","color":"#074dff","alignment":0.5,"lineCap":"round","lineDash":"none","lineDashOffset":0,"lineJoin":"miter","lineWidth":2,"lineWidthVariance":0,"miterLimit":4},"bbox":{"x":576,"y":226,"width":2.01,"height":2.01,"rotation":0,"scale":{"x":1,"y":1},"skew":{"x":0,"y":0},"anchor":{"x":0,"y":0}},"id":"e281a733-6ea5-4b9f-b524-4c1ece14c5a3","pointerId":"you_66462","pathSmoothing":{"enabled":true,"alpha":0.5,"tension":1,"type":0},"path":[{"x":0,"y":0,"cmd":"M"}],"parentId":"Top","idx":29}],"resources":[{"author":[{"bio":null,"name":"Paul D. Hunt","email":"http://www.adobe.com/","filename":["SourceSansPro-ExtraLight.ttf","SourceSansPro-ExtraLightItalic.ttf","SourceSansPro-Light.ttf","SourceSansPro-LightItalic.ttf","SourceSansPro-Regular.ttf","SourceSansPro-Italic.ttf","SourceSansPro-SemiBold.ttf","SourceSansPro-SemiBoldItalic.ttf","SourceSansPro-Bold.ttf","SourceSansPro-BoldItalic.ttf","SourceSansPro-Black.ttf","SourceSansPro-BlackItalic.ttf"],"imageUrl":"https://lh3.googleusercontent.com/pXkkq9v6LZQyR5y1YSr2qtOkZ3kHVgutUz4PqXvWzH_Etqe53Xf8PPs0JN0","copyright":"Copyright 2010, 2012, 2014 Adobe Systems Incorporated (http://www.adobe.com/), with Reserved Font Name Source."}],"defaultVariant":"normal 400","key":"source-sans-pro","preview":{"italic 200":{"url":"https://asset.paintserver.com/source-sans-pro-200italic.png","width":170,"height":80},"italic 300":{"url":"https://asset.paintserver.com/source-sans-pro-300italic.png","width":170,"height":80},"italic 400":{"url":"https://asset.paintserver.com/source-sans-pro-italic.png","width":170,"height":80},"italic 600":{"url":"https://asset.paintserver.com/source-sans-pro-600italic.png","width":170,"height":80},"italic 700":{"url":"https://asset.paintserver.com/source-sans-pro-700italic.png","width":170,"height":80},"italic 900":{"url":"https://asset.paintserver.com/source-sans-pro-900italic.png","width":170,"height":80},"normal 200":{"url":"https://asset.paintserver.com/source-sans-pro-200.png","width":170,"height":80},"normal 300":{"url":"https://asset.paintserver.com/source-sans-pro-300.png","width":170,"height":80},"normal 400":{"url":"https://asset.paintserver.com/source-sans-pro-regular.png","width":170,"height":80},"normal 600":{"url":"https://asset.paintserver.com/source-sans-pro-600.png","width":170,"height":80},"normal 700":{"url":"https://asset.paintserver.com/source-sans-pro-700.png","width":170,"height":80},"normal 900":{"url":"https://asset.paintserver.com/source-sans-pro-900.png","width":170,"height":80}},"title":"Source Sans Pro","type":["font"],"value":{"italic 200":{"ttf":"https://asset.paintserver.com/32305eb04569512ab9b7340aa8c10a5d.ttf","woff":"https://asset.paintserver.com/833849fc79597fb11ed47f634ff9ac39.woff","style":"italic","woff2":"https://asset.paintserver.com/22d9ece240a63e502470f6e744bed0c5.woff2","weight":"200"},"italic 300":{"ttf":"https://asset.paintserver.com/eb5d8127e4158c7241a10cc05de930f6.ttf","woff":"https://asset.paintserver.com/a8af7d67480e8707e25906f77bb771cf.woff","style":"italic","woff2":"https://asset.paintserver.com/5ad0cbef5b77ea554eeecb857106bc0c.woff2","weight":"300"},"italic 400":{"ttf":"https://asset.paintserver.com/764c2cc5318c856dfccb29cd8529b51d.ttf","woff":"https://asset.paintserver.com/62356c3e793970eb7f5896d319561737.woff","style":"italic","woff2":"https://asset.paintserver.com/926ecb7d6d364a26ea8b3db53cba5f5e.woff2","weight":"400"},"italic 600":{"ttf":"https://asset.paintserver.com/0f3a2e37b81162b12c9fa35455540231.ttf","woff":"https://asset.paintserver.com/33a2e415f99181c57e824fca0efee221.woff","style":"italic","woff2":"https://asset.paintserver.com/dc7896697e4195fb7bcf729f4e398091.woff2","weight":"600"},"italic 700":{"ttf":"https://asset.paintserver.com/9950e9ec3672c65b4e64bfb5b562131a.ttf","woff":"https://asset.paintserver.com/98c25e7831cecac4a458e9709cf7747c.woff","style":"italic","woff2":"https://asset.paintserver.com/7385066554ed759c84935299cbc01c66.woff2","weight":"700"},"italic 900":{"ttf":"https://asset.paintserver.com/adaf9bf8364b3101b1bcb73ec6794c5c.ttf","woff":"https://asset.paintserver.com/4ef398107aece6d6d98f26731cd1d8e3.woff","style":"italic","woff2":"https://asset.paintserver.com/4f86bb8e6fcbdaf1e24e6ddebb89e740.woff2","weight":"900"},"normal 200":{"ttf":"https://asset.paintserver.com/fd04b68bcc43c5b7aabb44c5386c3542.ttf","woff":"https://asset.paintserver.com/6ee96e52eff79250c5f19914dc6af212.woff","style":"normal","woff2":"https://asset.paintserver.com/5e999328d835bc49bb6ca15ef09f1afb.woff2","weight":"200"},"normal 300":{"ttf":"https://asset.paintserver.com/ee2a11b8055d665afd2ac1d818683ffe.ttf","woff":"https://asset.paintserver.com/550688190bc105978885dae5b802079c.woff","style":"normal","woff2":"https://asset.paintserver.com/003c070ea86db0557172a130df59ca55.woff2","weight":"300"},"normal 400":{"ttf":"https://asset.paintserver.com/5182da425f811908bed9f5b8c72fa44f.ttf","woff":"https://asset.paintserver.com/333d22f496ec09a649a4fe262a2dcb7e.woff","style":"normal","woff2":"https://asset.paintserver.com/b11b8e087850845f557dd2abd2a79797.woff2","weight":"400"},"normal 600":{"ttf":"https://asset.paintserver.com/774c05ccae92d11b95a2ef722c9566a8.ttf","woff":"https://asset.paintserver.com/88acef4fafaf6b95213fbc056cc65f21.woff","style":"normal","woff2":"https://asset.paintserver.com/837a03e169765636841b5637421ba49c.woff2","weight":"600"},"normal 700":{"ttf":"https://asset.paintserver.com/0d9b62a03206f739cd34b2936a5929f1.ttf","woff":"https://asset.paintserver.com/e0b7b522f8613b8fa84004e5ff247387.woff","style":"normal","woff2":"https://asset.paintserver.com/77a63b543dc177b576053ad1a05ed027.woff2","weight":"700"},"normal 900":{"ttf":"https://asset.paintserver.com/e495a7368e5f4d3c155daf129b841378.ttf","woff":"https://asset.paintserver.com/b0c7d4c4d91d9936a637ff34cce31706.woff","style":"normal","woff2":"https://asset.paintserver.com/edf6fb87ba3c32971db429a695b40c7f.woff2","weight":"900"}},"variants":["normal 200","italic 200","normal 300","normal 400","italic 400","italic 300","normal 600","italic 600","normal 700","italic 700","normal 900","italic 900"],"availableStyles":{"normal":true,"italic":true},"availableWeights":{"200":true,"300":true,"400":true,"600":true,"700":true,"900":true},"hasHeavyVariant":true,"hasItalicVariant":true,"hasLightVariant":true}]}