{"version":"2021.4.25.11","config":{"name":"Drawing-22.sketchpad","surface":{"method":"fill","blend":"normal","enabled":true,"opacity":1,"type":"color","color":"#ffffff"},"clipPath":{"enabled":true,"style":{"strokeStyle":"black","lineWidth":1}},"description":"Made with Sketchpad","metadata":{},"exportDPI":72,"exportFormat":"png","exportQuality":0.95,"units":"px","width":1536,"height":731,"pages":[{"width":1536,"height":731}],"uuid":"8101ddb0-5687-4662-ba37-2427231d9de5"},"layers":[{"type":"fancyText","content":"AOP Terminology","fitText":true,"fontFamily":"source-sans-pro","fontSize":59,"fontStyle":"normal","fontVariant":"normal","fontWeight":400,"letterSpacing":0,"lineHeight":1,"searchTerm":"","textAlign":"center","textDecoration":"none","textTransform":"none","whiteSpace":"pre-wrap","wordSpacing":0,"blend":"normal","exportable":true,"findable":true,"fill":{"method":"fill","blend":"normal","enabled":true,"opacity":1,"type":"color","color":"#000000"},"filter":{"enabled":true,"opened":true,"stack":[]},"stroke":{"method":"stroke","blend":"normal","enabled":false,"opacity":0,"type":"gradient","gradient":{"type":"linearGradient","noise":0,"spreadMethod":"pad","stops":[{"color":"#e43a15","offset":0},{"color":"#e65245","offset":1}],"x1":0.5,"y1":1,"x2":0.5,"y2":0},"alignment":0.5,"lineCap":"round","lineDash":"none","lineDashOffset":0,"lineJoin":"miter","lineWidth":1,"lineWidthVariance":0,"miterLimit":4,"color":"black"},"bbox":{"x":365.64940771882004,"y":51.76305966890881,"width":428.5401829646696,"height":96.47143060706219,"rotation":0,"scale":{"x":1,"y":1},"skew":{"x":0,"y":0},"anchor":{"x":0,"y":0}},"id":"8de7349f-1920-436e-b934-25d98a0892b8","seed":683517827,"pointerId":"you_66965","parentId":"Top","idx":0},{"type":"fancyText","content":"aspect -> java class\nadvice-> the action (function in aspect )\nJoinPoint -> when do we start and with whom \nPointcut -> condi 1 && condi2  ","fitText":true,"fontFamily":"source-sans-pro","fontSize":27,"fontStyle":"normal","fontVariant":"normal","fontWeight":400,"letterSpacing":0,"lineHeight":1,"searchTerm":"","textAlign":"center","textDecoration":"none","textTransform":"none","whiteSpace":"pre-wrap","wordSpacing":0,"blend":"normal","exportable":true,"findable":true,"fill":{"method":"fill","blend":"normal","enabled":true,"opacity":1,"type":"color","color":"#000000"},"filter":{"enabled":true,"opened":true,"stack":[]},"stroke":{"method":"stroke","blend":"normal","enabled":false,"opacity":0,"type":"gradient","gradient":{"type":"linearGradient","noise":0,"spreadMethod":"pad","stops":[{"color":"#e43a15","offset":0},{"color":"#e65245","offset":1}],"x1":0.5,"y1":1,"x2":0.5,"y2":0},"alignment":0.5,"lineCap":"round","lineDash":"none","lineDashOffset":0,"lineJoin":"miter","lineWidth":1,"lineWidthVariance":0,"miterLimit":4,"color":"black"},"bbox":{"x":343,"y":162,"width":529.9413744700954,"height":129.6279188164225,"rotation":0,"scale":{"x":1,"y":1},"skew":{"x":0,"y":0},"anchor":{"x":0,"y":0}},"id":"dd5e273b-d3b4-41cb-aff1-d39405b53109","seed":232656114,"pointerId":"you_66998","parentId":"Top","idx":1},{"type":"calligraphy","iteration":3756,"pathSpacing":{"compatOverlapSegments":false,"enabled":true,"flatness":0.5,"type":0},"tipAngle":42,"blend":"normal","seed":1675631044,"exportable":true,"findable":true,"fill":{"method":"fill","blend":"normal","enabled":true,"opacity":0,"type":"gradient","gradient":{"type":"radialGradient","noise":0,"spreadMethod":"pad","stops":[{"color":"#ffff00","offset":0},{"color":"#00ffff","offset":1}],"angle":0,"cx":0.5,"cy":0.5,"fr":0,"fx":0.5,"fy":0.5,"r":0.5,"sx":1,"sy":1},"color":"#000000","pattern":{"type":"pattern","reflect":"no-reflect","repeat":"repeat","smoothing":true,"src":"data:image/gif;base64,R0lGODlhDgAOAID/ANDu/FOdvCwAAAAADgAOAAACHYwDh5fazqKcj05rar5q+w961diVi9g9jaaGkFEAADs=","sx":1,"sy":1,"x0":0.5,"x1":1,"y0":0.5,"y1":1}},"filter":{"enabled":true,"opened":true,"stack":[]},"stroke":{"method":"stroke","blend":"normal","enabled":true,"opacity":1,"type":"color","color":"#000000","alignment":0.5,"lineCap":"round","lineDash":"none","lineDashOffset":0,"lineJoin":"miter","lineWidth":2.5,"lineWidthVariance":0,"miterLimit":4,"gradient":{"type":"linearGradient","noise":0,"spreadMethod":"pad","stops":[{"color":"#e43a15","offset":0},{"color":"#e65245","offset":1}],"x1":0,"y1":0.5,"x2":1,"y2":0.5}},"bbox":{"x":382,"y":203,"width":4,"height":4,"rotation":0,"scale":{"x":1,"y":1},"skew":{"x":0,"y":0},"anchor":{"x":0,"y":0}},"id":"648ef916-a3c4-40a8-ab26-9c2f7a28d281","pointerId":"you_67162","pathSmoothing":{"enabled":true,"alpha":0.5,"tension":1,"type":0},"path":[{"x":0,"y":0,"cmd":"M"}],"parentId":"Top","idx":2},{"type":"calligraphy","iteration":3756,"pathSpacing":{"compatOverlapSegments":false,"enabled":true,"flatness":0.5,"type":0},"tipAngle":42,"blend":"normal","seed":212601963,"exportable":true,"findable":true,"fill":{"method":"fill","blend":"normal","enabled":true,"opacity":0,"type":"gradient","gradient":{"type":"radialGradient","noise":0,"spreadMethod":"pad","stops":[{"color":"#ffff00","offset":0},{"color":"#00ffff","offset":1}],"angle":0,"cx":0.5,"cy":0.5,"fr":0,"fx":0.5,"fy":0.5,"r":0.5,"sx":1,"sy":1},"color":"#000000","pattern":{"type":"pattern","reflect":"no-reflect","repeat":"repeat","smoothing":true,"src":"data:image/gif;base64,R0lGODlhDgAOAID/ANDu/FOdvCwAAAAADgAOAAACHYwDh5fazqKcj05rar5q+w961diVi9g9jaaGkFEAADs=","sx":1,"sy":1,"x0":0.5,"x1":1,"y0":0.5,"y1":1}},"filter":{"enabled":true,"opened":true,"stack":[]},"stroke":{"method":"stroke","blend":"normal","enabled":true,"opacity":1,"type":"color","color":"#000000","alignment":0.5,"lineCap":"round","lineDash":"none","lineDashOffset":0,"lineJoin":"miter","lineWidth":2.5,"lineWidthVariance":0,"miterLimit":4,"gradient":{"type":"linearGradient","noise":0,"spreadMethod":"pad","stops":[{"color":"#e43a15","offset":0},{"color":"#e65245","offset":1}],"x1":0,"y1":0.5,"x2":1,"y2":0.5}},"bbox":{"x":280.3914943,"y":205.9978135,"width":111.61,"height":173.23,"rotation":0,"scale":{"x":1,"y":1},"skew":{"x":0,"y":0},"anchor":{"x":0,"y":0}},"id":"bc222363-05fa-45e3-9d08-9391aba49b88","pointerId":"you_67163","pathSmoothing":{"enabled":true,"alpha":0.5,"tension":1,"type":0},"path":[{"x":107.61,"y":0,"cmd":"M"},{"x":106.61,"y":0,"cmd":"L"},{"x":98.61,"y":0,"cmd":"L"},{"x":89.6,"y":0.75,"cmd":"L"},{"x":82.58,"y":1.63,"cmd":"L"},{"x":66.53,"y":5.33,"cmd":"L"},{"x":55.55,"y":7.43,"cmd":"L"},{"x":44.51,"y":10.26,"cmd":"L"},{"x":36.44,"y":13.03,"cmd":"L"},{"x":30.34,"y":15.77,"cmd":"L"},{"x":22.9,"y":22.06,"cmd":"L"},{"x":13.42,"y":34.61,"cmd":"L"},{"x":7.3,"y":43.53,"cmd":"L"},{"x":3.59,"y":54.17,"cmd":"L"},{"x":1.57,"y":60.16,"cmd":"L"},{"x":0,"y":72.03,"cmd":"L"},{"x":3.21,"y":96.03,"cmd":"L"},{"x":4.19,"y":103.03,"cmd":"L"},{"x":9.43,"y":115.24,"cmd":"L"},{"x":12.52,"y":123.2,"cmd":"L"},{"x":20.99,"y":136.47,"cmd":"L"},{"x":24.96,"y":142.49,"cmd":"L"},{"x":27.86,"y":146.56,"cmd":"L"},{"x":29.03,"y":148.45,"cmd":"L"},{"x":32.19,"y":154.36,"cmd":"L"},{"x":34.05,"y":157.43,"cmd":"L"},{"x":34.41,"y":158.25,"cmd":"L"},{"x":34.41,"y":158.25,"cmd":"L"},{"x":34.49,"y":156,"cmd":"L"},{"x":33.75,"y":141,"cmd":"L"},{"x":33.65,"y":133,"cmd":"L"},{"x":32.92,"y":125.98,"cmd":"L"},{"x":32.76,"y":123,"cmd":"L"},{"x":32.67,"y":119,"cmd":"L"},{"x":32.64,"y":116,"cmd":"L"},{"x":32.63,"y":115,"cmd":"L"},{"x":32.58,"y":114.84,"cmd":"L"},{"x":32.49,"y":115.13,"cmd":"L"},{"x":32.57,"y":121,"cmd":"L"},{"x":33.32,"y":129.01,"cmd":"L"},{"x":35.18,"y":142.03,"cmd":"L"},{"x":35.53,"y":155,"cmd":"L"},{"x":35.58,"y":160,"cmd":"L"},{"x":35.59,"y":163,"cmd":"L"},{"x":35.6,"y":165,"cmd":"L"},{"x":34.94,"y":166.31,"cmd":"L"},{"x":34.21,"y":167.47,"cmd":"L"},{"x":33.06,"y":168.28,"cmd":"L"},{"x":29.51,"y":169.23,"cmd":"L"},{"x":25.56,"y":168.52,"cmd":"L"},{"x":19.4,"y":166.1,"cmd":"L"},{"x":14.12,"y":162.64,"cmd":"L"},{"x":10.23,"y":160.46,"cmd":"L"},{"x":8.01,"y":158.8,"cmd":"L"},{"x":7.56,"y":158.28,"cmd":"L"},{"x":5.41,"y":155.4,"cmd":"L"},{"x":5.01,"y":154.65,"cmd":"L"},{"x":3.78,"y":151.76,"cmd":"L"}],"parentId":"Top","idx":3},{"type":"fancyText","content":"Before advice\nafter finally advice \nafter returning a value \nafter throwing advice\naround advice ","fitText":true,"fontFamily":"source-sans-pro","fontSize":34.875,"fontStyle":"normal","fontVariant":"normal","fontWeight":400,"letterSpacing":0,"lineHeight":1,"searchTerm":"","textAlign":"left","textDecoration":"none","textTransform":"none","whiteSpace":"pre-wrap","wordSpacing":0,"blend":"normal","exportable":true,"findable":true,"fill":{"method":"fill","blend":"normal","enabled":true,"opacity":1,"type":"color","color":"#000000"},"filter":{"enabled":true,"opened":true,"stack":[]},"stroke":{"method":"stroke","blend":"normal","enabled":false,"opacity":0,"type":"gradient","gradient":{"type":"linearGradient","noise":0,"spreadMethod":"pad","stops":[{"color":"#e43a15","offset":0},{"color":"#e65245","offset":1}],"x1":0.5,"y1":1,"x2":0.5,"y2":0},"alignment":0.5,"lineCap":"round","lineDash":"none","lineDashOffset":0,"lineJoin":"miter","lineWidth":1,"lineWidthVariance":0,"miterLimit":4,"color":"black"},"bbox":{"x":333.5983997269351,"y":355.7996175824028,"width":495.3333333333333,"height":181.24956096945536,"rotation":0,"scale":{"x":1,"y":1},"skew":{"x":0,"y":0},"anchor":{"x":0,"y":0}},"id":"89a87305-14b5-4919-80c9-1e671ab423e1","seed":333433154,"pointerId":"you_67165","parentId":"Top","idx":4},{"type":"calligraphy","iteration":3817,"pathSpacing":{"compatOverlapSegments":false,"enabled":true,"flatness":0.5,"type":0},"tipAngle":42,"blend":"normal","seed":255792240,"exportable":true,"findable":true,"fill":{"method":"fill","blend":"normal","enabled":true,"opacity":0,"type":"gradient","gradient":{"type":"radialGradient","noise":0,"spreadMethod":"pad","stops":[{"color":"#ffff00","offset":0},{"color":"#00ffff","offset":1}],"angle":0,"cx":0.5,"cy":0.5,"fr":0,"fx":0.5,"fy":0.5,"r":0.5,"sx":1,"sy":1},"color":"#000000","pattern":{"type":"pattern","reflect":"no-reflect","repeat":"repeat","smoothing":true,"src":"data:image/gif;base64,R0lGODlhDgAOAID/ANDu/FOdvCwAAAAADgAOAAACHYwDh5fazqKcj05rar5q+w961diVi9g9jaaGkFEAADs=","sx":1,"sy":1,"x0":0.5,"x1":1,"y0":0.5,"y1":1}},"filter":{"enabled":true,"opened":true,"stack":[]},"stroke":{"method":"stroke","blend":"normal","enabled":true,"opacity":1,"type":"color","color":"#000000","alignment":0.5,"lineCap":"round","lineDash":"none","lineDashOffset":0,"lineJoin":"miter","lineWidth":2.5,"lineWidthVariance":0,"miterLimit":4,"gradient":{"type":"linearGradient","noise":0,"spreadMethod":"pad","stops":[{"color":"#e43a15","offset":0},{"color":"#e65245","offset":1}],"x1":0,"y1":0.5,"x2":1,"y2":0.5}},"bbox":{"x":862.3480841,"y":323.0001879,"width":43.65,"height":72.13,"rotation":0,"scale":{"x":1,"y":1},"skew":{"x":0,"y":0},"anchor":{"x":0,"y":0}},"id":"c7d21515-fb70-48e2-b6a8-1dff8ee23f45","pointerId":"you_67202","pathSmoothing":{"enabled":true,"alpha":0.5,"tension":1,"type":0},"path":[{"x":39.65,"y":0,"cmd":"M"},{"x":39.65,"y":0,"cmd":"L"},{"x":32,"y":6.13,"cmd":"L"},{"x":20.89,"y":16.01,"cmd":"L"},{"x":18.21,"y":20.43,"cmd":"L"},{"x":15.93,"y":25.28,"cmd":"L"},{"x":15.44,"y":27.1,"cmd":"L"},{"x":15.25,"y":28.06,"cmd":"L"},{"x":16.53,"y":31.22,"cmd":"L"},{"x":17.41,"y":32.01,"cmd":"L"},{"x":20.27,"y":34.18,"cmd":"L"},{"x":21.35,"y":35.08,"cmd":"L"},{"x":22.98,"y":37.51,"cmd":"L"},{"x":23.44,"y":44.01,"cmd":"L"},{"x":22.4,"y":48.09,"cmd":"L"},{"x":15.53,"y":56.66,"cmd":"L"},{"x":9.85,"y":61.95,"cmd":"L"},{"x":4.07,"y":66.22,"cmd":"L"},{"x":0.41,"y":67.81,"cmd":"L"},{"x":0,"y":68.13,"cmd":"L"}],"parentId":"Top","idx":5},{"type":"calligraphy","iteration":3840,"pathSpacing":{"compatOverlapSegments":false,"enabled":true,"flatness":0.5,"type":0},"tipAngle":42,"blend":"normal","seed":1436663156,"exportable":true,"findable":true,"fill":{"method":"fill","blend":"normal","enabled":true,"opacity":0,"type":"gradient","gradient":{"type":"radialGradient","noise":0,"spreadMethod":"pad","stops":[{"color":"#ffff00","offset":0},{"color":"#00ffff","offset":1}],"angle":0,"cx":0.5,"cy":0.5,"fr":0,"fx":0.5,"fy":0.5,"r":0.5,"sx":1,"sy":1},"color":"#000000","pattern":{"type":"pattern","reflect":"no-reflect","repeat":"repeat","smoothing":true,"src":"data:image/gif;base64,R0lGODlhDgAOAID/ANDu/FOdvCwAAAAADgAOAAACHYwDh5fazqKcj05rar5q+w961diVi9g9jaaGkFEAADs=","sx":1,"sy":1,"x0":0.5,"x1":1,"y0":0.5,"y1":1}},"filter":{"enabled":true,"opened":true,"stack":[]},"stroke":{"method":"stroke","blend":"normal","enabled":true,"opacity":1,"type":"color","color":"#000000","alignment":0.5,"lineCap":"round","lineDash":"none","lineDashOffset":0,"lineJoin":"miter","lineWidth":2.5,"lineWidthVariance":0,"miterLimit":4,"gradient":{"type":"linearGradient","noise":0,"spreadMethod":"pad","stops":[{"color":"#e43a15","offset":0},{"color":"#e65245","offset":1}],"x1":0,"y1":0.5,"x2":1,"y2":0.5}},"bbox":{"x":910.9990271,"y":316.0318374,"width":25.97,"height":79.97,"rotation":0,"scale":{"x":1,"y":1},"skew":{"x":0,"y":0},"anchor":{"x":0,"y":0}},"id":"145bab39-de74-4f0b-8edd-0eab30f608c4","pointerId":"you_67203","pathSmoothing":{"enabled":true,"alpha":0.5,"tension":1,"type":0},"path":[{"x":0,"y":42.97,"cmd":"M"},{"x":0,"y":42.97,"cmd":"L"},{"x":0,"y":49.97,"cmd":"L"},{"x":0,"y":57.97,"cmd":"L"},{"x":0,"y":66.97,"cmd":"L"},{"x":0,"y":73.97,"cmd":"L"},{"x":0,"y":75.97,"cmd":"L"},{"x":0,"y":71.97,"cmd":"L"},{"x":0,"y":57.97,"cmd":"L"},{"x":1.74,"y":37.96,"cmd":"L"},{"x":4.49,"y":21.92,"cmd":"L"},{"x":9.07,"y":7.82,"cmd":"L"},{"x":11.66,"y":2.65,"cmd":"L"},{"x":13.71,"y":0.91,"cmd":"L"},{"x":16.18,"y":0,"cmd":"L"},{"x":19.52,"y":2.28,"cmd":"L"},{"x":21.89,"y":8.18,"cmd":"L"},{"x":21.97,"y":15.97,"cmd":"L"},{"x":21.48,"y":19,"cmd":"L"},{"x":15.92,"y":25.66,"cmd":"L"},{"x":8.08,"y":33.81,"cmd":"L"},{"x":4.29,"y":37.03,"cmd":"L"},{"x":3.58,"y":37.44,"cmd":"L"}],"parentId":"Top","idx":6},{"type":"calligraphy","iteration":3866,"pathSpacing":{"compatOverlapSegments":false,"enabled":true,"flatness":0.5,"type":0},"tipAngle":42,"blend":"normal","seed":1693403773,"exportable":true,"findable":true,"fill":{"method":"fill","blend":"normal","enabled":true,"opacity":0,"type":"gradient","gradient":{"type":"radialGradient","noise":0,"spreadMethod":"pad","stops":[{"color":"#ffff00","offset":0},{"color":"#00ffff","offset":1}],"angle":0,"cx":0.5,"cy":0.5,"fr":0,"fx":0.5,"fy":0.5,"r":0.5,"sx":1,"sy":1},"color":"#000000","pattern":{"type":"pattern","reflect":"no-reflect","repeat":"repeat","smoothing":true,"src":"data:image/gif;base64,R0lGODlhDgAOAID/ANDu/FOdvCwAAAAADgAOAAACHYwDh5fazqKcj05rar5q+w961diVi9g9jaaGkFEAADs=","sx":1,"sy":1,"x0":0.5,"x1":1,"y0":0.5,"y1":1}},"filter":{"enabled":true,"opened":true,"stack":[]},"stroke":{"method":"stroke","blend":"normal","enabled":true,"opacity":1,"type":"color","color":"#000000","alignment":0.5,"lineCap":"round","lineDash":"none","lineDashOffset":0,"lineJoin":"miter","lineWidth":2.5,"lineWidthVariance":0,"miterLimit":4,"gradient":{"type":"linearGradient","noise":0,"spreadMethod":"pad","stops":[{"color":"#e43a15","offset":0},{"color":"#e65245","offset":1}],"x1":0,"y1":0.5,"x2":1,"y2":0.5}},"bbox":{"x":930.0004982,"y":318.9258135,"width":10.34,"height":39.25,"rotation":0,"scale":{"x":1,"y":1},"skew":{"x":0,"y":0},"anchor":{"x":0,"y":0}},"id":"9e3ccbf8-0f23-40eb-b9e6-60774c9b3031","pointerId":"you_67204","pathSmoothing":{"enabled":true,"alpha":0.5,"tension":1,"type":0},"path":[{"x":0,"y":20.07,"cmd":"M"},{"x":0,"y":20.07,"cmd":"L"},{"x":0.66,"y":21.39,"cmd":"L"},{"x":1.41,"y":25.13,"cmd":"L"},{"x":1.78,"y":30.08,"cmd":"L"},{"x":1.9,"y":34.07,"cmd":"L"},{"x":1.93,"y":35.07,"cmd":"L"},{"x":1.99,"y":35.25,"cmd":"L"},{"x":1.99,"y":35.25,"cmd":"L"},{"x":2.77,"y":25.06,"cmd":"L"},{"x":2.95,"y":15.07,"cmd":"L"},{"x":6.34,"y":0,"cmd":"L"}],"parentId":"Top","idx":7},{"type":"calligraphy","iteration":3879,"pathSpacing":{"compatOverlapSegments":false,"enabled":true,"flatness":0.5,"type":0},"tipAngle":42,"blend":"normal","seed":204285923,"exportable":true,"findable":true,"fill":{"method":"fill","blend":"normal","enabled":true,"opacity":0,"type":"gradient","gradient":{"type":"radialGradient","noise":0,"spreadMethod":"pad","stops":[{"color":"#ffff00","offset":0},{"color":"#00ffff","offset":1}],"angle":0,"cx":0.5,"cy":0.5,"fr":0,"fx":0.5,"fy":0.5,"r":0.5,"sx":1,"sy":1},"color":"#000000","pattern":{"type":"pattern","reflect":"no-reflect","repeat":"repeat","smoothing":true,"src":"data:image/gif;base64,R0lGODlhDgAOAID/ANDu/FOdvCwAAAAADgAOAAACHYwDh5fazqKcj05rar5q+w961diVi9g9jaaGkFEAADs=","sx":1,"sy":1,"x0":0.5,"x1":1,"y0":0.5,"y1":1}},"filter":{"enabled":true,"opened":true,"stack":[]},"stroke":{"method":"stroke","blend":"normal","enabled":true,"opacity":1,"type":"color","color":"#000000","alignment":0.5,"lineCap":"round","lineDash":"none","lineDashOffset":0,"lineJoin":"miter","lineWidth":2.5,"lineWidthVariance":0,"miterLimit":4,"gradient":{"type":"linearGradient","noise":0,"spreadMethod":"pad","stops":[{"color":"#e43a15","offset":0},{"color":"#e65245","offset":1}],"x1":0,"y1":0.5,"x2":1,"y2":0.5}},"bbox":{"x":950.997974,"y":337.0009633,"width":7.27,"height":7.55,"rotation":0,"scale":{"x":1,"y":1},"skew":{"x":0,"y":0},"anchor":{"x":0,"y":0}},"id":"a066e711-81c8-4752-b1d8-7738438006ac","pointerId":"you_67205","pathSmoothing":{"enabled":true,"alpha":0.5,"tension":1,"type":0},"path":[{"x":0,"y":0,"cmd":"M"},{"x":0,"y":0,"cmd":"L"},{"x":0,"y":0,"cmd":"L"},{"x":0,"y":0,"cmd":"L"},{"x":1.6,"y":1.2,"cmd":"L"},{"x":3.27,"y":3.55,"cmd":"L"}],"parentId":"Top","idx":8},{"type":"calligraphy","iteration":3886,"pathSpacing":{"compatOverlapSegments":false,"enabled":true,"flatness":0.5,"type":0},"tipAngle":42,"blend":"normal","seed":1293350296,"exportable":true,"findable":true,"fill":{"method":"fill","blend":"normal","enabled":true,"opacity":0,"type":"gradient","gradient":{"type":"radialGradient","noise":0,"spreadMethod":"pad","stops":[{"color":"#ffff00","offset":0},{"color":"#00ffff","offset":1}],"angle":0,"cx":0.5,"cy":0.5,"fr":0,"fx":0.5,"fy":0.5,"r":0.5,"sx":1,"sy":1},"color":"#000000","pattern":{"type":"pattern","reflect":"no-reflect","repeat":"repeat","smoothing":true,"src":"data:image/gif;base64,R0lGODlhDgAOAID/ANDu/FOdvCwAAAAADgAOAAACHYwDh5fazqKcj05rar5q+w961diVi9g9jaaGkFEAADs=","sx":1,"sy":1,"x0":0.5,"x1":1,"y0":0.5,"y1":1}},"filter":{"enabled":true,"opened":true,"stack":[]},"stroke":{"method":"stroke","blend":"normal","enabled":true,"opacity":1,"type":"color","color":"#000000","alignment":0.5,"lineCap":"round","lineDash":"none","lineDashOffset":0,"lineJoin":"miter","lineWidth":2.5,"lineWidthVariance":0,"miterLimit":4,"gradient":{"type":"linearGradient","noise":0,"spreadMethod":"pad","stops":[{"color":"#e43a15","offset":0},{"color":"#e65245","offset":1}],"x1":0,"y1":0.5,"x2":1,"y2":0.5}},"bbox":{"x":955,"y":304,"width":4,"height":4,"rotation":0,"scale":{"x":1,"y":1},"skew":{"x":0,"y":0},"anchor":{"x":0,"y":0}},"id":"31254ccd-dbda-413d-8b6a-659682b634a2","pointerId":"you_67206","pathSmoothing":{"enabled":true,"alpha":0.5,"tension":1,"type":0},"path":[{"x":0,"y":0,"cmd":"M"}],"parentId":"Top","idx":9},{"type":"calligraphy","iteration":3886,"pathSpacing":{"compatOverlapSegments":false,"enabled":true,"flatness":0.5,"type":0},"tipAngle":42,"blend":"normal","seed":1061420621,"exportable":true,"findable":true,"fill":{"method":"fill","blend":"normal","enabled":true,"opacity":0,"type":"gradient","gradient":{"type":"radialGradient","noise":0,"spreadMethod":"pad","stops":[{"color":"#ffff00","offset":0},{"color":"#00ffff","offset":1}],"angle":0,"cx":0.5,"cy":0.5,"fr":0,"fx":0.5,"fy":0.5,"r":0.5,"sx":1,"sy":1},"color":"#000000","pattern":{"type":"pattern","reflect":"no-reflect","repeat":"repeat","smoothing":true,"src":"data:image/gif;base64,R0lGODlhDgAOAID/ANDu/FOdvCwAAAAADgAOAAACHYwDh5fazqKcj05rar5q+w961diVi9g9jaaGkFEAADs=","sx":1,"sy":1,"x0":0.5,"x1":1,"y0":0.5,"y1":1}},"filter":{"enabled":true,"opened":true,"stack":[]},"stroke":{"method":"stroke","blend":"normal","enabled":true,"opacity":1,"type":"color","color":"#000000","alignment":0.5,"lineCap":"round","lineDash":"none","lineDashOffset":0,"lineJoin":"miter","lineWidth":2.5,"lineWidthVariance":0,"miterLimit":4,"gradient":{"type":"linearGradient","noise":0,"spreadMethod":"pad","stops":[{"color":"#e43a15","offset":0},{"color":"#e65245","offset":1}],"x1":0,"y1":0.5,"x2":1,"y2":0.5}},"bbox":{"x":952.93079,"y":333.999153,"width":7.07,"height":27.15,"rotation":0,"scale":{"x":1,"y":1},"skew":{"x":0,"y":0},"anchor":{"x":0,"y":0}},"id":"7197e98d-1ce7-4b87-985d-71ca98ec3f99","pointerId":"you_67207","pathSmoothing":{"enabled":true,"alpha":0.5,"tension":1,"type":0},"path":[{"x":3.07,"y":0,"cmd":"M"},{"x":3.07,"y":0,"cmd":"L"},{"x":3.07,"y":4,"cmd":"L"},{"x":3.07,"y":6,"cmd":"L"},{"x":2.44,"y":11.02,"cmd":"L"},{"x":1.52,"y":17.03,"cmd":"L"},{"x":0.68,"y":21.06,"cmd":"L"},{"x":0,"y":23.15,"cmd":"L"}],"parentId":"Top","idx":10},{"type":"calligraphy","iteration":3895,"pathSpacing":{"compatOverlapSegments":false,"enabled":true,"flatness":0.5,"type":0},"tipAngle":42,"blend":"normal","seed":538736431,"exportable":true,"findable":true,"fill":{"method":"fill","blend":"normal","enabled":true,"opacity":0,"type":"gradient","gradient":{"type":"radialGradient","noise":0,"spreadMethod":"pad","stops":[{"color":"#ffff00","offset":0},{"color":"#00ffff","offset":1}],"angle":0,"cx":0.5,"cy":0.5,"fr":0,"fx":0.5,"fy":0.5,"r":0.5,"sx":1,"sy":1},"color":"#000000","pattern":{"type":"pattern","reflect":"no-reflect","repeat":"repeat","smoothing":true,"src":"data:image/gif;base64,R0lGODlhDgAOAID/ANDu/FOdvCwAAAAADgAOAAACHYwDh5fazqKcj05rar5q+w961diVi9g9jaaGkFEAADs=","sx":1,"sy":1,"x0":0.5,"x1":1,"y0":0.5,"y1":1}},"filter":{"enabled":true,"opened":true,"stack":[]},"stroke":{"method":"stroke","blend":"normal","enabled":true,"opacity":1,"type":"color","color":"#000000","alignment":0.5,"lineCap":"round","lineDash":"none","lineDashOffset":0,"lineJoin":"miter","lineWidth":2.5,"lineWidthVariance":0,"miterLimit":4,"gradient":{"type":"linearGradient","noise":0,"spreadMethod":"pad","stops":[{"color":"#e43a15","offset":0},{"color":"#e65245","offset":1}],"x1":0,"y1":0.5,"x2":1,"y2":0.5}},"bbox":{"x":969.9992215,"y":324.2288674,"width":13.87,"height":27.91,"rotation":0,"scale":{"x":1,"y":1},"skew":{"x":0,"y":0},"anchor":{"x":0,"y":0}},"id":"1b938d52-48d5-44d4-b70b-abe27fd61b86","pointerId":"you_67208","pathSmoothing":{"enabled":true,"alpha":0.5,"tension":1,"type":0},"path":[{"x":0,"y":1.77,"cmd":"M"},{"x":0.34,"y":2.27,"cmd":"L"},{"x":1.42,"y":7.82,"cmd":"L"},{"x":1.75,"y":11.78,"cmd":"L"},{"x":1.92,"y":17.77,"cmd":"L"},{"x":1.54,"y":19.82,"cmd":"L"},{"x":1.27,"y":22.78,"cmd":"L"},{"x":1.18,"y":23.01,"cmd":"L"},{"x":0.89,"y":23.91,"cmd":"L"},{"x":0.89,"y":23.91,"cmd":"L"},{"x":0.51,"y":21.72,"cmd":"L"},{"x":0.9,"y":9.77,"cmd":"L"},{"x":1.54,"y":5.73,"cmd":"L"},{"x":3,"y":1.6,"cmd":"L"},{"x":3.61,"y":0.43,"cmd":"L"},{"x":3.99,"y":0,"cmd":"L"},{"x":4.41,"y":0.25,"cmd":"L"},{"x":7.58,"y":6.13,"cmd":"L"},{"x":9.19,"y":11.88,"cmd":"L"},{"x":9.65,"y":15.79,"cmd":"L"},{"x":9.82,"y":18.77,"cmd":"L"},{"x":9.87,"y":19.77,"cmd":"L"},{"x":9.87,"y":19.77,"cmd":"L"}],"parentId":"Top","idx":11},{"type":"calligraphy","iteration":3918,"pathSpacing":{"compatOverlapSegments":false,"enabled":true,"flatness":0.5,"type":0},"tipAngle":42,"blend":"normal","seed":413253585,"exportable":true,"findable":true,"fill":{"method":"fill","blend":"normal","enabled":true,"opacity":0,"type":"gradient","gradient":{"type":"radialGradient","noise":0,"spreadMethod":"pad","stops":[{"color":"#ffff00","offset":0},{"color":"#00ffff","offset":1}],"angle":0,"cx":0.5,"cy":0.5,"fr":0,"fx":0.5,"fy":0.5,"r":0.5,"sx":1,"sy":1},"color":"#000000","pattern":{"type":"pattern","reflect":"no-reflect","repeat":"repeat","smoothing":true,"src":"data:image/gif;base64,R0lGODlhDgAOAID/ANDu/FOdvCwAAAAADgAOAAACHYwDh5fazqKcj05rar5q+w961diVi9g9jaaGkFEAADs=","sx":1,"sy":1,"x0":0.5,"x1":1,"y0":0.5,"y1":1}},"filter":{"enabled":true,"opened":true,"stack":[]},"stroke":{"method":"stroke","blend":"normal","enabled":true,"opacity":1,"type":"color","color":"#000000","alignment":0.5,"lineCap":"round","lineDash":"none","lineDashOffset":0,"lineJoin":"miter","lineWidth":2.5,"lineWidthVariance":0,"miterLimit":4,"gradient":{"type":"linearGradient","noise":0,"spreadMethod":"pad","stops":[{"color":"#e43a15","offset":0},{"color":"#e65245","offset":1}],"x1":0,"y1":0.5,"x2":1,"y2":0.5}},"bbox":{"x":987.0652833,"y":311.9470578,"width":46.55648446001978,"height":107.8,"rotation":0,"scale":{"x":1,"y":1},"skew":{"x":0,"y":0},"anchor":{"x":0,"y":0}},"id":"53dc9bfb-b900-4b0b-b7b6-7a6909e41167","pointerId":"you_67209","pathSmoothing":{"enabled":true,"alpha":0.5,"tension":1,"type":0},"path":[{"x":8.93,"y":0.05,"cmd":"M"},{"x":8.93,"y":0.05,"cmd":"L"},{"x":8.78,"y":0,"cmd":"L"},{"x":7.58,"y":0.64,"cmd":"L"},{"x":4.3,"y":3.2,"cmd":"L"},{"x":1.26,"y":9.36,"cmd":"L"},{"x":0.34,"y":16.08,"cmd":"L"},{"x":0.11,"y":20.06,"cmd":"L"},{"x":0.02,"y":23.05,"cmd":"L"},{"x":0,"y":24.05,"cmd":"L"},{"x":0.04,"y":24.19,"cmd":"L"},{"x":1.52,"y":25.27,"cmd":"L"},{"x":1.94,"y":25.25,"cmd":"L"},{"x":4.64,"y":22.98,"cmd":"L"},{"x":7.51,"y":17.69,"cmd":"L"},{"x":8.9,"y":13.87,"cmd":"L"},{"x":9.41,"y":11.01,"cmd":"L"},{"x":9.41,"y":11.01,"cmd":"L"},{"x":11.73,"y":16.3,"cmd":"L"},{"x":13.49,"y":28.08,"cmd":"L"},{"x":14.4,"y":33.1,"cmd":"L"},{"x":33.51,"y":68.41,"cmd":"L"},{"x":40.7,"y":84.32,"cmd":"L"},{"x":42.45,"y":95.09,"cmd":"L"},{"x":42.16,"y":99.06,"cmd":"L"},{"x":38.27,"y":102.17,"cmd":"L"},{"x":31.88,"y":103.46,"cmd":"L"},{"x":27.92,"y":103.8,"cmd":"L"},{"x":24.91,"y":103.42,"cmd":"L"},{"x":22.19,"y":101.03,"cmd":"L"},{"x":14.31,"y":85.72,"cmd":"L"},{"x":10.74,"y":72.94,"cmd":"L"},{"x":9.25,"y":59.03,"cmd":"L"},{"x":9.01,"y":50.05,"cmd":"L"},{"x":10.02,"y":46.91,"cmd":"L"}],"parentId":"Top","idx":12},{"type":"calligraphy","iteration":3959,"pathSpacing":{"compatOverlapSegments":false,"enabled":true,"flatness":0.5,"type":0},"tipAngle":42,"blend":"normal","seed":886118432,"exportable":true,"findable":true,"fill":{"method":"fill","blend":"normal","enabled":true,"opacity":0,"type":"gradient","gradient":{"type":"radialGradient","noise":0,"spreadMethod":"pad","stops":[{"color":"#ffff00","offset":0},{"color":"#00ffff","offset":1}],"angle":0,"cx":0.5,"cy":0.5,"fr":0,"fx":0.5,"fy":0.5,"r":0.5,"sx":1,"sy":1},"color":"#000000","pattern":{"type":"pattern","reflect":"no-reflect","repeat":"repeat","smoothing":true,"src":"data:image/gif;base64,R0lGODlhDgAOAID/ANDu/FOdvCwAAAAADgAOAAACHYwDh5fazqKcj05rar5q+w961diVi9g9jaaGkFEAADs=","sx":1,"sy":1,"x0":0.5,"x1":1,"y0":0.5,"y1":1}},"filter":{"enabled":true,"opened":true,"stack":[]},"stroke":{"method":"stroke","blend":"normal","enabled":true,"opacity":1,"type":"color","color":"#000000","alignment":0.5,"lineCap":"round","lineDash":"none","lineDashOffset":0,"lineJoin":"miter","lineWidth":2.5,"lineWidthVariance":0,"miterLimit":4,"gradient":{"type":"linearGradient","noise":0,"spreadMethod":"pad","stops":[{"color":"#e43a15","offset":0},{"color":"#e65245","offset":1}],"x1":0,"y1":0.5,"x2":1,"y2":0.5}},"bbox":{"x":1041.9988161,"y":291.3413234,"width":27,"height":68.66,"rotation":0,"scale":{"x":1,"y":1},"skew":{"x":0,"y":0},"anchor":{"x":0,"y":0}},"id":"3f80883b-30b6-48fe-adc9-db66e879f995","pointerId":"you_67210","pathSmoothing":{"enabled":true,"alpha":0.5,"tension":1,"type":0},"path":[{"x":0,"y":47.66,"cmd":"M"},{"x":0,"y":47.66,"cmd":"L"},{"x":0.66,"y":46.34,"cmd":"L"},{"x":1.54,"y":40.62,"cmd":"L"},{"x":1.9,"y":29.66,"cmd":"L"},{"x":2.78,"y":17.65,"cmd":"L"},{"x":6.95,"y":6.47,"cmd":"L"},{"x":12.13,"y":0,"cmd":"L"},{"x":12.13,"y":0,"cmd":"L"},{"x":21.05,"y":26.81,"cmd":"L"},{"x":22.72,"y":44.67,"cmd":"L"},{"x":22.94,"y":54.66,"cmd":"L"},{"x":22.97,"y":58.66,"cmd":"L"},{"x":22.99,"y":64.66,"cmd":"L"},{"x":22.99,"y":64.66,"cmd":"L"},{"x":22.99,"y":62.66,"cmd":"L"},{"x":23,"y":58.66,"cmd":"L"}],"parentId":"Top","idx":13},{"type":"calligraphy","iteration":3980,"pathSpacing":{"compatOverlapSegments":false,"enabled":true,"flatness":0.5,"type":0},"tipAngle":42,"blend":"normal","seed":1088019417,"exportable":true,"findable":true,"fill":{"method":"fill","blend":"normal","enabled":true,"opacity":0,"type":"gradient","gradient":{"type":"radialGradient","noise":0,"spreadMethod":"pad","stops":[{"color":"#ffff00","offset":0},{"color":"#00ffff","offset":1}],"angle":0,"cx":0.5,"cy":0.5,"fr":0,"fx":0.5,"fy":0.5,"r":0.5,"sx":1,"sy":1},"color":"#000000","pattern":{"type":"pattern","reflect":"no-reflect","repeat":"repeat","smoothing":true,"src":"data:image/gif;base64,R0lGODlhDgAOAID/ANDu/FOdvCwAAAAADgAOAAACHYwDh5fazqKcj05rar5q+w961diVi9g9jaaGkFEAADs=","sx":1,"sy":1,"x0":0.5,"x1":1,"y0":0.5,"y1":1}},"filter":{"enabled":true,"opened":true,"stack":[]},"stroke":{"method":"stroke","blend":"normal","enabled":true,"opacity":1,"type":"color","color":"#000000","alignment":0.5,"lineCap":"round","lineDash":"none","lineDashOffset":0,"lineJoin":"miter","lineWidth":2.5,"lineWidthVariance":0,"miterLimit":4,"gradient":{"type":"linearGradient","noise":0,"spreadMethod":"pad","stops":[{"color":"#e43a15","offset":0},{"color":"#e65245","offset":1}],"x1":0,"y1":0.5,"x2":1,"y2":0.5}},"bbox":{"x":1050.9884228,"y":329.2803153,"width":16.009999999999998,"height":6.720000000000001,"rotation":0,"scale":{"x":1,"y":1},"skew":{"x":0,"y":0},"anchor":{"x":0,"y":0}},"id":"3915a78f-953d-498d-89ea-a6334e2fda3e","pointerId":"you_67211","pathSmoothing":{"enabled":true,"alpha":0.5,"tension":1,"type":0},"path":[{"x":12.01,"y":2.72,"cmd":"M"},{"x":11.86,"y":2.67,"cmd":"L"},{"x":7.9,"y":1.54,"cmd":"L"},{"x":6.73,"y":0.99,"cmd":"L"},{"x":2.96,"y":0.28,"cmd":"L"},{"x":0,"y":0,"cmd":"L"}],"parentId":"Top","idx":14},{"type":"calligraphy","iteration":3987,"pathSpacing":{"compatOverlapSegments":false,"enabled":true,"flatness":0.5,"type":0},"tipAngle":42,"blend":"normal","seed":539713786,"exportable":true,"findable":true,"fill":{"method":"fill","blend":"normal","enabled":true,"opacity":0,"type":"gradient","gradient":{"type":"radialGradient","noise":0,"spreadMethod":"pad","stops":[{"color":"#ffff00","offset":0},{"color":"#00ffff","offset":1}],"angle":0,"cx":0.5,"cy":0.5,"fr":0,"fx":0.5,"fy":0.5,"r":0.5,"sx":1,"sy":1},"color":"#000000","pattern":{"type":"pattern","reflect":"no-reflect","repeat":"repeat","smoothing":true,"src":"data:image/gif;base64,R0lGODlhDgAOAID/ANDu/FOdvCwAAAAADgAOAAACHYwDh5fazqKcj05rar5q+w961diVi9g9jaaGkFEAADs=","sx":1,"sy":1,"x0":0.5,"x1":1,"y0":0.5,"y1":1}},"filter":{"enabled":true,"opened":true,"stack":[]},"stroke":{"method":"stroke","blend":"normal","enabled":true,"opacity":1,"type":"color","color":"#000000","alignment":0.5,"lineCap":"round","lineDash":"none","lineDashOffset":0,"lineJoin":"miter","lineWidth":2.5,"lineWidthVariance":0,"miterLimit":4,"gradient":{"type":"linearGradient","noise":0,"spreadMethod":"pad","stops":[{"color":"#e43a15","offset":0},{"color":"#e65245","offset":1}],"x1":0,"y1":0.5,"x2":1,"y2":0.5}},"bbox":{"x":1076.201467,"y":300.7131159,"width":15.737722362199555,"height":40.22,"rotation":0,"scale":{"x":1,"y":1},"skew":{"x":0,"y":0},"anchor":{"x":0,"y":0}},"id":"bd6b0923-ec2d-4c9b-883c-8cc649bb927e","pointerId":"you_67212","pathSmoothing":{"enabled":true,"alpha":0.5,"tension":1,"type":0},"path":[{"x":0.8,"y":10.29,"cmd":"M"},{"x":0.53,"y":11.38,"cmd":"L"},{"x":0,"y":19.29,"cmd":"L"},{"x":0.56,"y":26.3,"cmd":"L"},{"x":2.78,"y":32.46,"cmd":"L"},{"x":3.82,"y":35.45,"cmd":"L"},{"x":4.63,"y":36.22,"cmd":"L"},{"x":8.64,"y":32.37,"cmd":"L"},{"x":9.79,"y":29.11,"cmd":"L"},{"x":11.25,"y":21.24,"cmd":"L"},{"x":11.67,"y":11.28,"cmd":"L"},{"x":9.71,"y":5.14,"cmd":"L"},{"x":5.76,"y":0.56,"cmd":"L"},{"x":5.18,"y":0.11,"cmd":"L"},{"x":4.71,"y":0,"cmd":"L"},{"x":2.39,"y":3.74,"cmd":"L"},{"x":2.02,"y":4.55,"cmd":"L"}],"parentId":"Top","idx":15},{"type":"calligraphy","iteration":4006,"pathSpacing":{"compatOverlapSegments":false,"enabled":true,"flatness":0.5,"type":0},"tipAngle":42,"blend":"normal","seed":380104898,"exportable":true,"findable":true,"fill":{"method":"fill","blend":"normal","enabled":true,"opacity":0,"type":"gradient","gradient":{"type":"radialGradient","noise":0,"spreadMethod":"pad","stops":[{"color":"#ffff00","offset":0},{"color":"#00ffff","offset":1}],"angle":0,"cx":0.5,"cy":0.5,"fr":0,"fx":0.5,"fy":0.5,"r":0.5,"sx":1,"sy":1},"color":"#000000","pattern":{"type":"pattern","reflect":"no-reflect","repeat":"repeat","smoothing":true,"src":"data:image/gif;base64,R0lGODlhDgAOAID/ANDu/FOdvCwAAAAADgAOAAACHYwDh5fazqKcj05rar5q+w961diVi9g9jaaGkFEAADs=","sx":1,"sy":1,"x0":0.5,"x1":1,"y0":0.5,"y1":1}},"filter":{"enabled":true,"opened":true,"stack":[]},"stroke":{"method":"stroke","blend":"normal","enabled":true,"opacity":1,"type":"color","color":"#000000","alignment":0.5,"lineCap":"round","lineDash":"none","lineDashOffset":0,"lineJoin":"miter","lineWidth":2.5,"lineWidthVariance":0,"miterLimit":4,"gradient":{"type":"linearGradient","noise":0,"spreadMethod":"pad","stops":[{"color":"#e43a15","offset":0},{"color":"#e65245","offset":1}],"x1":0,"y1":0.5,"x2":1,"y2":0.5}},"bbox":{"x":1095.052971,"y":280.8476716,"width":24.88,"height":71.34,"rotation":0,"scale":{"x":1,"y":1},"skew":{"x":0,"y":0},"anchor":{"x":0,"y":0}},"id":"5bcfa6dd-80df-4179-9e45-79f85ce90677","pointerId":"you_67213","pathSmoothing":{"enabled":true,"alpha":0.5,"tension":1,"type":0},"path":[{"x":0.95,"y":26.15,"cmd":"M"},{"x":0.95,"y":27.15,"cmd":"L"},{"x":2.6,"y":41.17,"cmd":"L"},{"x":4.41,"y":51.2,"cmd":"L"},{"x":5.62,"y":62.17,"cmd":"L"},{"x":5.8,"y":66.15,"cmd":"L"},{"x":5.84,"y":67.15,"cmd":"L"},{"x":5.91,"y":67.34,"cmd":"L"},{"x":5.91,"y":67.34,"cmd":"L"},{"x":5.81,"y":67.02,"cmd":"L"},{"x":1.78,"y":53.03,"cmd":"L"},{"x":0.19,"y":33.14,"cmd":"L"},{"x":3.39,"y":16.1,"cmd":"L"},{"x":7.9,"y":3.96,"cmd":"L"},{"x":9.55,"y":0.81,"cmd":"L"},{"x":10.58,"y":0,"cmd":"L"},{"x":13.99,"y":0.62,"cmd":"L"},{"x":19.18,"y":7.73,"cmd":"L"},{"x":20.6,"y":20.17,"cmd":"L"},{"x":20.88,"y":32.15,"cmd":"L"},{"x":18.61,"y":42.22,"cmd":"L"},{"x":17.02,"y":46.35,"cmd":"L"},{"x":14.13,"y":49.09,"cmd":"L"},{"x":11.73,"y":50.04,"cmd":"L"},{"x":5.93,"y":49.45,"cmd":"L"},{"x":0.44,"y":45.81,"cmd":"L"},{"x":0,"y":45.34,"cmd":"L"}],"parentId":"Top","idx":16},{"type":"calligraphy","iteration":4038,"pathSpacing":{"compatOverlapSegments":false,"enabled":true,"flatness":0.5,"type":0},"tipAngle":42,"blend":"normal","seed":2142049870,"exportable":true,"findable":true,"fill":{"method":"fill","blend":"normal","enabled":true,"opacity":0,"type":"gradient","gradient":{"type":"radialGradient","noise":0,"spreadMethod":"pad","stops":[{"color":"#ffff00","offset":0},{"color":"#00ffff","offset":1}],"angle":0,"cx":0.5,"cy":0.5,"fr":0,"fx":0.5,"fy":0.5,"r":0.5,"sx":1,"sy":1},"color":"#000000","pattern":{"type":"pattern","reflect":"no-reflect","repeat":"repeat","smoothing":true,"src":"data:image/gif;base64,R0lGODlhDgAOAID/ANDu/FOdvCwAAAAADgAOAAACHYwDh5fazqKcj05rar5q+w961diVi9g9jaaGkFEAADs=","sx":1,"sy":1,"x0":0.5,"x1":1,"y0":0.5,"y1":1}},"filter":{"enabled":true,"opened":true,"stack":[]},"stroke":{"method":"stroke","blend":"normal","enabled":true,"opacity":1,"type":"color","color":"#000000","alignment":0.5,"lineCap":"round","lineDash":"none","lineDashOffset":0,"lineJoin":"miter","lineWidth":2.5,"lineWidthVariance":0,"miterLimit":4,"gradient":{"type":"linearGradient","noise":0,"spreadMethod":"pad","stops":[{"color":"#e43a15","offset":0},{"color":"#e65245","offset":1}],"x1":0,"y1":0.5,"x2":1,"y2":0.5}},"bbox":{"x":809.0016961,"y":355.1413113,"width":392,"height":55.86,"rotation":0,"scale":{"x":1,"y":1},"skew":{"x":0,"y":0},"anchor":{"x":0,"y":0}},"id":"d6a612da-f10b-4911-8fb6-81892cc5d9ca","pointerId":"you_67214","pathSmoothing":{"enabled":true,"alpha":0.5,"tension":1,"type":0},"path":[{"x":0,"y":51.86,"cmd":"M"},{"x":1.32,"y":51.2,"cmd":"L"},{"x":5.32,"y":49.2,"cmd":"L"},{"x":25.15,"y":42.78,"cmd":"L"},{"x":78.06,"y":32.43,"cmd":"L"},{"x":118.02,"y":28.18,"cmd":"L"},{"x":196.02,"y":19.2,"cmd":"L"},{"x":264.03,"y":10.25,"cmd":"L"},{"x":314,"y":7.99,"cmd":"L"},{"x":384.02,"y":0.19,"cmd":"L"},{"x":388,"y":0,"cmd":"L"}],"parentId":"Top","idx":17},{"type":"calligraphy","iteration":4056,"pathSpacing":{"compatOverlapSegments":false,"enabled":true,"flatness":0.5,"type":0},"tipAngle":42,"blend":"normal","seed":394507758,"exportable":true,"findable":true,"fill":{"method":"fill","blend":"normal","enabled":true,"opacity":0,"type":"gradient","gradient":{"type":"radialGradient","noise":0,"spreadMethod":"pad","stops":[{"color":"#ffff00","offset":0},{"color":"#00ffff","offset":1}],"angle":0,"cx":0.5,"cy":0.5,"fr":0,"fx":0.5,"fy":0.5,"r":0.5,"sx":1,"sy":1},"color":"#000000","pattern":{"type":"pattern","reflect":"no-reflect","repeat":"repeat","smoothing":true,"src":"data:image/gif;base64,R0lGODlhDgAOAID/ANDu/FOdvCwAAAAADgAOAAACHYwDh5fazqKcj05rar5q+w961diVi9g9jaaGkFEAADs=","sx":1,"sy":1,"x0":0.5,"x1":1,"y0":0.5,"y1":1}},"filter":{"enabled":true,"opened":true,"stack":[]},"stroke":{"method":"stroke","blend":"normal","enabled":true,"opacity":1,"type":"color","color":"#000000","alignment":0.5,"lineCap":"round","lineDash":"none","lineDashOffset":0,"lineJoin":"miter","lineWidth":2.5,"lineWidthVariance":0,"miterLimit":4,"gradient":{"type":"linearGradient","noise":0,"spreadMethod":"pad","stops":[{"color":"#e43a15","offset":0},{"color":"#e65245","offset":1}],"x1":0,"y1":0.5,"x2":1,"y2":0.5}},"bbox":{"x":345.7000594,"y":301.001419,"width":9.3,"height":26.08,"rotation":0,"scale":{"x":1,"y":1},"skew":{"x":0,"y":0},"anchor":{"x":0,"y":0}},"id":"138bda61-949a-4277-a0f8-ce3f9c13e8e2","pointerId":"you_67215","pathSmoothing":{"enabled":true,"alpha":0.5,"tension":1,"type":0},"path":[{"x":5.3,"y":0,"cmd":"M"},{"x":0,"y":22.08,"cmd":"L"}],"parentId":"Top","idx":18},{"type":"calligraphy","iteration":4059,"pathSpacing":{"compatOverlapSegments":false,"enabled":true,"flatness":0.5,"type":0},"tipAngle":42,"blend":"normal","seed":2099724730,"exportable":true,"findable":true,"fill":{"method":"fill","blend":"normal","enabled":true,"opacity":0,"type":"gradient","gradient":{"type":"radialGradient","noise":0,"spreadMethod":"pad","stops":[{"color":"#ffff00","offset":0},{"color":"#00ffff","offset":1}],"angle":0,"cx":0.5,"cy":0.5,"fr":0,"fx":0.5,"fy":0.5,"r":0.5,"sx":1,"sy":1},"color":"#000000","pattern":{"type":"pattern","reflect":"no-reflect","repeat":"repeat","smoothing":true,"src":"data:image/gif;base64,R0lGODlhDgAOAID/ANDu/FOdvCwAAAAADgAOAAACHYwDh5fazqKcj05rar5q+w961diVi9g9jaaGkFEAADs=","sx":1,"sy":1,"x0":0.5,"x1":1,"y0":0.5,"y1":1}},"filter":{"enabled":true,"opened":true,"stack":[]},"stroke":{"method":"stroke","blend":"normal","enabled":true,"opacity":1,"type":"color","color":"#000000","alignment":0.5,"lineCap":"round","lineDash":"none","lineDashOffset":0,"lineJoin":"miter","lineWidth":2.5,"lineWidthVariance":0,"miterLimit":4,"gradient":{"type":"linearGradient","noise":0,"spreadMethod":"pad","stops":[{"color":"#e43a15","offset":0},{"color":"#e65245","offset":1}],"x1":0,"y1":0.5,"x2":1,"y2":0.5}},"bbox":{"x":335.0009913,"y":314.0008407,"width":29.78,"height":23.13,"rotation":0,"scale":{"x":1,"y":1},"skew":{"x":0,"y":0},"anchor":{"x":0,"y":0}},"id":"a07f60df-899d-4275-8270-e20b7a523576","pointerId":"you_67216","pathSmoothing":{"enabled":true,"alpha":0.5,"tension":1,"type":0},"path":[{"x":0,"y":0,"cmd":"M"},{"x":0,"y":0,"cmd":"L"},{"x":0.41,"y":2.06,"cmd":"L"},{"x":1.33,"y":6.08,"cmd":"L"},{"x":3.86,"y":12.23,"cmd":"L"},{"x":4.3,"y":14.08,"cmd":"L"},{"x":6.59,"y":18.35,"cmd":"L"},{"x":6.98,"y":18.78,"cmd":"L"},{"x":8.13,"y":19.13,"cmd":"L"},{"x":11.18,"y":18.02,"cmd":"L"},{"x":16.77,"y":13,"cmd":"L"},{"x":23.09,"y":5.32,"cmd":"L"},{"x":25.42,"y":1.55,"cmd":"L"},{"x":25.78,"y":0.74,"cmd":"L"}],"parentId":"Top","idx":19},{"type":"calligraphy","iteration":4074,"pathSpacing":{"compatOverlapSegments":false,"enabled":true,"flatness":0.5,"type":0},"tipAngle":42,"blend":"normal","seed":2011872910,"exportable":true,"findable":true,"fill":{"method":"fill","blend":"normal","enabled":true,"opacity":0,"type":"gradient","gradient":{"type":"radialGradient","noise":0,"spreadMethod":"pad","stops":[{"color":"#ffff00","offset":0},{"color":"#00ffff","offset":1}],"angle":0,"cx":0.5,"cy":0.5,"fr":0,"fx":0.5,"fy":0.5,"r":0.5,"sx":1,"sy":1},"color":"#000000","pattern":{"type":"pattern","reflect":"no-reflect","repeat":"repeat","smoothing":true,"src":"data:image/gif;base64,R0lGODlhDgAOAID/ANDu/FOdvCwAAAAADgAOAAACHYwDh5fazqKcj05rar5q+w961diVi9g9jaaGkFEAADs=","sx":1,"sy":1,"x0":0.5,"x1":1,"y0":0.5,"y1":1}},"filter":{"enabled":true,"opened":true,"stack":[]},"stroke":{"method":"stroke","blend":"normal","enabled":true,"opacity":1,"type":"color","color":"#000000","alignment":0.5,"lineCap":"round","lineDash":"none","lineDashOffset":0,"lineJoin":"miter","lineWidth":2.5,"lineWidthVariance":0,"miterLimit":4,"gradient":{"type":"linearGradient","noise":0,"spreadMethod":"pad","stops":[{"color":"#e43a15","offset":0},{"color":"#e65245","offset":1}],"x1":0,"y1":0.5,"x2":1,"y2":0.5}},"bbox":{"x":308.4985245,"y":372.9840609,"width":13.75,"height":12.17,"rotation":0,"scale":{"x":1,"y":1},"skew":{"x":0,"y":0},"anchor":{"x":0,"y":0}},"id":"f054928c-8863-44ef-8af7-991ca16fdd8b","pointerId":"you_67217","pathSmoothing":{"enabled":true,"alpha":0.5,"tension":1,"type":0},"path":[{"x":3.5,"y":4.02,"cmd":"M"},{"x":3.5,"y":4.02,"cmd":"L"},{"x":3.5,"y":4.02,"cmd":"L"},{"x":3.45,"y":4.17,"cmd":"L"},{"x":3.22,"y":5.11,"cmd":"L"},{"x":3.22,"y":5.11,"cmd":"L"},{"x":3.22,"y":5.11,"cmd":"L"},{"x":3.22,"y":5.11,"cmd":"L"},{"x":3.22,"y":5.11,"cmd":"L"},{"x":4.26,"y":6.03,"cmd":"L"},{"x":5.3,"y":6.98,"cmd":"L"},{"x":5.65,"y":7.1,"cmd":"L"},{"x":6.61,"y":6.83,"cmd":"L"},{"x":7.78,"y":6.28,"cmd":"L"},{"x":8.58,"y":5.32,"cmd":"L"},{"x":9.28,"y":3.76,"cmd":"L"},{"x":9.75,"y":1.92,"cmd":"L"},{"x":9.34,"y":1.39,"cmd":"L"},{"x":8.06,"y":0.59,"cmd":"L"},{"x":6.34,"y":0,"cmd":"L"},{"x":5.5,"y":0,"cmd":"L"},{"x":3.29,"y":0.9,"cmd":"L"},{"x":2.12,"y":1.55,"cmd":"L"},{"x":1.31,"y":2.62,"cmd":"L"},{"x":0.91,"y":3.37,"cmd":"L"},{"x":0.37,"y":5.15,"cmd":"L"},{"x":0.16,"y":6.09,"cmd":"L"},{"x":0,"y":7.06,"cmd":"L"},{"x":0,"y":7.06,"cmd":"L"},{"x":0.57,"y":7.73,"cmd":"L"},{"x":1.14,"y":8.17,"cmd":"L"}],"parentId":"Top","idx":20},{"type":"calligraphy","iteration":4105,"pathSpacing":{"compatOverlapSegments":false,"enabled":true,"flatness":0.5,"type":0},"tipAngle":42,"blend":"normal","seed":1808430557,"exportable":true,"findable":true,"fill":{"method":"fill","blend":"normal","enabled":true,"opacity":0,"type":"gradient","gradient":{"type":"radialGradient","noise":0,"spreadMethod":"pad","stops":[{"color":"#ffff00","offset":0},{"color":"#00ffff","offset":1}],"angle":0,"cx":0.5,"cy":0.5,"fr":0,"fx":0.5,"fy":0.5,"r":0.5,"sx":1,"sy":1},"color":"#000000","pattern":{"type":"pattern","reflect":"no-reflect","repeat":"repeat","smoothing":true,"src":"data:image/gif;base64,R0lGODlhDgAOAID/ANDu/FOdvCwAAAAADgAOAAACHYwDh5fazqKcj05rar5q+w961diVi9g9jaaGkFEAADs=","sx":1,"sy":1,"x0":0.5,"x1":1,"y0":0.5,"y1":1}},"filter":{"enabled":true,"opened":true,"stack":[]},"stroke":{"method":"stroke","blend":"normal","enabled":true,"opacity":1,"type":"color","color":"#000000","alignment":0.5,"lineCap":"round","lineDash":"none","lineDashOffset":0,"lineJoin":"miter","lineWidth":2.5,"lineWidthVariance":0,"miterLimit":4,"gradient":{"type":"linearGradient","noise":0,"spreadMethod":"pad","stops":[{"color":"#e43a15","offset":0},{"color":"#e65245","offset":1}],"x1":0,"y1":0.5,"x2":1,"y2":0.5}},"bbox":{"x":307.7868386,"y":399.0017008,"width":13.92,"height":13.19,"rotation":0,"scale":{"x":1,"y":1},"skew":{"x":0,"y":0},"anchor":{"x":0,"y":0}},"id":"1026d844-efdc-4e27-b1bd-3df8ecf8c1ee","pointerId":"you_67218","pathSmoothing":{"enabled":true,"alpha":0.5,"tension":1,"type":0},"path":[{"x":7.21,"y":0,"cmd":"M"},{"x":7.21,"y":0,"cmd":"L"},{"x":7.21,"y":0,"cmd":"L"},{"x":6.01,"y":1.6,"cmd":"L"},{"x":3.21,"y":4.76,"cmd":"L"},{"x":1.7,"y":7.39,"cmd":"L"},{"x":1.14,"y":9.15,"cmd":"L"},{"x":1.14,"y":9.15,"cmd":"L"},{"x":1.15,"y":9.19,"cmd":"L"},{"x":2.34,"y":8.85,"cmd":"L"},{"x":3.28,"y":8.64,"cmd":"L"},{"x":5.8,"y":6.78,"cmd":"L"},{"x":6.25,"y":6.27,"cmd":"L"},{"x":6.25,"y":6.27,"cmd":"L"},{"x":6.62,"y":6.49,"cmd":"L"},{"x":7.45,"y":6.83,"cmd":"L"},{"x":8.35,"y":7.11,"cmd":"L"},{"x":8.42,"y":7.09,"cmd":"L"},{"x":9.2,"y":6.22,"cmd":"L"},{"x":9.92,"y":4.71,"cmd":"L"},{"x":7.85,"y":1.52,"cmd":"L"},{"x":7.38,"y":1.07,"cmd":"L"},{"x":7.06,"y":0.96,"cmd":"L"},{"x":4.17,"y":1.47,"cmd":"L"},{"x":1.66,"y":3.26,"cmd":"L"},{"x":1.21,"y":3.76,"cmd":"L"},{"x":0.49,"y":5.29,"cmd":"L"},{"x":0,"y":7.1,"cmd":"L"},{"x":0,"y":7.1,"cmd":"L"}],"parentId":"Top","idx":21}],"resources":[{"author":[{"bio":null,"name":"Paul D. Hunt","email":"http://www.adobe.com/","filename":["SourceSansPro-ExtraLight.ttf","SourceSansPro-ExtraLightItalic.ttf","SourceSansPro-Light.ttf","SourceSansPro-LightItalic.ttf","SourceSansPro-Regular.ttf","SourceSansPro-Italic.ttf","SourceSansPro-SemiBold.ttf","SourceSansPro-SemiBoldItalic.ttf","SourceSansPro-Bold.ttf","SourceSansPro-BoldItalic.ttf","SourceSansPro-Black.ttf","SourceSansPro-BlackItalic.ttf"],"imageUrl":"https://lh3.googleusercontent.com/pXkkq9v6LZQyR5y1YSr2qtOkZ3kHVgutUz4PqXvWzH_Etqe53Xf8PPs0JN0","copyright":"Copyright 2010, 2012, 2014 Adobe Systems Incorporated (http://www.adobe.com/), with Reserved Font Name Source."}],"defaultVariant":"normal 400","key":"source-sans-pro","preview":{"italic 200":{"url":"https://asset.paintserver.com/source-sans-pro-200italic.png","width":170,"height":80},"italic 300":{"url":"https://asset.paintserver.com/source-sans-pro-300italic.png","width":170,"height":80},"italic 400":{"url":"https://asset.paintserver.com/source-sans-pro-italic.png","width":170,"height":80},"italic 600":{"url":"https://asset.paintserver.com/source-sans-pro-600italic.png","width":170,"height":80},"italic 700":{"url":"https://asset.paintserver.com/source-sans-pro-700italic.png","width":170,"height":80},"italic 900":{"url":"https://asset.paintserver.com/source-sans-pro-900italic.png","width":170,"height":80},"normal 200":{"url":"https://asset.paintserver.com/source-sans-pro-200.png","width":170,"height":80},"normal 300":{"url":"https://asset.paintserver.com/source-sans-pro-300.png","width":170,"height":80},"normal 400":{"url":"https://asset.paintserver.com/source-sans-pro-regular.png","width":170,"height":80},"normal 600":{"url":"https://asset.paintserver.com/source-sans-pro-600.png","width":170,"height":80},"normal 700":{"url":"https://asset.paintserver.com/source-sans-pro-700.png","width":170,"height":80},"normal 900":{"url":"https://asset.paintserver.com/source-sans-pro-900.png","width":170,"height":80}},"title":"Source Sans Pro","type":["font"],"value":{"italic 200":{"ttf":"https://asset.paintserver.com/32305eb04569512ab9b7340aa8c10a5d.ttf","woff":"https://asset.paintserver.com/833849fc79597fb11ed47f634ff9ac39.woff","style":"italic","woff2":"https://asset.paintserver.com/22d9ece240a63e502470f6e744bed0c5.woff2","weight":"200"},"italic 300":{"ttf":"https://asset.paintserver.com/eb5d8127e4158c7241a10cc05de930f6.ttf","woff":"https://asset.paintserver.com/a8af7d67480e8707e25906f77bb771cf.woff","style":"italic","woff2":"https://asset.paintserver.com/5ad0cbef5b77ea554eeecb857106bc0c.woff2","weight":"300"},"italic 400":{"ttf":"https://asset.paintserver.com/764c2cc5318c856dfccb29cd8529b51d.ttf","woff":"https://asset.paintserver.com/62356c3e793970eb7f5896d319561737.woff","style":"italic","woff2":"https://asset.paintserver.com/926ecb7d6d364a26ea8b3db53cba5f5e.woff2","weight":"400"},"italic 600":{"ttf":"https://asset.paintserver.com/0f3a2e37b81162b12c9fa35455540231.ttf","woff":"https://asset.paintserver.com/33a2e415f99181c57e824fca0efee221.woff","style":"italic","woff2":"https://asset.paintserver.com/dc7896697e4195fb7bcf729f4e398091.woff2","weight":"600"},"italic 700":{"ttf":"https://asset.paintserver.com/9950e9ec3672c65b4e64bfb5b562131a.ttf","woff":"https://asset.paintserver.com/98c25e7831cecac4a458e9709cf7747c.woff","style":"italic","woff2":"https://asset.paintserver.com/7385066554ed759c84935299cbc01c66.woff2","weight":"700"},"italic 900":{"ttf":"https://asset.paintserver.com/adaf9bf8364b3101b1bcb73ec6794c5c.ttf","woff":"https://asset.paintserver.com/4ef398107aece6d6d98f26731cd1d8e3.woff","style":"italic","woff2":"https://asset.paintserver.com/4f86bb8e6fcbdaf1e24e6ddebb89e740.woff2","weight":"900"},"normal 200":{"ttf":"https://asset.paintserver.com/fd04b68bcc43c5b7aabb44c5386c3542.ttf","woff":"https://asset.paintserver.com/6ee96e52eff79250c5f19914dc6af212.woff","style":"normal","woff2":"https://asset.paintserver.com/5e999328d835bc49bb6ca15ef09f1afb.woff2","weight":"200"},"normal 300":{"ttf":"https://asset.paintserver.com/ee2a11b8055d665afd2ac1d818683ffe.ttf","woff":"https://asset.paintserver.com/550688190bc105978885dae5b802079c.woff","style":"normal","woff2":"https://asset.paintserver.com/003c070ea86db0557172a130df59ca55.woff2","weight":"300"},"normal 400":{"ttf":"https://asset.paintserver.com/5182da425f811908bed9f5b8c72fa44f.ttf","woff":"https://asset.paintserver.com/333d22f496ec09a649a4fe262a2dcb7e.woff","style":"normal","woff2":"https://asset.paintserver.com/b11b8e087850845f557dd2abd2a79797.woff2","weight":"400"},"normal 600":{"ttf":"https://asset.paintserver.com/774c05ccae92d11b95a2ef722c9566a8.ttf","woff":"https://asset.paintserver.com/88acef4fafaf6b95213fbc056cc65f21.woff","style":"normal","woff2":"https://asset.paintserver.com/837a03e169765636841b5637421ba49c.woff2","weight":"600"},"normal 700":{"ttf":"https://asset.paintserver.com/0d9b62a03206f739cd34b2936a5929f1.ttf","woff":"https://asset.paintserver.com/e0b7b522f8613b8fa84004e5ff247387.woff","style":"normal","woff2":"https://asset.paintserver.com/77a63b543dc177b576053ad1a05ed027.woff2","weight":"700"},"normal 900":{"ttf":"https://asset.paintserver.com/e495a7368e5f4d3c155daf129b841378.ttf","woff":"https://asset.paintserver.com/b0c7d4c4d91d9936a637ff34cce31706.woff","style":"normal","woff2":"https://asset.paintserver.com/edf6fb87ba3c32971db429a695b40c7f.woff2","weight":"900"}},"variants":["normal 200","italic 200","normal 300","normal 400","italic 400","italic 300","normal 600","italic 600","normal 700","italic 700","normal 900","italic 900"],"availableStyles":{"normal":true,"italic":true},"availableWeights":{"200":true,"300":true,"400":true,"600":true,"700":true,"900":true},"hasHeavyVariant":true,"hasItalicVariant":true,"hasLightVariant":true,"selected":true}]}