{"version":"2021.4.25.11","config":{"name":"Drawing","surface":{"method":"fill","blend":"normal","enabled":true,"opacity":1,"type":"pattern","pattern":{"type":"pattern","reflect":"no-reflect","repeat":"repeat","smoothing":false,"src":"transparentLight","sx":1,"sy":1,"x0":0.5,"x1":1,"y0":0.5,"y1":1}},"clipPath":{"enabled":true,"style":{"strokeStyle":"black","lineWidth":1}},"description":"Made with Sketchpad","metadata":{},"exportDPI":72,"exportFormat":"png","exportQuality":0.95,"units":"px","width":1536,"height":731,"pages":[{"width":1536,"height":731}],"uuid":"98ede486-23f0-4f3b-bea1-1beac8165434"},"layers":[{"type":"rectangle","name":"background","cutout":0,"roundness":0,"bbox":{"x":0,"y":0,"width":1536,"height":731,"rotation":0,"scale":{"x":1,"y":1},"skew":{"x":0,"y":0},"anchor":{"x":0,"y":0}},"blend":"normal","id":"background","idx":0,"seed":652307223,"clampToDoc":true,"lockTransform":true,"stickTo":"back","stretchTo":"fill","fill":{"method":"fill","blend":"normal","enabled":true,"opacity":1,"type":"color","color":"#ffffff"},"parentId":"Top","visible":true},{"type":"fancyText","content":"5\n\n","fitText":true,"fontFamily":"abel","fontSize":50.875,"fontStyle":"normal","fontVariant":"normal","fontWeight":400,"letterSpacing":0.09,"lineHeight":0.98,"searchTerm":"","textAlign":"center","textDecoration":"none","textTransform":"none","whiteSpace":"pre-wrap","wordSpacing":0.17,"blend":"lighten","exportable":true,"findable":true,"fill":{"method":"fill","blend":"normal","enabled":true,"opacity":1,"type":"color","color":"#000000"},"filter":{"enabled":true,"opened":true,"stack":[]},"stroke":{"method":"stroke","blend":"normal","enabled":true,"opacity":1,"type":"gradient","gradient":{"type":"linearGradient","noise":0,"spreadMethod":"pad","stops":[{"color":"#e43a15","offset":0},{"color":"#e65245","offset":1}],"x1":0.5,"y1":1,"x2":0.5,"y2":0},"alignment":0.5,"lineCap":"round","lineDash":"none","lineDashOffset":0,"lineJoin":"miter","lineWidth":1.5,"lineWidthVariance":0,"miterLimit":4,"color":"black"},"bbox":{"x":281.5983997269351,"y":195,"width":495.3333333333333,"height":100,"rotation":0,"scale":{"x":1,"y":1},"skew":{"x":0,"y":0},"anchor":{"x":0,"y":0}},"id":"a15814e8-fcff-42d7-ada1-66e640ea2375","seed":1205667101,"pointerId":"you_65583","parentId":"Top","idx":1},{"type":"pencil","iteration":1,"blend":"normal","seed":1,"exportable":true,"findable":true,"fill":{"method":"fill","blend":"normal","enabled":false,"opacity":0,"type":"color","color":"black"},"filter":{"enabled":true,"opened":true,"stack":[]},"stroke":{"method":"stroke","blend":"normal","enabled":true,"opacity":1,"type":"color","color":"#000000","alignment":0.5,"lineCap":"round","lineDash":"none","lineDashOffset":0,"lineJoin":"miter","lineWidth":2,"lineWidthVariance":0,"miterLimit":4},"bbox":{"x":455,"y":81,"width":2.01,"height":2.01,"rotation":0,"scale":{"x":1,"y":1},"skew":{"x":0,"y":0},"anchor":{"x":0,"y":0}},"id":"a21749ac-6040-4154-902e-20cb025f808b","pointerId":"you_65628","pathSmoothing":{"enabled":true,"alpha":0.5,"tension":1,"type":0},"path":[{"x":0,"y":0,"cmd":"M"}],"parentId":"Top","idx":2},{"type":"fancyText","content":"spring ","fitText":true,"fontFamily":"abel","fontSize":88.875,"fontStyle":"normal","fontVariant":"normal","fontWeight":400,"letterSpacing":0.09,"lineHeight":0.98,"searchTerm":"","textAlign":"center","textDecoration":"none","textTransform":"none","whiteSpace":"pre-wrap","wordSpacing":0.17,"blend":"normal","exportable":true,"findable":true,"fill":{"method":"fill","blend":"normal","enabled":true,"opacity":1,"type":"color","color":"#000000"},"filter":{"enabled":true,"opened":true,"stack":[]},"stroke":{"method":"stroke","blend":"normal","enabled":true,"opacity":1,"type":"gradient","gradient":{"type":"linearGradient","noise":0,"spreadMethod":"pad","stops":[{"color":"#e43a15","offset":0},{"color":"#e65245","offset":1}],"x1":0.5,"y1":1,"x2":0.5,"y2":0},"alignment":0.5,"lineCap":"round","lineDash":"none","lineDashOffset":0,"lineJoin":"miter","lineWidth":1.5,"lineWidthVariance":0,"miterLimit":4,"color":"black"},"bbox":{"x":155,"y":114,"width":495.3333333333333,"height":100,"rotation":0,"scale":{"x":1,"y":1},"skew":{"x":0,"y":0},"anchor":{"x":0,"y":0}},"id":"50d5bbed-641e-4139-b557-c02c44c1084f","seed":668804699,"pointerId":"you_65634","parentId":"Top","idx":3},{"type":"fancyText","content":"springBoot","fitText":true,"fontFamily":"abel","fontSize":89,"fontStyle":"normal","fontVariant":"normal","fontWeight":400,"letterSpacing":0.09,"lineHeight":0.98,"searchTerm":"","textAlign":"center","textDecoration":"none","textTransform":"none","whiteSpace":"pre-wrap","wordSpacing":0.17,"blend":"normal","exportable":true,"findable":true,"fill":{"method":"fill","blend":"normal","enabled":true,"opacity":1,"type":"color","color":"#000000"},"filter":{"enabled":true,"opened":true,"stack":[]},"stroke":{"method":"stroke","blend":"normal","enabled":true,"opacity":1,"type":"gradient","gradient":{"type":"linearGradient","noise":0,"spreadMethod":"pad","stops":[{"color":"#e43a15","offset":0},{"color":"#e65245","offset":1}],"x1":0.5,"y1":1,"x2":0.5,"y2":0},"alignment":0.5,"lineCap":"round","lineDash":"none","lineDashOffset":0,"lineJoin":"miter","lineWidth":1.5,"lineWidthVariance":0,"miterLimit":4,"color":"black"},"bbox":{"x":948.4255329770745,"y":128.6715824483173,"width":495.3333333333333,"height":100,"rotation":6.2796657689275435,"scale":{"x":1,"y":1},"skew":{"x":0,"y":0},"anchor":{"x":0,"y":0}},"id":"b66cdbdc-974a-4cf0-8c4a-1e73a49554e5","seed":1403104921,"pointerId":"you_65656","parentId":"Top","idx":4},{"type":"fancyText","content":"framework DI ","fitText":true,"fontFamily":"abel","fontSize":77,"fontStyle":"normal","fontVariant":"normal","fontWeight":400,"letterSpacing":0.09,"lineHeight":0.98,"searchTerm":"","textAlign":"center","textDecoration":"none","textTransform":"none","whiteSpace":"pre-wrap","wordSpacing":0.17,"blend":"normal","exportable":true,"findable":true,"fill":{"method":"fill","blend":"normal","enabled":true,"opacity":1,"type":"color","color":"#000000"},"filter":{"enabled":true,"opened":true,"stack":[]},"stroke":{"method":"stroke","blend":"normal","enabled":true,"opacity":1,"type":"gradient","gradient":{"type":"linearGradient","noise":0,"spreadMethod":"pad","stops":[{"color":"#e43a15","offset":0},{"color":"#e65245","offset":1}],"x1":0.5,"y1":1,"x2":0.5,"y2":0},"alignment":0.5,"lineCap":"round","lineDash":"none","lineDashOffset":0,"lineJoin":"miter","lineWidth":1.5,"lineWidthVariance":0,"miterLimit":4,"color":"black"},"bbox":{"x":118,"y":263.79960226239825,"width":495.3333333333333,"height":100,"rotation":0,"scale":{"x":1,"y":1},"skew":{"x":0,"y":0},"anchor":{"x":0,"y":0}},"id":"5ec5dc2a-66ec-459f-9a37-c4c39de9065a","seed":1558218439,"pointerId":"you_65674","parentId":"Top","idx":5},{"type":"fancyText","content":"work with the xml","fitText":true,"fontFamily":"abel","fontSize":53.875,"fontStyle":"normal","fontVariant":"normal","fontWeight":400,"letterSpacing":0.09,"lineHeight":0.98,"searchTerm":"","textAlign":"center","textDecoration":"none","textTransform":"none","whiteSpace":"pre-wrap","wordSpacing":0.17,"blend":"normal","exportable":true,"findable":true,"fill":{"method":"fill","blend":"normal","enabled":true,"opacity":1,"type":"color","color":"#000000"},"filter":{"enabled":true,"opened":true,"stack":[]},"stroke":{"method":"stroke","blend":"normal","enabled":true,"opacity":1,"type":"gradient","gradient":{"type":"linearGradient","noise":0,"spreadMethod":"pad","stops":[{"color":"#e43a15","offset":0},{"color":"#e65245","offset":1}],"x1":0.5,"y1":1,"x2":0.5,"y2":0},"alignment":0.5,"lineCap":"round","lineDash":"none","lineDashOffset":0,"lineJoin":"miter","lineWidth":1.5,"lineWidthVariance":0,"miterLimit":4,"color":"black"},"bbox":{"x":113.59959005536702,"y":340.5984151085266,"width":495.3333333333333,"height":100,"rotation":0,"scale":{"x":1,"y":1},"skew":{"x":0,"y":0},"anchor":{"x":0,"y":0}},"id":"935ccbbb-960f-494a-8fcd-3bd6d53757f2","seed":89747382,"pointerId":"you_65684","parentId":"Top","idx":6},{"type":"fancyText","content":"manage obj lifecycle","fitText":true,"fontFamily":"abel","fontSize":49,"fontStyle":"normal","fontVariant":"normal","fontWeight":400,"letterSpacing":0.09,"lineHeight":0.98,"searchTerm":"","textAlign":"center","textDecoration":"none","textTransform":"none","whiteSpace":"pre-wrap","wordSpacing":0.17,"blend":"normal","exportable":true,"findable":true,"fill":{"method":"fill","blend":"normal","enabled":true,"opacity":1,"type":"color","color":"#000000"},"filter":{"enabled":true,"opened":true,"stack":[]},"stroke":{"method":"stroke","blend":"normal","enabled":true,"opacity":1,"type":"gradient","gradient":{"type":"linearGradient","noise":0,"spreadMethod":"pad","stops":[{"color":"#e43a15","offset":0},{"color":"#e65245","offset":1}],"x1":0.5,"y1":1,"x2":0.5,"y2":0},"alignment":0.5,"lineCap":"round","lineDash":"none","lineDashOffset":0,"lineJoin":"miter","lineWidth":1.5,"lineWidthVariance":0,"miterLimit":4,"color":"black"},"bbox":{"x":116.39999389648438,"y":400.59795638035064,"width":495.3333333333333,"height":100,"rotation":0,"scale":{"x":1,"y":1},"skew":{"x":0,"y":0},"anchor":{"x":0,"y":0}},"id":"addf57d5-73d2-41aa-82bf-b9661573929a","seed":1488032774,"pointerId":"you_65689","parentId":"Top","idx":7},{"type":"fancyText","content":"spring app takes a lot of time to run ","fitText":true,"fontFamily":"abel","fontSize":47,"fontStyle":"normal","fontVariant":"normal","fontWeight":400,"letterSpacing":0.09,"lineHeight":0.98,"searchTerm":"","textAlign":"center","textDecoration":"none","textTransform":"none","whiteSpace":"pre-wrap","wordSpacing":0.17,"blend":"normal","exportable":true,"findable":true,"fill":{"method":"fill","blend":"normal","enabled":true,"opacity":1,"type":"color","color":"#000000"},"filter":{"enabled":true,"opened":true,"stack":[]},"stroke":{"method":"stroke","blend":"normal","enabled":true,"opacity":1,"type":"gradient","gradient":{"type":"linearGradient","noise":0,"spreadMethod":"pad","stops":[{"color":"#e43a15","offset":0},{"color":"#e65245","offset":1}],"x1":0.5,"y1":1,"x2":0.5,"y2":0},"alignment":0.5,"lineCap":"round","lineDash":"none","lineDashOffset":0,"lineJoin":"miter","lineWidth":1.5,"lineWidthVariance":0,"miterLimit":4,"color":"black"},"bbox":{"x":116,"y":473,"width":495.3333333333333,"height":100,"rotation":0,"scale":{"x":1,"y":1},"skew":{"x":0,"y":0},"anchor":{"x":0,"y":0}},"id":"0dfb58b5-b1e7-4b9e-839c-60472795a655","seed":410156367,"pointerId":"you_65705","parentId":"Top","idx":8},{"type":"fancyText","content":"small spring project ","fitText":true,"fontFamily":"abel","fontSize":51,"fontStyle":"normal","fontVariant":"normal","fontWeight":400,"letterSpacing":0.09,"lineHeight":0.98,"searchTerm":"","textAlign":"center","textDecoration":"none","textTransform":"none","whiteSpace":"pre-wrap","wordSpacing":0.17,"blend":"normal","exportable":true,"findable":true,"fill":{"method":"fill","blend":"normal","enabled":true,"opacity":1,"type":"color","color":"#000000"},"filter":{"enabled":true,"opened":true,"stack":[]},"stroke":{"method":"stroke","blend":"normal","enabled":true,"opacity":1,"type":"gradient","gradient":{"type":"linearGradient","noise":0,"spreadMethod":"pad","stops":[{"color":"#e43a15","offset":0},{"color":"#e65245","offset":1}],"x1":0.5,"y1":1,"x2":0.5,"y2":0},"alignment":0.5,"lineCap":"round","lineDash":"none","lineDashOffset":0,"lineJoin":"miter","lineWidth":1.5,"lineWidthVariance":0,"miterLimit":4,"color":"black"},"bbox":{"x":959,"y":275,"width":495.3333333333333,"height":100,"rotation":0,"scale":{"x":1,"y":1},"skew":{"x":0,"y":0},"anchor":{"x":0,"y":0}},"id":"8dcb3299-3126-4efd-bb93-b119cb4c3e99","seed":372634118,"pointerId":"you_65708","parentId":"Top","idx":9},{"type":"fancyText","content":"spring boot does not use the xmls -> uses annotations ","fitText":true,"fontFamily":"abel","fontSize":34,"fontStyle":"normal","fontVariant":"normal","fontWeight":400,"letterSpacing":0.09,"lineHeight":0.98,"searchTerm":"","textAlign":"center","textDecoration":"none","textTransform":"none","whiteSpace":"pre-wrap","wordSpacing":0.17,"blend":"normal","exportable":true,"findable":true,"fill":{"method":"fill","blend":"normal","enabled":true,"opacity":1,"type":"color","color":"#000000"},"filter":{"enabled":true,"opened":true,"stack":[]},"stroke":{"method":"stroke","blend":"normal","enabled":true,"opacity":1,"type":"gradient","gradient":{"type":"linearGradient","noise":0,"spreadMethod":"pad","stops":[{"color":"#e43a15","offset":0},{"color":"#e65245","offset":1}],"x1":0.5,"y1":1,"x2":0.5,"y2":0},"alignment":0.5,"lineCap":"round","lineDash":"none","lineDashOffset":0,"lineJoin":"miter","lineWidth":1.5,"lineWidthVariance":0,"miterLimit":4,"color":"black"},"bbox":{"x":963.800048828125,"y":338.77500252797734,"width":495.3333333333333,"height":90.62502188608507,"rotation":0,"scale":{"x":1,"y":1},"skew":{"x":0,"y":0},"anchor":{"x":0,"y":0}},"id":"40ddb1a3-f8be-490c-b838-e54c8eaa4120","seed":1951975990,"pointerId":"you_65714","parentId":"Top","idx":10},{"type":"fancyText","content":"takes less time to run \nand less configuration","fitText":true,"fontFamily":"abel","fontSize":43,"fontStyle":"normal","fontVariant":"normal","fontWeight":400,"letterSpacing":0.09,"lineHeight":0.98,"searchTerm":"","textAlign":"center","textDecoration":"none","textTransform":"none","whiteSpace":"pre-wrap","wordSpacing":0.17,"blend":"normal","exportable":true,"findable":true,"fill":{"method":"fill","blend":"normal","enabled":true,"opacity":1,"type":"color","color":"#000000"},"filter":{"enabled":true,"opened":true,"stack":[]},"stroke":{"method":"stroke","blend":"normal","enabled":true,"opacity":1,"type":"gradient","gradient":{"type":"linearGradient","noise":0,"spreadMethod":"pad","stops":[{"color":"#e43a15","offset":0},{"color":"#e65245","offset":1}],"x1":0.5,"y1":1,"x2":0.5,"y2":0},"alignment":0.5,"lineCap":"round","lineDash":"none","lineDashOffset":0,"lineJoin":"miter","lineWidth":1.5,"lineWidthVariance":0,"miterLimit":4,"color":"black"},"bbox":{"x":966.3995931683403,"y":425.3983111031514,"width":495.3333333333333,"height":100,"rotation":0,"scale":{"x":1,"y":1},"skew":{"x":0,"y":0},"anchor":{"x":0,"y":0}},"id":"9b7d40ab-4480-4871-8cd9-18554e79206a","seed":1653888049,"pointerId":"you_65724","parentId":"Top","idx":11}],"resources":[{"author":[{"bio":null,"name":"MADType","email":"http://www.madtype.com | mattdesmond@gmail.com","filename":["Abel-Regular.ttf"],"imageUrl":"https://lh3.googleusercontent.com/S9Xc2UCtPAwSf0Scny0AiwrxBDZ6mHb9zobozAg2IRMSnV0mEryRFoUiY4w","copyright":"Copyright (c) 2011, Matthew Desmond (http://www.madtype.com | mattdesmond@gmail.com), with Reserved Font Name Abel."}],"defaultVariant":"normal 400","key":"abel","preview":{"normal 400":{"url":"https://asset.paintserver.com/abel-regular.png","width":170,"height":80}},"title":"Abel","type":["font"],"value":{"normal 400":{"ttf":"https://asset.paintserver.com/93ce77a7cf019a94c2f9b2fdc04b2e7d.ttf","woff":"https://asset.paintserver.com/fddfd90105b27ee60048ec036f77398b.woff","style":"normal","woff2":"https://asset.paintserver.com/f2a14a03721b71b489f01a14e97f6489.woff2","weight":"400"}},"variants":["normal 400"],"availableStyles":{"normal":true},"availableWeights":{"400":true},"hasHeavyVariant":false,"hasItalicVariant":false,"hasLightVariant":true,"selected":true}]}