{"version":"2021.4.25.11","config":{"name":"Drawing-1.sketchpad","surface":{"method":"fill","blend":"normal","enabled":true,"opacity":1,"type":"color","color":"#ffffff"},"clipPath":{"enabled":true,"style":{"strokeStyle":"black","lineWidth":1}},"description":"Made with Sketchpad","metadata":{},"exportDPI":72,"exportFormat":"png","exportQuality":0.95,"units":"px","width":1536,"height":731,"pages":[{"width":1536,"height":731}],"uuid":"2e96c120-b2f5-4d06-82b0-c049f14d68b0"},"layers":[{"type":"fancyText","content":"dependency","fitText":true,"fontFamily":"abel","fontSize":89,"fontStyle":"normal","fontVariant":"normal","fontWeight":400,"letterSpacing":0.09,"lineHeight":0.98,"searchTerm":"","textAlign":"center","textDecoration":"none","textTransform":"none","whiteSpace":"pre-wrap","wordSpacing":0.17,"blend":"normal","exportable":true,"findable":true,"fill":{"method":"fill","blend":"normal","enabled":true,"opacity":1,"type":"color","color":"#000000"},"filter":{"enabled":true,"opened":true,"stack":[]},"stroke":{"method":"stroke","blend":"normal","enabled":true,"opacity":1,"type":"gradient","gradient":{"type":"linearGradient","noise":0,"spreadMethod":"pad","stops":[{"color":"#e43a15","offset":0},{"color":"#e65245","offset":1}],"x1":0.5,"y1":1,"x2":0.5,"y2":0},"alignment":0.5,"lineCap":"round","lineDash":"none","lineDashOffset":0,"lineJoin":"miter","lineWidth":1.5,"lineWidthVariance":0,"miterLimit":4,"color":"black"},"bbox":{"x":78.39838751990385,"y":28.600013732910156,"width":495.3333333333333,"height":100,"rotation":0,"scale":{"x":1,"y":1},"skew":{"x":0,"y":0},"anchor":{"x":0,"y":0}},"id":"0be2f04a-abc2-4f48-82b2-92ef6b8dfea2","seed":1983496987,"pointerId":"you_65883","parentId":"Top","idx":0},{"type":"fancyText","content":"public class comapreArrays{\nSortAlg sortAlg;\n}","fitText":true,"fontFamily":"abel","fontSize":39.875,"fontStyle":"normal","fontVariant":"normal","fontWeight":400,"letterSpacing":0.09,"lineHeight":0.98,"searchTerm":"","textAlign":"center","textDecoration":"none","textTransform":"none","whiteSpace":"pre-wrap","wordSpacing":0.17,"blend":"normal","exportable":true,"findable":true,"fill":{"method":"fill","blend":"normal","enabled":true,"opacity":1,"type":"color","color":"#000000"},"filter":{"enabled":true,"opened":true,"stack":[]},"stroke":{"method":"stroke","blend":"normal","enabled":true,"opacity":1,"type":"gradient","gradient":{"type":"linearGradient","noise":0,"spreadMethod":"pad","stops":[{"color":"#e43a15","offset":0},{"color":"#e65245","offset":1}],"x1":0.5,"y1":1,"x2":0.5,"y2":0},"alignment":0.5,"lineCap":"round","lineDash":"none","lineDashOffset":0,"lineJoin":"miter","lineWidth":1.5,"lineWidthVariance":0,"miterLimit":4,"color":"black"},"bbox":{"x":46.199981689453125,"y":158.2000274658203,"width":565.8377375578398,"height":124.80001831054688,"rotation":0,"scale":{"x":1,"y":1},"skew":{"x":0,"y":0},"anchor":{"x":0,"y":0}},"id":"b4879aec-17d5-4e1f-8bf0-4a5f987feb9d","seed":1477543949,"pointerId":"you_65900","parentId":"Top","idx":1},{"type":"fancyText","content":"injection","fitText":true,"fontFamily":"abel","fontSize":89,"fontStyle":"normal","fontVariant":"normal","fontWeight":400,"letterSpacing":0.09,"lineHeight":0.98,"searchTerm":"","textAlign":"center","textDecoration":"none","textTransform":"none","whiteSpace":"pre-wrap","wordSpacing":0.17,"blend":"normal","exportable":true,"findable":true,"fill":{"method":"fill","blend":"normal","enabled":true,"opacity":1,"type":"color","color":"#000000"},"filter":{"enabled":true,"opened":true,"stack":[]},"stroke":{"method":"stroke","blend":"normal","enabled":true,"opacity":1,"type":"gradient","gradient":{"type":"linearGradient","noise":0,"spreadMethod":"pad","stops":[{"color":"#e43a15","offset":0},{"color":"#e65245","offset":1}],"x1":0.5,"y1":1,"x2":0.5,"y2":0},"alignment":0.5,"lineCap":"round","lineDash":"none","lineDashOffset":0,"lineJoin":"miter","lineWidth":1.5,"lineWidthVariance":0,"miterLimit":4,"color":"black"},"bbox":{"x":945.5983997269351,"y":34.79998016357422,"width":495.3333333333333,"height":100,"rotation":0,"scale":{"x":1,"y":1},"skew":{"x":0,"y":0},"anchor":{"x":0,"y":0}},"id":"b3303514-8bb5-42f5-86bc-08a6f7714f5b","seed":1012635936,"pointerId":"you_65965","parentId":"Top","idx":2},{"type":"fancyText","content":"@component\n@Autowired","fitText":true,"fontFamily":"abel","fontSize":47,"fontStyle":"normal","fontVariant":"normal","fontWeight":400,"letterSpacing":0.09,"lineHeight":0.98,"searchTerm":"","textAlign":"center","textDecoration":"none","textTransform":"none","whiteSpace":"pre-wrap","wordSpacing":0.17,"blend":"normal","exportable":true,"findable":true,"fill":{"method":"fill","blend":"normal","enabled":true,"opacity":1,"type":"color","color":"#000000"},"filter":{"enabled":true,"opened":true,"stack":[]},"stroke":{"method":"stroke","blend":"normal","enabled":true,"opacity":1,"type":"gradient","gradient":{"type":"linearGradient","noise":0,"spreadMethod":"pad","stops":[{"color":"#e43a15","offset":0},{"color":"#e65245","offset":1}],"x1":0.5,"y1":1,"x2":0.5,"y2":0},"alignment":0.5,"lineCap":"round","lineDash":"none","lineDashOffset":0,"lineJoin":"miter","lineWidth":1.5,"lineWidthVariance":0,"miterLimit":4,"color":"black"},"bbox":{"x":21.400009155273438,"y":362.9999999999,"width":495.3333333333333,"height":100,"rotation":0,"scale":{"x":1,"y":1},"skew":{"x":0,"y":0},"anchor":{"x":0,"y":0}},"id":"aea134f6-51ec-4473-a513-d6b1fe065397","seed":1329530837,"pointerId":"you_65974","parentId":"Top","idx":3},{"type":"fancyText","content":"Bean  -> create the obj \n  AutoWiring -> assign the obj \ndependency injection -> do the auto wiring from the app \nioc container -> the pool of the Beans in spring framework \nApplication context -> how to get to the container and get the specific Bean","fitText":true,"fontFamily":"abel","fontSize":33.875,"fontStyle":"normal","fontVariant":"normal","fontWeight":400,"letterSpacing":0.09,"lineHeight":0.98,"searchTerm":"","textAlign":"center","textDecoration":"none","textTransform":"none","whiteSpace":"pre-wrap","wordSpacing":0.17,"blend":"normal","exportable":true,"findable":true,"fill":{"method":"fill","blend":"normal","enabled":true,"opacity":1,"type":"color","color":"#000000"},"filter":{"enabled":true,"opened":true,"stack":[]},"stroke":{"method":"stroke","blend":"normal","enabled":true,"opacity":1,"type":"gradient","gradient":{"type":"linearGradient","noise":0,"spreadMethod":"pad","stops":[{"color":"#e43a15","offset":0},{"color":"#e65245","offset":1}],"x1":0.5,"y1":1,"x2":0.5,"y2":0},"alignment":0.5,"lineCap":"round","lineDash":"none","lineDashOffset":0,"lineJoin":"miter","lineWidth":1.5,"lineWidthVariance":0,"miterLimit":4,"color":"black"},"bbox":{"x":491.74739572181517,"y":226.19840583045072,"width":1013.9887866868314,"height":204.3872779994897,"rotation":0,"scale":{"x":1,"y":1},"skew":{"x":0,"y":0},"anchor":{"x":0,"y":0}},"id":"977cb84d-f979-4300-a8d3-2f1d2811b2e5","seed":67818438,"pointerId":"you_66031","parentId":"Top","idx":4},{"type":"pen","iteration":1163,"pathSpacing":{"clamp":{"min":5},"compatOverlapSegments":false,"enabled":true,"type":1},"blend":"normal","seed":20527998,"exportable":true,"findable":true,"fill":{"method":"fill","blend":"normal","enabled":false,"opacity":0,"type":"color","color":"black"},"filter":{"enabled":true,"opened":true,"stack":[]},"stroke":{"method":"stroke","blend":"normal","enabled":true,"opacity":1,"type":"color","color":"#000000","alignment":0.5,"lineCap":"round","lineDash":"none","lineDashOffset":0,"lineJoin":"miter","lineWidth":5.005,"lineWidthVariance":4.995,"miterLimit":4,"gradient":{"type":"linearGradient","noise":0,"spreadMethod":"pad","stops":[{"color":"#e43a15","offset":0},{"color":"#e65245","offset":1}],"x1":0,"y1":0.5,"x2":1,"y2":0.5}},"bbox":{"x":749.999193,"y":479.8673028,"width":170.99999990636687,"height":123.12710634097878,"rotation":0,"scale":{"x":1,"y":1},"skew":{"x":0,"y":0},"anchor":{"x":0,"y":0}},"id":"19189c6b-7126-4fce-8c4e-1aeb6e04f11c","pointerId":"you_66184","path":[{"x":0,"y":10.13,"cmd":"M"},{"x":0,"y":15.13,"cmd":"L"},{"x":0,"y":27.13,"cmd":"L"},{"x":0,"y":41.13,"cmd":"L"},{"x":0,"y":68.13,"cmd":"L"},{"x":0,"y":89.13,"cmd":"L"},{"x":0,"y":99.13,"cmd":"L"},{"x":0,"y":102.13,"cmd":"L"},{"x":0,"y":105.13,"cmd":"L"},{"x":0,"y":107.13,"cmd":"L"},{"x":0,"y":109.13,"cmd":"L"},{"x":0,"y":110.13,"cmd":"L"},{"x":1.6,"y":111.33,"cmd":"L"},{"x":24.01,"y":112.92,"cmd":"L"},{"x":42,"y":113.1,"cmd":"L"},{"x":66,"y":113.13,"cmd":"L"},{"x":106,"y":112.2,"cmd":"L"},{"x":124,"y":112.14,"cmd":"L"},{"x":144,"y":112.14,"cmd":"L"},{"x":148,"y":112.13,"cmd":"L"},{"x":149.32,"y":111.48,"cmd":"L"},{"x":151.06,"y":109.42,"cmd":"L"},{"x":153.71,"y":103.84,"cmd":"L"},{"x":156.25,"y":94.04,"cmd":"L"},{"x":157.69,"y":80.12,"cmd":"L"},{"x":158.51,"y":75.09,"cmd":"L"},{"x":159.77,"y":59.13,"cmd":"L"},{"x":159.96,"y":43.13,"cmd":"L"},{"x":160.78,"y":32.13,"cmd":"L"},{"x":160.96,"y":20.13,"cmd":"L"},{"x":160.99,"y":14.13,"cmd":"L"},{"x":161,"y":8.13,"cmd":"L"},{"x":161,"y":4.13,"cmd":"L"},{"x":161,"y":3.13,"cmd":"L"},{"x":161,"y":2.13,"cmd":"L"},{"x":161,"y":0.13,"cmd":"L"},{"x":160.66,"y":-0.37,"cmd":"L"},{"x":155.99,"y":-0.06,"cmd":"L"},{"x":145.91,"y":2.42,"cmd":"L"},{"x":120.97,"y":5.74,"cmd":"L"},{"x":103.99,"y":6.93,"cmd":"L"},{"x":91,"y":7.1,"cmd":"L"},{"x":71,"y":8,"cmd":"L"},{"x":68,"y":8.07,"cmd":"L"},{"x":57.99,"y":8.89,"cmd":"L"},{"x":46,"y":9.09,"cmd":"L"},{"x":38,"y":9.12,"cmd":"L"},{"x":32,"y":9.13,"cmd":"L"},{"x":29,"y":9.13,"cmd":"L"},{"x":27,"y":9.13,"cmd":"L"},{"x":26,"y":9.13,"cmd":"L"},{"x":24,"y":9.13,"cmd":"L"},{"x":22,"y":9.13,"cmd":"L"},{"x":19,"y":9.13,"cmd":"L"},{"x":14.97,"y":9.71,"cmd":"L"},{"x":12.99,"y":9.88,"cmd":"L"},{"x":11.99,"y":9.94,"cmd":"L"},{"x":11,"y":9.99,"cmd":"L"},{"x":7,"y":10.07,"cmd":"L"},{"x":6,"y":10.09,"cmd":"L"},{"x":2.96,"y":10.62,"cmd":"L"},{"x":1.97,"y":10.75,"cmd":"L"},{"x":1.72,"y":10.87,"cmd":"L"}],"parentId":"Top","idx":5},{"type":"pen","iteration":1206,"pathSpacing":{"clamp":{"min":5},"compatOverlapSegments":false,"enabled":true,"type":1},"blend":"normal","seed":1713966594,"exportable":true,"findable":true,"fill":{"method":"fill","blend":"normal","enabled":false,"opacity":0,"type":"color","color":"black"},"filter":{"enabled":true,"opened":true,"stack":[]},"stroke":{"method":"stroke","blend":"normal","enabled":true,"opacity":1,"type":"color","color":"#000000","alignment":0.5,"lineCap":"round","lineDash":"none","lineDashOffset":0,"lineJoin":"miter","lineWidth":5.005,"lineWidthVariance":4.995,"miterLimit":4,"gradient":{"type":"linearGradient","noise":0,"spreadMethod":"pad","stops":[{"color":"#e43a15","offset":0},{"color":"#e65245","offset":1}],"x1":0,"y1":0.5,"x2":1,"y2":0.5}},"bbox":{"x":881.8676871,"y":505.052383,"width":27.23462119122181,"height":28.269487883897053,"rotation":0,"scale":{"x":1,"y":1},"skew":{"x":0,"y":0},"anchor":{"x":0,"y":0}},"id":"cbd7bf84-1865-4d61-ab51-317302ffc449","pointerId":"you_66185","path":[{"x":0,"y":5.95,"cmd":"M"},{"x":0,"y":7.95,"cmd":"L"},{"x":0,"y":10.95,"cmd":"L"},{"x":0,"y":11.95,"cmd":"L"},{"x":0,"y":13.95,"cmd":"L"},{"x":0.41,"y":16.01,"cmd":"L"},{"x":2.47,"y":17.33,"cmd":"L"},{"x":7.07,"y":18.32,"cmd":"L"},{"x":10.01,"y":18.14,"cmd":"L"},{"x":14.59,"y":14.74,"cmd":"L"},{"x":15.04,"y":14.22,"cmd":"L"},{"x":16.29,"y":12.42,"cmd":"L"},{"x":17.1,"y":9.81,"cmd":"L"},{"x":17.55,"y":6.92,"cmd":"L"},{"x":16.03,"y":2.77,"cmd":"L"},{"x":13.39,"y":0.76,"cmd":"L"},{"x":12.65,"y":0.37,"cmd":"L"},{"x":11.8,"y":0.04,"cmd":"L"},{"x":9.93,"y":-0.39,"cmd":"L"},{"x":8.99,"y":-0.31,"cmd":"L"},{"x":7.86,"y":0.05,"cmd":"L"},{"x":7.5,"y":0.29,"cmd":"L"}],"parentId":"Top","idx":6},{"type":"pen","iteration":1215,"pathSpacing":{"clamp":{"min":5},"compatOverlapSegments":false,"enabled":true,"type":1},"blend":"normal","seed":679129730,"exportable":true,"findable":true,"fill":{"method":"fill","blend":"normal","enabled":false,"opacity":0,"type":"color","color":"black"},"filter":{"enabled":true,"opened":true,"stack":[]},"stroke":{"method":"stroke","blend":"normal","enabled":true,"opacity":1,"type":"color","color":"#000000","alignment":0.5,"lineCap":"round","lineDash":"none","lineDashOffset":0,"lineJoin":"miter","lineWidth":5.005,"lineWidthVariance":4.995,"miterLimit":4,"gradient":{"type":"linearGradient","noise":0,"spreadMethod":"pad","stops":[{"color":"#e43a15","offset":0},{"color":"#e65245","offset":1}],"x1":0,"y1":0.5,"x2":1,"y2":0.5}},"bbox":{"x":842.8713295,"y":513.9974446,"width":22.525909467630235,"height":20.732588716439622,"rotation":0,"scale":{"x":1,"y":1},"skew":{"x":0,"y":0},"anchor":{"x":0,"y":0}},"id":"a6114680-f72c-4d48-a923-2cf3767a3721","pointerId":"you_66186","path":[{"x":5.13,"y":0,"cmd":"M"},{"x":5.13,"y":0,"cmd":"L"},{"x":4.63,"y":0.34,"cmd":"L"},{"x":3.55,"y":2.35,"cmd":"L"},{"x":1.69,"y":5.43,"cmd":"L"},{"x":0.94,"y":8.11,"cmd":"L"},{"x":0.62,"y":10.04,"cmd":"L"},{"x":0.77,"y":10.33,"cmd":"L"},{"x":3.27,"y":11.11,"cmd":"L"},{"x":8.47,"y":8.39,"cmd":"L"},{"x":10.71,"y":6.76,"cmd":"L"},{"x":12.38,"y":4.44,"cmd":"L"},{"x":13.34,"y":0.89,"cmd":"L"},{"x":13.34,"y":0.89,"cmd":"L"},{"x":12.36,"y":0.01,"cmd":"L"},{"x":8.99,"y":-1.08,"cmd":"L"},{"x":5,"y":0.13,"cmd":"L"},{"x":0.9,"y":1.84,"cmd":"L"},{"x":0,"y":2.12,"cmd":"L"}],"parentId":"Top","idx":7},{"type":"pen","iteration":1223,"pathSpacing":{"clamp":{"min":5},"compatOverlapSegments":false,"enabled":true,"type":1},"blend":"normal","seed":1154687414,"exportable":true,"findable":true,"fill":{"method":"fill","blend":"normal","enabled":false,"opacity":0,"type":"color","color":"black"},"filter":{"enabled":true,"opened":true,"stack":[]},"stroke":{"method":"stroke","blend":"normal","enabled":true,"opacity":1,"type":"color","color":"#000000","alignment":0.5,"lineCap":"round","lineDash":"none","lineDashOffset":0,"lineJoin":"miter","lineWidth":5.005,"lineWidthVariance":4.995,"miterLimit":4,"gradient":{"type":"linearGradient","noise":0,"spreadMethod":"pad","stops":[{"color":"#e43a15","offset":0},{"color":"#e65245","offset":1}],"x1":0,"y1":0.5,"x2":1,"y2":0.5}},"bbox":{"x":790.128701,"y":525.0019409,"width":20.821374680967764,"height":27.32958251597201,"rotation":0,"scale":{"x":1,"y":1},"skew":{"x":0,"y":0},"anchor":{"x":0,"y":0}},"id":"fbacc0a8-5f7c-4cb1-9127-97d41698dae7","pointerId":"you_66187","path":[{"x":2.87,"y":0,"cmd":"M"},{"x":2.82,"y":0.15,"cmd":"L"},{"x":1.06,"y":4.24,"cmd":"L"},{"x":0.23,"y":11.02,"cmd":"L"},{"x":0.09,"y":13.01,"cmd":"L"},{"x":-0.02,"y":16,"cmd":"L"},{"x":0.22,"y":17.07,"cmd":"L"},{"x":0.86,"y":17.78,"cmd":"L"},{"x":3.9,"y":17.38,"cmd":"L"},{"x":7.09,"y":16.11,"cmd":"L"},{"x":10.2,"y":11.49,"cmd":"L"},{"x":10.82,"y":9.81,"cmd":"L"}],"parentId":"Top","idx":8},{"type":"pen","iteration":1230,"pathSpacing":{"clamp":{"min":5},"compatOverlapSegments":false,"enabled":true,"type":1},"blend":"normal","seed":2012119339,"exportable":true,"findable":true,"fill":{"method":"fill","blend":"normal","enabled":false,"opacity":0,"type":"color","color":"black"},"filter":{"enabled":true,"opened":true,"stack":[]},"stroke":{"method":"stroke","blend":"normal","enabled":true,"opacity":1,"type":"color","color":"#000000","alignment":0.5,"lineCap":"round","lineDash":"none","lineDashOffset":0,"lineJoin":"miter","lineWidth":5.005,"lineWidthVariance":4.995,"miterLimit":4,"gradient":{"type":"linearGradient","noise":0,"spreadMethod":"pad","stops":[{"color":"#e43a15","offset":0},{"color":"#e65245","offset":1}],"x1":0,"y1":0.5,"x2":1,"y2":0.5}},"bbox":{"x":810.0009967,"y":552.511907,"width":36.44714539419557,"height":32.42297950421165,"rotation":0,"scale":{"x":1,"y":1},"skew":{"x":0,"y":0},"anchor":{"x":0,"y":0}},"id":"7997efd3-e78d-4d95-b540-b1bf9be28437","pointerId":"you_66188","path":[{"x":0,"y":3.49,"cmd":"M"},{"x":0,"y":3.49,"cmd":"L"},{"x":0.34,"y":3.99,"cmd":"L"},{"x":2.1,"y":9.62,"cmd":"L"},{"x":4.07,"y":15.64,"cmd":"L"},{"x":7.25,"y":20.05,"cmd":"L"},{"x":8.79,"y":21.46,"cmd":"L"},{"x":11.2,"y":22.4,"cmd":"L"},{"x":15.04,"y":23.01,"cmd":"L"},{"x":20.26,"y":20.7,"cmd":"L"},{"x":24.79,"y":16.52,"cmd":"L"},{"x":25.8,"y":14.24,"cmd":"L"},{"x":26.47,"y":10.44,"cmd":"L"},{"x":25.01,"y":6.31,"cmd":"L"},{"x":21.15,"y":2.58,"cmd":"L"},{"x":20.14,"y":1.59,"cmd":"L"},{"x":15.88,"y":0.33,"cmd":"L"},{"x":13.96,"y":0,"cmd":"L"}],"parentId":"Top","idx":9},{"type":"pen","iteration":1241,"pathSpacing":{"clamp":{"min":5},"compatOverlapSegments":false,"enabled":true,"type":1},"blend":"normal","seed":739535458,"exportable":true,"findable":true,"fill":{"method":"fill","blend":"normal","enabled":false,"opacity":0,"type":"color","color":"black"},"filter":{"enabled":true,"opened":true,"stack":[]},"stroke":{"method":"stroke","blend":"normal","enabled":true,"opacity":1,"type":"color","color":"#000000","alignment":0.5,"lineCap":"round","lineDash":"none","lineDashOffset":0,"lineJoin":"miter","lineWidth":5.005,"lineWidthVariance":4.995,"miterLimit":4,"gradient":{"type":"linearGradient","noise":0,"spreadMethod":"pad","stops":[{"color":"#e43a15","offset":0},{"color":"#e65245","offset":1}],"x1":0,"y1":0.5,"x2":1,"y2":0.5}},"bbox":{"x":854.0014013,"y":537.0629894,"width":35.09597887125281,"height":36.30871894063647,"rotation":0,"scale":{"x":1,"y":1},"skew":{"x":0,"y":0},"anchor":{"x":0,"y":0}},"id":"0e57bff9-6912-4d34-8315-06fbcb52ab80","pointerId":"you_66189","path":[{"x":0,"y":18.93,"cmd":"M"},{"x":0.34,"y":19.44,"cmd":"L"},{"x":1.18,"y":20.55,"cmd":"L"},{"x":2.08,"y":21.63,"cmd":"L"},{"x":2.78,"y":23.19,"cmd":"L"},{"x":4.04,"y":24.66,"cmd":"L"},{"x":6.5,"y":26.28,"cmd":"L"},{"x":8.18,"y":26.9,"cmd":"L"},{"x":12.03,"y":26.36,"cmd":"L"},{"x":20.41,"y":21.45,"cmd":"L"},{"x":24.87,"y":17.04,"cmd":"L"},{"x":26.01,"y":13.77,"cmd":"L"},{"x":24.21,"y":9.68,"cmd":"L"},{"x":20.67,"y":4.42,"cmd":"L"},{"x":20.3,"y":3.64,"cmd":"L"},{"x":17.24,"y":0.93,"cmd":"L"},{"x":14.8,"y":0,"cmd":"L"}],"parentId":"Top","idx":10},{"type":"pen","iteration":1251,"pathSpacing":{"clamp":{"min":5},"compatOverlapSegments":false,"enabled":true,"type":1},"blend":"normal","seed":1714160643,"exportable":true,"findable":true,"fill":{"method":"fill","blend":"normal","enabled":false,"opacity":0,"type":"color","color":"black"},"filter":{"enabled":true,"opened":true,"stack":[]},"stroke":{"method":"stroke","blend":"normal","enabled":true,"opacity":1,"type":"color","color":"#000000","alignment":0.5,"lineCap":"round","lineDash":"none","lineDashOffset":0,"lineJoin":"miter","lineWidth":5.005,"lineWidthVariance":4.995,"miterLimit":4,"gradient":{"type":"linearGradient","noise":0,"spreadMethod":"pad","stops":[{"color":"#e43a15","offset":0},{"color":"#e65245","offset":1}],"x1":0,"y1":0.5,"x2":1,"y2":0.5}},"bbox":{"x":642.0013108,"y":444.9990947,"width":118.48,"height":59.37,"rotation":0,"scale":{"x":1,"y":1},"skew":{"x":0,"y":0},"anchor":{"x":0,"y":0}},"id":"2a90518a-b0a9-4126-b594-6724302fe260","pointerId":"you_66190","path":[{"x":0,"y":0,"cmd":"M"},{"x":5.19,"y":1.95,"cmd":"L"},{"x":21.19,"y":7.95,"cmd":"L"},{"x":48.19,"y":17.96,"cmd":"L"},{"x":102.29,"y":43.71,"cmd":"L"},{"x":107.82,"y":48.94,"cmd":"L"},{"x":108.48,"y":49.37,"cmd":"L"}],"parentId":"Top","idx":11},{"type":"pen","iteration":1258,"pathSpacing":{"clamp":{"min":5},"compatOverlapSegments":false,"enabled":true,"type":1},"blend":"normal","seed":1916887910,"exportable":true,"findable":true,"fill":{"method":"fill","blend":"normal","enabled":false,"opacity":0,"type":"color","color":"black"},"filter":{"enabled":true,"opened":true,"stack":[]},"stroke":{"method":"stroke","blend":"normal","enabled":true,"opacity":1,"type":"color","color":"#000000","alignment":0.5,"lineCap":"round","lineDash":"none","lineDashOffset":0,"lineJoin":"miter","lineWidth":5.005,"lineWidthVariance":4.995,"miterLimit":4,"gradient":{"type":"linearGradient","noise":0,"spreadMethod":"pad","stops":[{"color":"#e43a15","offset":0},{"color":"#e65245","offset":1}],"x1":0,"y1":0.5,"x2":1,"y2":0.5}},"bbox":{"x":795.2617216,"y":500.3594978,"width":25.81443128466187,"height":26.383515238829418,"rotation":0,"scale":{"x":1,"y":1},"skew":{"x":0,"y":0},"anchor":{"x":0,"y":0}},"id":"70bbdb94-caac-47ef-899d-1610459adeaa","pointerId":"you_66191","path":[{"x":4.74,"y":11.64,"cmd":"M"},{"x":4.74,"y":11.64,"cmd":"L"},{"x":4.74,"y":11.64,"cmd":"L"},{"x":4.08,"y":12.96,"cmd":"L"},{"x":3.56,"y":14.76,"cmd":"L"},{"x":3.36,"y":15.71,"cmd":"L"},{"x":3.75,"y":16.81,"cmd":"L"},{"x":7.78,"y":16.14,"cmd":"L"},{"x":12.22,"y":13.27,"cmd":"L"},{"x":15.82,"y":8.95,"cmd":"L"},{"x":15.76,"y":2.64,"cmd":"L"},{"x":15.71,"y":2.48,"cmd":"L"},{"x":10.44,"y":-0.06,"cmd":"L"},{"x":2.7,"y":1.17,"cmd":"L"},{"x":2.42,"y":1.31,"cmd":"L"},{"x":0.42,"y":2.3,"cmd":"L"},{"x":0,"y":2.67,"cmd":"L"}],"parentId":"Top","idx":12},{"type":"pen","iteration":1266,"pathSpacing":{"clamp":{"min":5},"compatOverlapSegments":false,"enabled":true,"type":1},"blend":"normal","seed":1179488374,"exportable":true,"findable":true,"fill":{"method":"fill","blend":"normal","enabled":false,"opacity":0,"type":"color","color":"black"},"filter":{"enabled":true,"opened":true,"stack":[]},"stroke":{"method":"stroke","blend":"normal","enabled":true,"opacity":1,"type":"color","color":"#000000","alignment":0.5,"lineCap":"round","lineDash":"none","lineDashOffset":0,"lineJoin":"miter","lineWidth":5.005,"lineWidthVariance":4.995,"miterLimit":4,"gradient":{"type":"linearGradient","noise":0,"spreadMethod":"pad","stops":[{"color":"#e43a15","offset":0},{"color":"#e65245","offset":1}],"x1":0,"y1":0.5,"x2":1,"y2":0.5}},"bbox":{"x":752.001478,"y":546.9993483,"width":30.229487698843638,"height":37.72505430843057,"rotation":0,"scale":{"x":1,"y":1},"skew":{"x":0,"y":0},"anchor":{"x":0,"y":0}},"id":"c51f281b-9901-49fe-9fe6-1c113ed6af12","pointerId":"you_66192","path":[{"x":0,"y":0,"cmd":"M"},{"x":0,"y":0,"cmd":"L"},{"x":0,"y":2,"cmd":"L"},{"x":0,"y":7,"cmd":"L"},{"x":0.73,"y":15.01,"cmd":"L"},{"x":1.46,"y":19.05,"cmd":"L"},{"x":4.64,"y":25.32,"cmd":"L"},{"x":5.38,"y":26.47,"cmd":"L"},{"x":6.54,"y":27.28,"cmd":"L"},{"x":10.02,"y":27.67,"cmd":"L"},{"x":14.2,"y":26.07,"cmd":"L"},{"x":16.94,"y":23.18,"cmd":"L"},{"x":18.23,"y":21.42,"cmd":"L"},{"x":19.95,"y":16.81,"cmd":"L"},{"x":20.54,"y":12.96,"cmd":"L"},{"x":20.23,"y":8.99,"cmd":"L"},{"x":19.23,"y":6.74,"cmd":"L"},{"x":16.02,"y":3.22,"cmd":"L"},{"x":15.42,"y":2.78,"cmd":"L"},{"x":10.92,"y":1.7,"cmd":"L"},{"x":8.97,"y":1.42,"cmd":"L"},{"x":7.98,"y":1.32,"cmd":"L"}],"parentId":"Top","idx":13},{"type":"pen","iteration":1277,"pathSpacing":{"clamp":{"min":5},"compatOverlapSegments":false,"enabled":true,"type":1},"blend":"normal","seed":918143065,"exportable":true,"findable":true,"fill":{"method":"fill","blend":"normal","enabled":false,"opacity":0,"type":"color","color":"black"},"filter":{"enabled":true,"opened":true,"stack":[]},"stroke":{"method":"stroke","blend":"normal","enabled":true,"opacity":1,"type":"color","color":"#000000","alignment":0.5,"lineCap":"round","lineDash":"none","lineDashOffset":0,"lineJoin":"miter","lineWidth":5.005,"lineWidthVariance":4.995,"miterLimit":4,"gradient":{"type":"linearGradient","noise":0,"spreadMethod":"pad","stops":[{"color":"#e43a15","offset":0},{"color":"#e65245","offset":1}],"x1":0,"y1":0.5,"x2":1,"y2":0.5}},"bbox":{"x":799.8962282,"y":565.9684729,"width":25.78223668587713,"height":36.63282603115334,"rotation":0,"scale":{"x":1,"y":1},"skew":{"x":0,"y":0},"anchor":{"x":0,"y":0}},"id":"2f3104a5-2532-4a20-9e58-98b40095a87b","pointerId":"you_66193","path":[{"x":0.1,"y":1.03,"cmd":"M"},{"x":0.1,"y":1.03,"cmd":"L"},{"x":-0.4,"y":4.07,"cmd":"L"},{"x":0,"y":16.03,"cmd":"L"},{"x":0.77,"y":23.05,"cmd":"L"},{"x":1.59,"y":24.44,"cmd":"L"},{"x":2.38,"y":25.58,"cmd":"L"},{"x":3.6,"y":26.38,"cmd":"L"},{"x":9.56,"y":22.63,"cmd":"L"},{"x":13.48,"y":16.55,"cmd":"L"},{"x":15.93,"y":10.79,"cmd":"L"},{"x":16.59,"y":6.99,"cmd":"L"},{"x":15.55,"y":0,"cmd":"L"}],"parentId":"Top","idx":14},{"type":"pen","iteration":1285,"pathSpacing":{"clamp":{"min":5},"compatOverlapSegments":false,"enabled":true,"type":1},"blend":"normal","seed":102021739,"exportable":true,"findable":true,"fill":{"method":"fill","blend":"normal","enabled":false,"opacity":0,"type":"color","color":"black"},"filter":{"enabled":true,"opened":true,"stack":[]},"stroke":{"method":"stroke","blend":"normal","enabled":true,"opacity":1,"type":"color","color":"#000000","alignment":0.5,"lineCap":"round","lineDash":"none","lineDashOffset":0,"lineJoin":"miter","lineWidth":5.005,"lineWidthVariance":4.995,"miterLimit":4,"gradient":{"type":"linearGradient","noise":0,"spreadMethod":"pad","stops":[{"color":"#e43a15","offset":0},{"color":"#e65245","offset":1}],"x1":0,"y1":0.5,"x2":1,"y2":0.5}},"bbox":{"x":783.8307875,"y":552.9994744,"width":27.17,"height":16.009999999999998,"rotation":0,"scale":{"x":1,"y":1},"skew":{"x":0,"y":0},"anchor":{"x":0,"y":0}},"id":"2dd9351c-2d65-4740-8227-1380d35416a3","pointerId":"you_66194","path":[{"x":17.17,"y":0,"cmd":"M"},{"x":0,"y":6.01,"cmd":"L"}],"parentId":"Top","idx":15},{"type":"pen","iteration":1285,"pathSpacing":{"clamp":{"min":5},"compatOverlapSegments":false,"enabled":true,"type":1},"blend":"normal","seed":1659708462,"exportable":true,"findable":true,"fill":{"method":"fill","blend":"normal","enabled":false,"opacity":0,"type":"color","color":"black"},"filter":{"enabled":true,"opened":true,"stack":[]},"stroke":{"method":"stroke","blend":"normal","enabled":true,"opacity":1,"type":"color","color":"#000000","alignment":0.5,"lineCap":"round","lineDash":"none","lineDashOffset":0,"lineJoin":"miter","lineWidth":5.005,"lineWidthVariance":4.995,"miterLimit":4,"gradient":{"type":"linearGradient","noise":0,"spreadMethod":"pad","stops":[{"color":"#e43a15","offset":0},{"color":"#e65245","offset":1}],"x1":0,"y1":0.5,"x2":1,"y2":0.5}},"bbox":{"x":811.0012253,"y":487.4885663,"width":23.32,"height":26.51,"rotation":0,"scale":{"x":1,"y":1},"skew":{"x":0,"y":0},"anchor":{"x":0,"y":0}},"id":"4f1c504d-42e5-4784-85b1-e1b6d1f84303","pointerId":"you_66195","path":[{"x":0,"y":16.51,"cmd":"M"},{"x":0,"y":16.51,"cmd":"L"},{"x":0,"y":16.51,"cmd":"L"},{"x":0,"y":16.51,"cmd":"L"},{"x":0,"y":16.51,"cmd":"L"},{"x":0,"y":16.51,"cmd":"L"},{"x":0,"y":16.51,"cmd":"L"},{"x":1.46,"y":14.09,"cmd":"L"},{"x":5.23,"y":8.93,"cmd":"L"},{"x":8.02,"y":5.76,"cmd":"L"},{"x":9.95,"y":3.7,"cmd":"L"},{"x":11.64,"y":2.37,"cmd":"L"},{"x":12.09,"y":1.83,"cmd":"L"},{"x":13.32,"y":0,"cmd":"L"}],"parentId":"Top","idx":16},{"type":"pen","iteration":1290,"pathSpacing":{"clamp":{"min":5},"compatOverlapSegments":false,"enabled":true,"type":1},"blend":"normal","seed":2005286143,"exportable":true,"findable":true,"fill":{"method":"fill","blend":"normal","enabled":false,"opacity":0,"type":"color","color":"black"},"filter":{"enabled":true,"opened":true,"stack":[]},"stroke":{"method":"stroke","blend":"normal","enabled":true,"opacity":1,"type":"color","color":"#000000","alignment":0.5,"lineCap":"round","lineDash":"none","lineDashOffset":0,"lineJoin":"miter","lineWidth":5.005,"lineWidthVariance":4.995,"miterLimit":4,"gradient":{"type":"linearGradient","noise":0,"spreadMethod":"pad","stops":[{"color":"#e43a15","offset":0},{"color":"#e65245","offset":1}],"x1":0,"y1":0.5,"x2":1,"y2":0.5}},"bbox":{"x":858.9992296,"y":500.5496302,"width":22.42,"height":31.45,"rotation":0,"scale":{"x":1,"y":1},"skew":{"x":0,"y":0},"anchor":{"x":0,"y":0}},"id":"bf17e42e-9d0c-4dc7-b394-5c2aaf746a9e","pointerId":"you_66196","path":[{"x":0,"y":21.45,"cmd":"M"},{"x":0,"y":21.45,"cmd":"L"},{"x":0,"y":21.45,"cmd":"L"},{"x":0.51,"y":18.41,"cmd":"L"},{"x":1.99,"y":14.27,"cmd":"L"},{"x":8.32,"y":4.93,"cmd":"L"},{"x":9.17,"y":3.83,"cmd":"L"},{"x":12,"y":0.68,"cmd":"L"},{"x":12.42,"y":0,"cmd":"L"}],"parentId":"Top","idx":17},{"type":"pen","iteration":1305,"pathSpacing":{"clamp":{"min":5},"compatOverlapSegments":false,"enabled":true,"type":1},"blend":"normal","seed":1840647954,"exportable":true,"findable":true,"fill":{"method":"fill","blend":"normal","enabled":false,"opacity":0,"type":"color","color":"black"},"filter":{"enabled":true,"opened":true,"stack":[]},"stroke":{"method":"stroke","blend":"normal","enabled":true,"opacity":1,"type":"color","color":"#000000","alignment":0.5,"lineCap":"round","lineDash":"none","lineDashOffset":0,"lineJoin":"miter","lineWidth":5.005,"lineWidthVariance":4.995,"miterLimit":4,"gradient":{"type":"linearGradient","noise":0,"spreadMethod":"pad","stops":[{"color":"#e43a15","offset":0},{"color":"#e65245","offset":1}],"x1":0,"y1":0.5,"x2":1,"y2":0.5}},"bbox":{"x":813.998547,"y":545.8781022,"width":16.15,"height":24.119999999999997,"rotation":0,"scale":{"x":1,"y":1},"skew":{"x":0,"y":0},"anchor":{"x":0,"y":0}},"id":"9ea610e1-4072-4b22-98ea-d867cf56bc8c","pointerId":"you_66199","path":[{"x":0,"y":14.12,"cmd":"M"},{"x":1.46,"y":11.7,"cmd":"L"},{"x":4.71,"y":4.83,"cmd":"L"},{"x":6.15,"y":0,"cmd":"L"}],"parentId":"Top","idx":18},{"type":"pen","iteration":1309,"pathSpacing":{"clamp":{"min":5},"compatOverlapSegments":false,"enabled":true,"type":1},"blend":"normal","seed":850656005,"exportable":true,"findable":true,"fill":{"method":"fill","blend":"normal","enabled":false,"opacity":0,"type":"color","color":"black"},"filter":{"enabled":true,"opened":true,"stack":[]},"stroke":{"method":"stroke","blend":"normal","enabled":true,"opacity":1,"type":"color","color":"#000000","alignment":0.5,"lineCap":"round","lineDash":"none","lineDashOffset":0,"lineJoin":"miter","lineWidth":5.005,"lineWidthVariance":4.995,"miterLimit":4,"gradient":{"type":"linearGradient","noise":0,"spreadMethod":"pad","stops":[{"color":"#e43a15","offset":0},{"color":"#e65245","offset":1}],"x1":0,"y1":0.5,"x2":1,"y2":0.5}},"bbox":{"x":829.0010602,"y":550.0975248,"width":17.561525313496034,"height":17.90359594192357,"rotation":0,"scale":{"x":1,"y":1},"skew":{"x":0,"y":0},"anchor":{"x":0,"y":0}},"id":"428a4cde-7fc2-488e-9f08-2f3c84d61f3f","pointerId":"you_66200","path":[{"x":0,"y":7.9,"cmd":"M"},{"x":0,"y":7.9,"cmd":"L"},{"x":1.6,"y":6.7,"cmd":"L"},{"x":3.97,"y":4.11,"cmd":"L"},{"x":5.93,"y":2.07,"cmd":"L"},{"x":6.91,"y":1.05,"cmd":"L"},{"x":7.34,"y":0.4,"cmd":"L"}],"parentId":"Top","idx":19},{"type":"pen","iteration":1312,"pathSpacing":{"clamp":{"min":5},"compatOverlapSegments":false,"enabled":true,"type":1},"blend":"normal","seed":511687104,"exportable":true,"findable":true,"fill":{"method":"fill","blend":"normal","enabled":false,"opacity":0,"type":"color","color":"black"},"filter":{"enabled":true,"opened":true,"stack":[]},"stroke":{"method":"stroke","blend":"normal","enabled":true,"opacity":1,"type":"color","color":"#000000","alignment":0.5,"lineCap":"round","lineDash":"none","lineDashOffset":0,"lineJoin":"miter","lineWidth":5.005,"lineWidthVariance":4.995,"miterLimit":4,"gradient":{"type":"linearGradient","noise":0,"spreadMethod":"pad","stops":[{"color":"#e43a15","offset":0},{"color":"#e65245","offset":1}],"x1":0,"y1":0.5,"x2":1,"y2":0.5}},"bbox":{"x":889.000491,"y":538.0089272,"width":18.77,"height":19.990000000000002,"rotation":0,"scale":{"x":1,"y":1},"skew":{"x":0,"y":0},"anchor":{"x":0,"y":0}},"id":"775104d9-7b33-44a3-a4c4-959dbcbeb9d9","pointerId":"you_66201","path":[{"x":0,"y":9.99,"cmd":"M"},{"x":0,"y":9.99,"cmd":"L"},{"x":3.08,"y":6.3,"cmd":"L"},{"x":6.15,"y":2.36,"cmd":"L"},{"x":8.77,"y":0,"cmd":"L"}],"parentId":"Top","idx":20},{"type":"pen","iteration":1316,"pathSpacing":{"clamp":{"min":5},"compatOverlapSegments":false,"enabled":true,"type":1},"blend":"normal","seed":824280023,"exportable":true,"findable":true,"fill":{"method":"fill","blend":"normal","enabled":false,"opacity":0,"type":"color","color":"black"},"filter":{"enabled":true,"opened":true,"stack":[]},"stroke":{"method":"stroke","blend":"normal","enabled":true,"opacity":1,"type":"color","color":"#000000","alignment":0.5,"lineCap":"round","lineDash":"none","lineDashOffset":0,"lineJoin":"miter","lineWidth":5.005,"lineWidthVariance":4.995,"miterLimit":4,"gradient":{"type":"linearGradient","noise":0,"spreadMethod":"pad","stops":[{"color":"#e43a15","offset":0},{"color":"#e65245","offset":1}],"x1":0,"y1":0.5,"x2":1,"y2":0.5}},"bbox":{"x":901.3880873,"y":497.000856,"width":11.61,"height":11.18,"rotation":0,"scale":{"x":1,"y":1},"skew":{"x":0,"y":0},"anchor":{"x":0,"y":0}},"id":"38e7b25c-1473-4035-9f0d-991c39fd51bc","pointerId":"you_66202","path":[{"x":1.61,"y":0,"cmd":"M"},{"x":1.61,"y":0,"cmd":"L"},{"x":1.61,"y":0,"cmd":"L"},{"x":1.11,"y":0.34,"cmd":"L"},{"x":0,"y":1.18,"cmd":"L"}],"parentId":"Top","idx":21},{"type":"pen","iteration":1318,"pathSpacing":{"clamp":{"min":5},"compatOverlapSegments":false,"enabled":true,"type":1},"blend":"normal","seed":227281742,"exportable":true,"findable":true,"fill":{"method":"fill","blend":"normal","enabled":false,"opacity":0,"type":"color","color":"black"},"filter":{"enabled":true,"opened":true,"stack":[]},"stroke":{"method":"stroke","blend":"normal","enabled":true,"opacity":1,"type":"color","color":"#000000","alignment":0.5,"lineCap":"round","lineDash":"none","lineDashOffset":0,"lineJoin":"miter","lineWidth":5.005,"lineWidthVariance":4.995,"miterLimit":4,"gradient":{"type":"linearGradient","noise":0,"spreadMethod":"pad","stops":[{"color":"#e43a15","offset":0},{"color":"#e65245","offset":1}],"x1":0,"y1":0.5,"x2":1,"y2":0.5}},"bbox":{"x":899.5304922,"y":495.9996868,"width":13.47,"height":12.39,"rotation":0,"scale":{"x":1,"y":1},"skew":{"x":0,"y":0},"anchor":{"x":0,"y":0}},"id":"e58015ba-2718-48c4-9d0b-b3798464f5a3","pointerId":"you_66203","path":[{"x":3.47,"y":0,"cmd":"M"},{"x":3.47,"y":0,"cmd":"L"},{"x":1.87,"y":1.2,"cmd":"L"},{"x":0,"y":2.39,"cmd":"L"}],"parentId":"Top","idx":22},{"type":"pen","iteration":1320,"pathSpacing":{"clamp":{"min":5},"compatOverlapSegments":false,"enabled":true,"type":1},"blend":"normal","seed":1418542115,"exportable":true,"findable":true,"fill":{"method":"fill","blend":"normal","enabled":false,"opacity":0,"type":"color","color":"black"},"filter":{"enabled":true,"opened":true,"stack":[]},"stroke":{"method":"stroke","blend":"normal","enabled":true,"opacity":1,"type":"color","color":"#000000","alignment":0.5,"lineCap":"round","lineDash":"none","lineDashOffset":0,"lineJoin":"miter","lineWidth":5.005,"lineWidthVariance":4.995,"miterLimit":4,"gradient":{"type":"linearGradient","noise":0,"spreadMethod":"pad","stops":[{"color":"#e43a15","offset":0},{"color":"#e65245","offset":1}],"x1":0,"y1":0.5,"x2":1,"y2":0.5}},"bbox":{"x":899.819144,"y":500.0019127,"width":11.18,"height":11.61,"rotation":0,"scale":{"x":1,"y":1},"skew":{"x":0,"y":0},"anchor":{"x":0,"y":0}},"id":"143eeff8-25b6-482a-88af-7ec23d88aaa1","pointerId":"you_66204","path":[{"x":1.18,"y":0,"cmd":"M"},{"x":1.18,"y":0,"cmd":"L"},{"x":0.85,"y":0.5,"cmd":"L"},{"x":0,"y":1.61,"cmd":"L"}],"parentId":"Top","idx":23},{"type":"pen","iteration":1322,"pathSpacing":{"clamp":{"min":5},"compatOverlapSegments":false,"enabled":true,"type":1},"blend":"normal","seed":1673371670,"exportable":true,"findable":true,"fill":{"method":"fill","blend":"normal","enabled":false,"opacity":0,"type":"color","color":"black"},"filter":{"enabled":true,"opened":true,"stack":[]},"stroke":{"method":"stroke","blend":"normal","enabled":true,"opacity":1,"type":"color","color":"#000000","alignment":0.5,"lineCap":"round","lineDash":"none","lineDashOffset":0,"lineJoin":"miter","lineWidth":5.005,"lineWidthVariance":4.995,"miterLimit":4,"gradient":{"type":"linearGradient","noise":0,"spreadMethod":"pad","stops":[{"color":"#e43a15","offset":0},{"color":"#e65245","offset":1}],"x1":0,"y1":0.5,"x2":1,"y2":0.5}},"bbox":{"x":764.6220584,"y":543.1367348,"width":18.29,"height":16.53,"rotation":0,"scale":{"x":1,"y":1},"skew":{"x":0,"y":0},"anchor":{"x":0,"y":0}},"id":"805f9269-ce81-48db-a55b-6a903c07a98b","pointerId":"you_66205","path":[{"x":8.290000000000001,"y":0,"cmd":"M"},{"x":8.290000000000001,"y":0,"cmd":"L"},{"x":6.970000000000001,"y":0.66,"cmd":"L"},{"x":6.16,"y":1.66,"cmd":"L"},{"x":2.8899999999999997,"y":3.52,"cmd":"L"},{"x":1.4400000000000002,"y":4.92,"cmd":"L"},{"x":0.43,"y":5.9,"cmd":"L"},{"x":0,"y":6.53,"cmd":"L"}],"parentId":"Top","idx":24},{"type":"pen","iteration":1326,"pathSpacing":{"clamp":{"min":5},"compatOverlapSegments":false,"enabled":true,"type":1},"blend":"normal","seed":1885013313,"exportable":true,"findable":true,"fill":{"method":"fill","blend":"normal","enabled":false,"opacity":0,"type":"color","color":"black"},"filter":{"enabled":true,"opened":true,"stack":[]},"stroke":{"method":"stroke","blend":"normal","enabled":true,"opacity":1,"type":"color","color":"#000000","alignment":0.5,"lineCap":"round","lineDash":"none","lineDashOffset":0,"lineJoin":"miter","lineWidth":5.005,"lineWidthVariance":4.995,"miterLimit":4,"gradient":{"type":"linearGradient","noise":0,"spreadMethod":"pad","stops":[{"color":"#e43a15","offset":0},{"color":"#e65245","offset":1}],"x1":0,"y1":0.5,"x2":1,"y2":0.5}},"bbox":{"x":810.7705196,"y":517.999275,"width":18.23,"height":16.58,"rotation":0,"scale":{"x":1,"y":1},"skew":{"x":0,"y":0},"anchor":{"x":0,"y":0}},"id":"4cbe6548-ed8e-4978-aab4-26ec4cd68102","pointerId":"you_66206","path":[{"x":8.23,"y":0,"cmd":"M"},{"x":8.23,"y":0,"cmd":"L"},{"x":8.23,"y":0,"cmd":"L"},{"x":5.8,"y":1.46,"cmd":"L"},{"x":4.67,"y":2.26,"cmd":"L"},{"x":2.52,"y":4.07,"cmd":"L"},{"x":0.44,"y":5.97,"cmd":"L"},{"x":0,"y":6.58,"cmd":"L"}],"parentId":"Top","idx":25},{"type":"pen","iteration":1329,"pathSpacing":{"clamp":{"min":5},"compatOverlapSegments":false,"enabled":true,"type":1},"blend":"normal","seed":1375952816,"exportable":true,"findable":true,"fill":{"method":"fill","blend":"normal","enabled":false,"opacity":0,"type":"color","color":"black"},"filter":{"enabled":true,"opened":true,"stack":[]},"stroke":{"method":"stroke","blend":"normal","enabled":true,"opacity":1,"type":"color","color":"#000000","alignment":0.5,"lineCap":"round","lineDash":"none","lineDashOffset":0,"lineJoin":"miter","lineWidth":5.005,"lineWidthVariance":4.995,"miterLimit":4,"gradient":{"type":"linearGradient","noise":0,"spreadMethod":"pad","stops":[{"color":"#e43a15","offset":0},{"color":"#e65245","offset":1}],"x1":0,"y1":0.5,"x2":1,"y2":0.5}},"bbox":{"x":790.1928635,"y":525.1212024,"width":20.088986763844648,"height":19.50468230912176,"rotation":0,"scale":{"x":1,"y":1},"skew":{"x":0,"y":0},"anchor":{"x":0,"y":0}},"id":"a9f53204-8ac1-4abe-bf82-9790fd545332","pointerId":"you_66207","path":[{"x":2.81,"y":2.88,"cmd":"M"},{"x":2.81,"y":2.88,"cmd":"L"},{"x":2.81,"y":2.88,"cmd":"L"},{"x":2.65,"y":2.83,"cmd":"L"},{"x":1.72,"y":2.6,"cmd":"L"},{"x":1.72,"y":2.6,"cmd":"L"},{"x":1.55,"y":2.67,"cmd":"L"},{"x":0.44,"y":4.36,"cmd":"L"},{"x":0.07,"y":5.16,"cmd":"L"},{"x":0.02,"y":5.88,"cmd":"L"},{"x":0.8,"y":8.05,"cmd":"L"},{"x":1.07,"y":8.43,"cmd":"L"},{"x":3.14,"y":9.5,"cmd":"L"},{"x":4,"y":9.82,"cmd":"L"},{"x":4.91,"y":10.08,"cmd":"L"},{"x":5.87,"y":10.27,"cmd":"L"},{"x":6.98,"y":9.88,"cmd":"L"},{"x":8.44,"y":8.73,"cmd":"L"},{"x":9.68,"y":5.66,"cmd":"L"},{"x":10.12,"y":3.8,"cmd":"L"},{"x":10.39,"y":1.85,"cmd":"L"},{"x":10.49,"y":0.86,"cmd":"L"},{"x":10.48,"y":0.8,"cmd":"L"},{"x":9.46,"y":0.27,"cmd":"L"},{"x":8.61,"y":-0.06,"cmd":"L"},{"x":6.75,"y":0.3,"cmd":"L"},{"x":5.59,"y":0.77,"cmd":"L"},{"x":5.2,"y":1.07,"cmd":"L"}],"parentId":"Top","idx":26},{"type":"pen","iteration":1336,"pathSpacing":{"clamp":{"min":5},"compatOverlapSegments":false,"enabled":true,"type":1},"blend":"normal","seed":1615290698,"exportable":true,"findable":true,"fill":{"method":"fill","blend":"normal","enabled":false,"opacity":0,"type":"color","color":"black"},"filter":{"enabled":true,"opened":true,"stack":[]},"stroke":{"method":"stroke","blend":"normal","enabled":true,"opacity":1,"type":"color","color":"#000000","alignment":0.5,"lineCap":"round","lineDash":"none","lineDashOffset":0,"lineJoin":"miter","lineWidth":5.005,"lineWidthVariance":4.995,"miterLimit":4,"gradient":{"type":"linearGradient","noise":0,"spreadMethod":"pad","stops":[{"color":"#e43a15","offset":0},{"color":"#e65245","offset":1}],"x1":0,"y1":0.5,"x2":1,"y2":0.5}},"bbox":{"x":730.9697177,"y":479.0001554,"width":26.42040095037781,"height":34.56,"rotation":0,"scale":{"x":1,"y":1},"skew":{"x":0,"y":0},"anchor":{"x":0,"y":0}},"id":"f01a6b1c-1974-4fe1-aaa7-60dade1654a1","pointerId":"you_66208","path":[{"x":16.03,"y":0,"cmd":"M"},{"x":16.03,"y":0,"cmd":"L"},{"x":16.03,"y":6,"cmd":"L"},{"x":16.03,"y":7,"cmd":"L"},{"x":16.03,"y":11,"cmd":"L"},{"x":16.03,"y":14,"cmd":"L"},{"x":16.44,"y":16.06,"cmd":"L"},{"x":16.68,"y":18.02,"cmd":"L"},{"x":15.69,"y":19.5,"cmd":"L"},{"x":10.76,"y":21.75,"cmd":"L"},{"x":5.91,"y":23.16,"cmd":"L"},{"x":1.93,"y":24.23,"cmd":"L"},{"x":0.97,"y":24.42,"cmd":"L"},{"x":0,"y":24.56,"cmd":"L"}],"parentId":"Top","idx":27},{"type":"pen","iteration":1344,"pathSpacing":{"clamp":{"min":5},"compatOverlapSegments":false,"enabled":true,"type":1},"blend":"normal","seed":1008325633,"exportable":true,"findable":true,"fill":{"method":"fill","blend":"normal","enabled":false,"opacity":0,"type":"color","color":"black"},"filter":{"enabled":true,"opened":true,"stack":[]},"stroke":{"method":"stroke","blend":"normal","enabled":true,"opacity":1,"type":"color","color":"#000000","alignment":0.5,"lineCap":"round","lineDash":"none","lineDashOffset":0,"lineJoin":"miter","lineWidth":5.005,"lineWidthVariance":4.995,"miterLimit":4,"gradient":{"type":"linearGradient","noise":0,"spreadMethod":"pad","stops":[{"color":"#e43a15","offset":0},{"color":"#e65245","offset":1}],"x1":0,"y1":0.5,"x2":1,"y2":0.5}},"bbox":{"x":746.0699732,"y":472.0004078,"width":11.93,"height":25,"rotation":0,"scale":{"x":1,"y":1},"skew":{"x":0,"y":0},"anchor":{"x":0,"y":0}},"id":"883d036f-1aa5-4992-afca-ea73a037a50b","pointerId":"you_66209","path":[{"x":1.93,"y":0,"cmd":"M"},{"x":1.93,"y":0,"cmd":"L"},{"x":1.42,"y":3.04,"cmd":"L"},{"x":0.66,"y":6.09,"cmd":"L"},{"x":0.3,"y":9.02,"cmd":"L"},{"x":0.21,"y":10.01,"cmd":"L"},{"x":0.1,"y":12,"cmd":"L"},{"x":0.05,"y":13,"cmd":"L"},{"x":0.02,"y":14,"cmd":"L"},{"x":0,"y":15,"cmd":"L"}],"parentId":"Top","idx":28}],"resources":[{"author":[{"bio":null,"name":"MADType","email":"http://www.madtype.com | mattdesmond@gmail.com","filename":["Abel-Regular.ttf"],"imageUrl":"https://lh3.googleusercontent.com/S9Xc2UCtPAwSf0Scny0AiwrxBDZ6mHb9zobozAg2IRMSnV0mEryRFoUiY4w","copyright":"Copyright (c) 2011, Matthew Desmond (http://www.madtype.com | mattdesmond@gmail.com), with Reserved Font Name Abel."}],"defaultVariant":"normal 400","key":"abel","preview":{"normal 400":{"url":"https://asset.paintserver.com/abel-regular.png","width":170,"height":80}},"title":"Abel","type":["font"],"value":{"normal 400":{"ttf":"https://asset.paintserver.com/93ce77a7cf019a94c2f9b2fdc04b2e7d.ttf","woff":"https://asset.paintserver.com/fddfd90105b27ee60048ec036f77398b.woff","style":"normal","woff2":"https://asset.paintserver.com/f2a14a03721b71b489f01a14e97f6489.woff2","weight":"400"}},"variants":["normal 400"],"availableStyles":{"normal":true},"availableWeights":{"400":true},"hasHeavyVariant":false,"hasItalicVariant":false,"hasLightVariant":true,"selected":true}]}