{"version":"2021.4.25.11","config":{"name":"Drawing-8.sketchpad","surface":{"method":"fill","blend":"normal","enabled":true,"opacity":1,"type":"color","color":"#ffffff"},"clipPath":{"enabled":true,"style":{"strokeStyle":"black","lineWidth":1}},"description":"Made with Sketchpad","metadata":{},"exportDPI":72,"exportFormat":"png","exportQuality":0.95,"units":"px","width":1536,"height":731,"pages":[{"width":1536,"height":731}],"uuid":"9aae364a-abc3-4951-abcc-aaceafa3f539"},"layers":[{"type":"pencil","iteration":1,"path":[{"cmd":"M","x":15.26,"y":0},{"cmd":"L","x":15.26,"y":0},{"cmd":"L","x":15.67,"y":2.06},{"cmd":"L","x":16.14,"y":3.22},{"cmd":"L","x":19.75,"y":9.41},{"cmd":"L","x":25.52,"y":17.55},{"cmd":"L","x":31.67,"y":27.45},{"cmd":"L","x":38.73,"y":39.42},{"cmd":"L","x":46.11,"y":57.23},{"cmd":"L","x":46.82,"y":62.03},{"cmd":"L","x":47.09,"y":67},{"cmd":"L","x":43.03,"y":72.58},{"cmd":"L","x":34.14,"y":75.16},{"cmd":"L","x":25.26,"y":75.04},{"cmd":"L","x":14.72,"y":67.71},{"cmd":"L","x":7.14,"y":58.33},{"cmd":"L","x":4.66,"y":53.65},{"cmd":"L","x":1.07,"y":40.89},{"cmd":"L","x":0.53,"y":34.99},{"cmd":"L","x":0,"y":32.91}],"pathSmoothing":{"enabled":true,"alpha":0.5,"tension":1,"type":0},"bbox":{"x":171.7434437,"y":104.0008724,"width":53.27500622366175,"height":81.6093223747742,"rotation":0,"scale":{"x":1,"y":1},"skew":{"x":0,"y":0},"anchor":{"x":0,"y":0}},"blend":"normal","id":"b474b135-ba64-45df-9dd9-ca3575ec8e4a","idx":0,"parentId":"Top","pointerId":"you_67161","seed":1120485549,"fill":{"method":"fill","blend":"normal","enabled":false,"opacity":0,"type":"color","color":"#000000"},"filter":{"enabled":true,"opened":true,"stack":[]},"stroke":{"method":"stroke","blend":"normal","enabled":true,"opacity":1,"type":"color","color":"#ff0000","alignment":0.5,"lineCap":"round","lineDash":"none","lineDashOffset":0,"lineJoin":"miter","lineWidth":4.9,"lineWidthVariance":0,"miterLimit":4}},{"type":"pencil","iteration":1,"path":[{"cmd":"M","x":0,"y":0},{"cmd":"L","x":0,"y":0}],"pathSmoothing":{"enabled":true,"alpha":0.5,"tension":1,"type":0},"bbox":{"x":166,"y":79,"width":6.01,"height":6.01,"rotation":0,"scale":{"x":1,"y":1},"skew":{"x":0,"y":0},"anchor":{"x":0,"y":0}},"blend":"normal","id":"9f63e5d3-3fb4-4cfa-bdfd-323acdb613d4","idx":1,"parentId":"Top","pointerId":"you_67162","seed":1491510456,"fill":{"method":"fill","blend":"normal","enabled":false,"opacity":0,"type":"color","color":"#000000"},"filter":{"enabled":true,"opened":true,"stack":[]},"stroke":{"method":"stroke","blend":"normal","enabled":true,"opacity":1,"type":"color","color":"#ff0000","alignment":0.5,"lineCap":"round","lineDash":"none","lineDashOffset":0,"lineJoin":"miter","lineWidth":4.9,"lineWidthVariance":0,"miterLimit":4}},{"type":"pencil","iteration":1,"path":[{"cmd":"M","x":0,"y":1.55},{"cmd":"L","x":0,"y":1.55},{"cmd":"L","x":1.27,"y":6.64},{"cmd":"L","x":4.1,"y":15.69},{"cmd":"L","x":5.08,"y":18.7},{"cmd":"L","x":7.66,"y":23.87},{"cmd":"L","x":10.18,"y":27.17},{"cmd":"L","x":11.45,"y":27.96},{"cmd":"L","x":12.04,"y":28.06},{"cmd":"L","x":14.78,"y":25.57},{"cmd":"L","x":17.08,"y":18.41},{"cmd":"L","x":17.65,"y":13.53},{"cmd":"L","x":17.88,"y":7.55},{"cmd":"L","x":16.69,"y":2.47},{"cmd":"L","x":16.19,"y":1.31},{"cmd":"L","x":15.86,"y":0.9},{"cmd":"L","x":14.56,"y":0.11},{"cmd":"L","x":13.96,"y":0.02},{"cmd":"L","x":12.53,"y":0.94},{"cmd":"L","x":11.09,"y":2.41}],"pathSmoothing":{"enabled":true,"alpha":0.5,"tension":1,"type":0},"bbox":{"x":201.0019511,"y":91.4489274,"width":23.94181618491518,"height":34.08526904482666,"rotation":0,"scale":{"x":1,"y":1},"skew":{"x":0,"y":0},"anchor":{"x":0,"y":0}},"blend":"normal","id":"6fd44bcb-a5f5-4ed9-b629-20d71af7df0f","idx":2,"parentId":"Top","pointerId":"you_67163","seed":1600517055,"fill":{"method":"fill","blend":"normal","enabled":false,"opacity":0,"type":"color","color":"#000000"},"filter":{"enabled":true,"opened":true,"stack":[]},"stroke":{"method":"stroke","blend":"normal","enabled":true,"opacity":1,"type":"color","color":"#ff0000","alignment":0.5,"lineCap":"round","lineDash":"none","lineDashOffset":0,"lineJoin":"miter","lineWidth":4.9,"lineWidthVariance":0,"miterLimit":4}},{"type":"pencil","iteration":1,"path":[{"cmd":"M","x":0,"y":0},{"cmd":"L","x":0,"y":0},{"cmd":"L","x":2.63,"y":21.02},{"cmd":"L","x":5.42,"y":35.06},{"cmd":"L","x":7.65,"y":54.02},{"cmd":"L","x":8.6,"y":61.03},{"cmd":"L","x":9.41,"y":65.06},{"cmd":"L","x":9.41,"y":65.06},{"cmd":"L","x":11.17,"y":58.88},{"cmd":"L","x":13.25,"y":50.9},{"cmd":"L","x":15.57,"y":46.64},{"cmd":"L","x":16.97,"y":42.82},{"cmd":"L","x":17.8,"y":42.04},{"cmd":"L","x":22.11,"y":43.21},{"cmd":"L","x":29.76,"y":50.01},{"cmd":"L","x":33.84,"y":53.92},{"cmd":"L","x":38.03,"y":58.74},{"cmd":"L","x":39.71,"y":62.29},{"cmd":"L","x":40.02,"y":63.17},{"cmd":"L","x":40.02,"y":63.17}],"pathSmoothing":{"enabled":true,"alpha":0.5,"tension":1,"type":0},"bbox":{"x":222.9988961,"y":45.9994489,"width":46.02,"height":71.06,"rotation":0,"scale":{"x":1,"y":1},"skew":{"x":0,"y":0},"anchor":{"x":0,"y":0}},"blend":"normal","id":"d6b50f3b-b96a-4646-9323-6443491b12da","idx":3,"parentId":"Top","pointerId":"you_67164","seed":115111834,"fill":{"method":"fill","blend":"normal","enabled":false,"opacity":0,"type":"color","color":"#000000"},"filter":{"enabled":true,"opened":true,"stack":[]},"stroke":{"method":"stroke","blend":"normal","enabled":true,"opacity":1,"type":"color","color":"#ff0000","alignment":0.5,"lineCap":"round","lineDash":"none","lineDashOffset":0,"lineJoin":"miter","lineWidth":4.9,"lineWidthVariance":0,"miterLimit":4}},{"type":"pencil","iteration":1,"path":[{"cmd":"M","x":0.08,"y":0},{"cmd":"L","x":0.08,"y":0},{"cmd":"L","x":0.08,"y":7},{"cmd":"L","x":1.68,"y":19.03},{"cmd":"L","x":2.56,"y":24.04},{"cmd":"L","x":2.82,"y":27.01},{"cmd":"L","x":2.82,"y":27.01},{"cmd":"L","x":5.35,"y":16.91},{"cmd":"L","x":8.88,"y":8.75},{"cmd":"L","x":10.8,"y":4.71},{"cmd":"L","x":14.04,"y":1.2},{"cmd":"L","x":14.65,"y":0.76},{"cmd":"L","x":18.75,"y":4.1},{"cmd":"L","x":23.34,"y":10.56},{"cmd":"L","x":27.14,"y":22.15},{"cmd":"L","x":29.86,"y":28.26},{"cmd":"L","x":31.79,"y":32.29},{"cmd":"L","x":32.76,"y":34.3}],"pathSmoothing":{"enabled":true,"alpha":0.5,"tension":1,"type":0},"bbox":{"x":280.9253891,"y":80.0014454,"width":38.75770668757289,"height":40.3,"rotation":0,"scale":{"x":1,"y":1},"skew":{"x":0,"y":0},"anchor":{"x":0,"y":0}},"blend":"normal","id":"422bc65e-ac24-4b71-bc44-b95b0366dc59","idx":4,"parentId":"Top","pointerId":"you_67165","seed":1024207244,"fill":{"method":"fill","blend":"normal","enabled":false,"opacity":0,"type":"color","color":"#000000"},"filter":{"enabled":true,"opened":true,"stack":[]},"stroke":{"method":"stroke","blend":"normal","enabled":true,"opacity":1,"type":"color","color":"#ff0000","alignment":0.5,"lineCap":"round","lineDash":"none","lineDashOffset":0,"lineJoin":"miter","lineWidth":4.9,"lineWidthVariance":0,"miterLimit":4}},{"type":"pencil","iteration":1,"path":[{"cmd":"M","x":0,"y":2.49},{"cmd":"L","x":0,"y":2.49},{"cmd":"L","x":2.97,"y":10.67},{"cmd":"L","x":6.74,"y":18.77},{"cmd":"L","x":10.15,"y":23.13},{"cmd":"L","x":11.74,"y":24.52},{"cmd":"L","x":13.81,"y":26.44},{"cmd":"L","x":15.3,"y":27.18},{"cmd":"L","x":19.02,"y":26.8},{"cmd":"L","x":23.25,"y":20.92},{"cmd":"L","x":26.06,"y":12.34},{"cmd":"L","x":28.51,"y":8.09},{"cmd":"L","x":28.85,"y":7.26},{"cmd":"L","x":29.09,"y":7.2},{"cmd":"L","x":33.11,"y":12.16},{"cmd":"L","x":38.34,"y":20},{"cmd":"L","x":39.47,"y":21.91},{"cmd":"L","x":39.9,"y":22.35},{"cmd":"L","x":40,"y":22.35},{"cmd":"L","x":45.01,"y":16.73},{"cmd":"L","x":48.57,"y":10.13},{"cmd":"L","x":51.63,"y":4.16},{"cmd":"L","x":52.84,"y":1.26},{"cmd":"L","x":53.12,"y":0.36},{"cmd":"L","x":53.36,"y":0}],"pathSmoothing":{"enabled":true,"alpha":0.5,"tension":1,"type":0},"bbox":{"x":212.9976951,"y":283.5059035,"width":59.36,"height":33.311156102101535,"rotation":0,"scale":{"x":1,"y":1},"skew":{"x":0,"y":0},"anchor":{"x":0,"y":0}},"blend":"normal","id":"acf85108-3f14-4519-9270-d7e10c6a339b","idx":5,"parentId":"Top","pointerId":"you_67166","seed":560713630,"fill":{"method":"fill","blend":"normal","enabled":false,"opacity":0,"type":"color","color":"#000000"},"filter":{"enabled":true,"opened":true,"stack":[]},"stroke":{"method":"stroke","blend":"normal","enabled":true,"opacity":1,"type":"color","color":"#ff0000","alignment":0.5,"lineCap":"round","lineDash":"none","lineDashOffset":0,"lineJoin":"miter","lineWidth":4.9,"lineWidthVariance":0,"miterLimit":4}},{"type":"pencil","iteration":1,"path":[{"cmd":"M","x":0,"y":0},{"cmd":"L","x":0,"y":0},{"cmd":"L","x":0,"y":0},{"cmd":"L","x":0.88,"y":0.88},{"cmd":"L","x":2.02,"y":4.17},{"cmd":"L","x":3.26,"y":9.09},{"cmd":"L","x":4.28,"y":10.54},{"cmd":"L","x":5.66,"y":13.32}],"pathSmoothing":{"enabled":true,"alpha":0.5,"tension":1,"type":0},"bbox":{"x":272.0008416,"y":284.9975295,"width":11.66,"height":19.32,"rotation":0,"scale":{"x":1,"y":1},"skew":{"x":0,"y":0},"anchor":{"x":0,"y":0}},"blend":"normal","id":"86694a8f-511a-4da9-b72b-f9c59e9863f4","idx":6,"parentId":"Top","pointerId":"you_67167","seed":1021060608,"fill":{"method":"fill","blend":"normal","enabled":false,"opacity":0,"type":"color","color":"#000000"},"filter":{"enabled":true,"opened":true,"stack":[]},"stroke":{"method":"stroke","blend":"normal","enabled":true,"opacity":1,"type":"color","color":"#ff0000","alignment":0.5,"lineCap":"round","lineDash":"none","lineDashOffset":0,"lineJoin":"miter","lineWidth":4.9,"lineWidthVariance":0,"miterLimit":4}},{"type":"pencil","iteration":1,"path":[{"cmd":"M","x":0,"y":0},{"cmd":"L","x":0,"y":0}],"pathSmoothing":{"enabled":true,"alpha":0.5,"tension":1,"type":0},"bbox":{"x":274,"y":262,"width":6.01,"height":6.01,"rotation":0,"scale":{"x":1,"y":1},"skew":{"x":0,"y":0},"anchor":{"x":0,"y":0}},"blend":"normal","id":"9c5d90da-af8d-4aee-ac70-7a1c04df270d","idx":7,"parentId":"Top","pointerId":"you_67168","seed":975192706,"fill":{"method":"fill","blend":"normal","enabled":false,"opacity":0,"type":"color","color":"#000000"},"filter":{"enabled":true,"opened":true,"stack":[]},"stroke":{"method":"stroke","blend":"normal","enabled":true,"opacity":1,"type":"color","color":"#ff0000","alignment":0.5,"lineCap":"round","lineDash":"none","lineDashOffset":0,"lineJoin":"miter","lineWidth":4.9,"lineWidthVariance":0,"miterLimit":4}},{"type":"pencil","iteration":1,"path":[{"cmd":"M","x":0.07,"y":0},{"cmd":"L","x":0.07,"y":4},{"cmd":"L","x":2.49,"y":16.06},{"cmd":"L","x":3.76,"y":28.02},{"cmd":"L","x":6.43,"y":40.07},{"cmd":"L","x":7.53,"y":46.05},{"cmd":"L","x":7.75,"y":48.02}],"pathSmoothing":{"enabled":true,"alpha":0.5,"tension":1,"type":0},"bbox":{"x":278.9218219,"y":234.9989978,"width":13.75424744504565,"height":54.02,"rotation":0,"scale":{"x":1,"y":1},"skew":{"x":0,"y":0},"anchor":{"x":0,"y":0}},"blend":"normal","id":"8d4ea36b-36d1-47ba-9b37-667708c2247e","idx":8,"parentId":"Top","pointerId":"you_67169","seed":1343088330,"fill":{"method":"fill","blend":"normal","enabled":false,"opacity":0,"type":"color","color":"#000000"},"filter":{"enabled":true,"opened":true,"stack":[]},"stroke":{"method":"stroke","blend":"normal","enabled":true,"opacity":1,"type":"color","color":"#ff0000","alignment":0.5,"lineCap":"round","lineDash":"none","lineDashOffset":0,"lineJoin":"miter","lineWidth":4.9,"lineWidthVariance":0,"miterLimit":4}},{"type":"pencil","iteration":1,"path":[{"cmd":"M","x":2.07,"y":0},{"cmd":"L","x":2.07,"y":0},{"cmd":"L","x":1.18,"y":2.21},{"cmd":"L","x":0.26,"y":17.01},{"cmd":"L","x":0.1,"y":30},{"cmd":"L","x":1.7,"y":43.02},{"cmd":"L","x":1.93,"y":48},{"cmd":"L","x":2.01,"y":52}],"pathSmoothing":{"enabled":true,"alpha":0.5,"tension":1,"type":0},"bbox":{"x":292.9296074,"y":234.000289,"width":8.071877235454336,"height":58,"rotation":0,"scale":{"x":1,"y":1},"skew":{"x":0,"y":0},"anchor":{"x":0,"y":0}},"blend":"normal","id":"692b143c-1449-4cdb-803e-6fb666c1be52","idx":9,"parentId":"Top","pointerId":"you_67170","seed":672273760,"fill":{"method":"fill","blend":"normal","enabled":false,"opacity":0,"type":"color","color":"#000000"},"filter":{"enabled":true,"opened":true,"stack":[]},"stroke":{"method":"stroke","blend":"normal","enabled":true,"opacity":1,"type":"color","color":"#ff0000","alignment":0.5,"lineCap":"round","lineDash":"none","lineDashOffset":0,"lineJoin":"miter","lineWidth":4.9,"lineWidthVariance":0,"miterLimit":4}},{"type":"pencil","iteration":1,"path":[{"cmd":"M","x":12.67,"y":0},{"cmd":"L","x":12.67,"y":0},{"cmd":"L","x":10.46,"y":0.89},{"cmd":"L","x":6.92,"y":4.01},{"cmd":"L","x":2.38,"y":10.54},{"cmd":"L","x":0.5,"y":17.12},{"cmd":"L","x":0.03,"y":21.02},{"cmd":"L","x":1.82,"y":27.12},{"cmd":"L","x":5.73,"y":31.71},{"cmd":"L","x":7.36,"y":33.08},{"cmd":"L","x":10.26,"y":35.22},{"cmd":"L","x":13.21,"y":37.28},{"cmd":"L","x":13.66,"y":37.78},{"cmd":"L","x":14.59,"y":40.2},{"cmd":"L","x":12.39,"y":49.09},{"cmd":"L","x":9.54,"y":52.66},{"cmd":"L","x":6.08,"y":55.22},{"cmd":"L","x":5.33,"y":55.61},{"cmd":"L","x":4.47,"y":55.93},{"cmd":"L","x":3.56,"y":56.19}],"pathSmoothing":{"enabled":true,"alpha":0.5,"tension":1,"type":0},"bbox":{"x":194.3326002,"y":404.0003779,"width":20.595794179363722,"height":62.19,"rotation":0,"scale":{"x":1,"y":1},"skew":{"x":0,"y":0},"anchor":{"x":0,"y":0}},"blend":"normal","id":"9379b9f6-f55e-43b8-a4ad-4257d9bf8940","idx":10,"parentId":"Top","pointerId":"you_67171","seed":1393855708,"fill":{"method":"fill","blend":"normal","enabled":false,"opacity":0,"type":"color","color":"#000000"},"filter":{"enabled":true,"opened":true,"stack":[]},"stroke":{"method":"stroke","blend":"normal","enabled":true,"opacity":1,"type":"color","color":"#ff0000","alignment":0.5,"lineCap":"round","lineDash":"none","lineDashOffset":0,"lineJoin":"miter","lineWidth":4.9,"lineWidthVariance":0,"miterLimit":4}},{"type":"pencil","iteration":1,"path":[{"cmd":"M","x":9.97,"y":0.01},{"cmd":"L","x":9.97,"y":0.01},{"cmd":"L","x":9.97,"y":0.01},{"cmd":"L","x":6.93,"y":0.52},{"cmd":"L","x":1.74,"y":7.59},{"cmd":"L","x":0.9,"y":10.16},{"cmd":"L","x":0.32,"y":15.03},{"cmd":"L","x":0.18,"y":17.02},{"cmd":"L","x":0.1,"y":19.01},{"cmd":"L","x":1.6,"y":20.17},{"cmd":"L","x":5.28,"y":18.34},{"cmd":"L","x":9.95,"y":13.23},{"cmd":"L","x":12.67,"y":10.94},{"cmd":"L","x":14.04,"y":9.31},{"cmd":"L","x":16.13,"y":10.03},{"cmd":"L","x":18.35,"y":13.48},{"cmd":"L","x":20.9,"y":20.2},{"cmd":"L","x":22.74,"y":24.27},{"cmd":"L","x":22.74,"y":24.27},{"cmd":"L","x":24.75,"y":19.75},{"cmd":"L","x":28.09,"y":8.88}],"pathSmoothing":{"enabled":true,"alpha":0.5,"tension":1,"type":0},"bbox":{"x":239.0307925,"y":414.9935415,"width":34.08825911534554,"height":30.26859806200085,"rotation":0,"scale":{"x":1,"y":1},"skew":{"x":0,"y":0},"anchor":{"x":0,"y":0}},"blend":"normal","id":"3960b0d2-cc65-4223-a2b8-c99983a37ed5","idx":11,"parentId":"Top","pointerId":"you_67172","seed":1906874619,"fill":{"method":"fill","blend":"normal","enabled":false,"opacity":0,"type":"color","color":"#000000"},"filter":{"enabled":true,"opened":true,"stack":[]},"stroke":{"method":"stroke","blend":"normal","enabled":true,"opacity":1,"type":"color","color":"#ff0000","alignment":0.5,"lineCap":"round","lineDash":"none","lineDashOffset":0,"lineJoin":"miter","lineWidth":4.9,"lineWidthVariance":0,"miterLimit":4}},{"type":"pencil","iteration":1,"path":[{"cmd":"M","x":0.04,"y":0},{"cmd":"L","x":0.04,"y":7},{"cmd":"L","x":0.84,"y":19.01},{"cmd":"L","x":1.81,"y":32.01},{"cmd":"L","x":1.96,"y":38},{"cmd":"L","x":2.68,"y":44.02},{"cmd":"L","x":3.07,"y":45.16},{"cmd":"L","x":3.07,"y":45.16},{"cmd":"L","x":4.13,"y":41.86}],"pathSmoothing":{"enabled":true,"alpha":0.5,"tension":1,"type":0},"bbox":{"x":272.9594928,"y":375.0001661,"width":10.129104443052169,"height":51.16,"rotation":0,"scale":{"x":1,"y":1},"skew":{"x":0,"y":0},"anchor":{"x":0,"y":0}},"blend":"normal","id":"aeb46f02-30f4-4e4c-ad7b-607ab960248c","idx":12,"parentId":"Top","pointerId":"you_67173","seed":555480971,"fill":{"method":"fill","blend":"normal","enabled":false,"opacity":0,"type":"color","color":"#000000"},"filter":{"enabled":true,"opened":true,"stack":[]},"stroke":{"method":"stroke","blend":"normal","enabled":true,"opacity":1,"type":"color","color":"#ff0000","alignment":0.5,"lineCap":"round","lineDash":"none","lineDashOffset":0,"lineJoin":"miter","lineWidth":4.9,"lineWidthVariance":0,"miterLimit":4}},{"type":"pencil","iteration":1,"path":[{"cmd":"M","x":0,"y":0},{"cmd":"L","x":0,"y":0},{"cmd":"L","x":0,"y":9},{"cmd":"L","x":0,"y":21},{"cmd":"L","x":0,"y":33},{"cmd":"L","x":0,"y":42},{"cmd":"L","x":0,"y":43},{"cmd":"L","x":0,"y":43},{"cmd":"L","x":1.46,"y":40.57}],"pathSmoothing":{"enabled":true,"alpha":0.5,"tension":1,"type":0},"bbox":{"x":285.9982564,"y":377,"width":7.46,"height":49,"rotation":0,"scale":{"x":1,"y":1},"skew":{"x":0,"y":0},"anchor":{"x":0,"y":0}},"blend":"normal","id":"a19c4c21-ec71-4a01-8f2a-e8d5bcd59832","idx":13,"parentId":"Top","pointerId":"you_67174","seed":1008406642,"fill":{"method":"fill","blend":"normal","enabled":false,"opacity":0,"type":"color","color":"#000000"},"filter":{"enabled":true,"opened":true,"stack":[]},"stroke":{"method":"stroke","blend":"normal","enabled":true,"opacity":1,"type":"color","color":"#ff0000","alignment":0.5,"lineCap":"round","lineDash":"none","lineDashOffset":0,"lineJoin":"miter","lineWidth":4.9,"lineWidthVariance":0,"miterLimit":4}},{"type":"pencil","iteration":1,"path":[{"cmd":"M","x":0.02,"y":1.24},{"cmd":"L","x":0.02,"y":3.24},{"cmd":"L","x":0.72,"y":10.25},{"cmd":"L","x":5.79,"y":21.5},{"cmd":"L","x":6.74,"y":23.52},{"cmd":"L","x":9.57,"y":25.51},{"cmd":"L","x":11.46,"y":26.67},{"cmd":"L","x":14.45,"y":21.79},{"cmd":"L","x":16.42,"y":12.18},{"cmd":"L","x":18.33,"y":4.15},{"cmd":"L","x":18.6,"y":2.21},{"cmd":"L","x":18.77,"y":0.23},{"cmd":"L","x":18.86,"y":0},{"cmd":"L","x":21.7,"y":2.33},{"cmd":"L","x":23.59,"y":15.27},{"cmd":"L","x":23.96,"y":34.24},{"cmd":"L","x":27.6,"y":60.27},{"cmd":"L","x":29.64,"y":76.26},{"cmd":"L","x":29.94,"y":87.24},{"cmd":"L","x":26.24,"y":95.5},{"cmd":"L","x":23.46,"y":97.49},{"cmd":"L","x":17.99,"y":96.68},{"cmd":"L","x":14.85,"y":92.61},{"cmd":"L","x":13.99,"y":90.08},{"cmd":"L","x":13.39,"y":85.21},{"cmd":"L","x":23.71,"y":63.94},{"cmd":"L","x":32.04,"y":54.49},{"cmd":"L","x":35.94,"y":50.4},{"cmd":"L","x":38.16,"y":47.59},{"cmd":"L","x":39.07,"y":46.52},{"cmd":"L","x":39.65,"y":46.07},{"cmd":"L","x":40.39,"y":45.67}],"pathSmoothing":{"enabled":true,"alpha":0.5,"tension":1,"type":0},"bbox":{"x":298.9789462,"y":391.7618949,"width":46.38920707170829,"height":103.63642239481226,"rotation":0,"scale":{"x":1,"y":1},"skew":{"x":0,"y":0},"anchor":{"x":0,"y":0}},"blend":"normal","id":"27d5bc0e-10e7-4e24-980a-e68b121c3485","idx":14,"parentId":"Top","pointerId":"you_67175","seed":549219217,"fill":{"method":"fill","blend":"normal","enabled":false,"opacity":0,"type":"color","color":"#000000"},"filter":{"enabled":true,"opened":true,"stack":[]},"stroke":{"method":"stroke","blend":"normal","enabled":true,"opacity":1,"type":"color","color":"#ff0000","alignment":0.5,"lineCap":"round","lineDash":"none","lineDashOffset":0,"lineJoin":"miter","lineWidth":4.9,"lineWidthVariance":0,"miterLimit":4}},{"type":"fancyText","content":"{name:\"john\",class1:\"java\",class2:\"web\"}","fitText":true,"fontFamily":"abel","fontSize":47,"fontStyle":"normal","fontVariant":"normal","fontWeight":400,"letterSpacing":0.09,"lineHeight":0.98,"searchTerm":"","textAlign":"center","textDecoration":"none","textTransform":"none","whiteSpace":"pre-wrap","wordSpacing":0.17,"bbox":{"x":417,"y":80.19999694824219,"width":901.1388565247503,"height":63.479652239160046,"rotation":0,"scale":{"x":1,"y":1},"skew":{"x":0,"y":0},"anchor":{"x":0,"y":0}},"blend":"normal","id":"490e961d-6276-45d5-ad91-661112cf7770","idx":15,"parentId":"Top","pointerId":"you_67178","seed":1320008773,"fill":{"method":"fill","blend":"normal","enabled":true,"opacity":1,"type":"color","color":"#000000"},"filter":{"enabled":true,"opened":true,"stack":[]},"stroke":{"method":"stroke","blend":"normal","enabled":true,"opacity":1,"type":"gradient","gradient":{"type":"linearGradient","noise":0,"spreadMethod":"pad","stops":[{"color":"#e43a15","offset":0},{"color":"#e65245","offset":1}],"x1":0.5,"y1":1,"x2":0.5,"y2":0},"alignment":0.5,"lineCap":"round","lineDash":"none","lineDashOffset":0,"lineJoin":"miter","lineWidth":1.5,"lineWidthVariance":0,"miterLimit":4}},{"type":"fancyText","content":"{name:\"will\",class1:\"sport\",class2:\"web\"}","fitText":true,"fontFamily":"abel","fontSize":46,"fontStyle":"normal","fontVariant":"normal","fontWeight":400,"letterSpacing":0.09,"lineHeight":0.98,"searchTerm":"","textAlign":"center","textDecoration":"none","textTransform":"none","whiteSpace":"pre-wrap","wordSpacing":0.17,"bbox":{"x":411.5999755859375,"y":248.4000015258789,"width":901.1388565247503,"height":60.64257575697224,"rotation":0,"scale":{"x":1,"y":1},"skew":{"x":0,"y":0},"anchor":{"x":0,"y":0}},"blend":"normal","id":"952e6cc3-b8e2-4759-9b0f-4d6c07ecc62b","idx":16,"parentId":"Top","pointerId":"you_67178","seed":1320008773,"fill":{"method":"fill","blend":"normal","enabled":true,"opacity":1,"type":"color","color":"#000000"},"stroke":{"method":"stroke","blend":"normal","enabled":true,"opacity":1,"type":"gradient","gradient":{"type":"linearGradient","noise":0,"spreadMethod":"pad","stops":[{"color":"#e43a15","offset":0},{"color":"#e65245","offset":1}],"x1":0.5,"y1":1,"x2":0.5,"y2":0},"alignment":0.5,"lineCap":"round","lineDash":"none","lineDashOffset":0,"lineJoin":"miter","lineWidth":1.5,"lineWidthVariance":0,"miterLimit":4}},{"type":"fancyText","content":"{name:\"sally\",class1:\"java\",class2:\"python\"}","fitText":true,"fontFamily":"abel","fontSize":43,"fontStyle":"normal","fontVariant":"normal","fontWeight":400,"letterSpacing":0.09,"lineHeight":0.98,"searchTerm":"","textAlign":"center","textDecoration":"none","textTransform":"none","whiteSpace":"pre-wrap","wordSpacing":0.17,"bbox":{"x":416.40008544921875,"y":398.13089457401236,"width":901.1388565247503,"height":62.11175595102621,"rotation":0,"scale":{"x":1,"y":1},"skew":{"x":0,"y":0},"anchor":{"x":0,"y":0}},"blend":"normal","id":"4bfbcc62-3cc2-4c4c-90c4-645a36a8ef17","idx":17,"parentId":"Top","pointerId":"you_67178","seed":1320008773,"fill":{"method":"fill","blend":"normal","enabled":true,"opacity":1,"type":"color","color":"#000000"},"stroke":{"method":"stroke","blend":"normal","enabled":true,"opacity":1,"type":"gradient","gradient":{"type":"linearGradient","noise":0,"spreadMethod":"pad","stops":[{"color":"#e43a15","offset":0},{"color":"#e65245","offset":1}],"x1":0.5,"y1":1,"x2":0.5,"y2":0},"alignment":0.5,"lineCap":"round","lineDash":"none","lineDashOffset":0,"lineJoin":"miter","lineWidth":1.5,"lineWidthVariance":0,"miterLimit":4}}],"resources":[{"author":[{"bio":null,"name":"MADType","email":"http://www.madtype.com | mattdesmond@gmail.com","filename":["Abel-Regular.ttf"],"imageUrl":"https://lh3.googleusercontent.com/S9Xc2UCtPAwSf0Scny0AiwrxBDZ6mHb9zobozAg2IRMSnV0mEryRFoUiY4w","copyright":"Copyright (c) 2011, Matthew Desmond (http://www.madtype.com | mattdesmond@gmail.com), with Reserved Font Name Abel."}],"defaultVariant":"normal 400","key":"abel","preview":{"normal 400":{"url":"https://asset.paintserver.com/abel-regular.png","width":170,"height":80}},"title":"Abel","type":["font"],"value":{"normal 400":{"ttf":"https://asset.paintserver.com/93ce77a7cf019a94c2f9b2fdc04b2e7d.ttf","woff":"https://asset.paintserver.com/fddfd90105b27ee60048ec036f77398b.woff","style":"normal","woff2":"https://asset.paintserver.com/f2a14a03721b71b489f01a14e97f6489.woff2","weight":"400"}},"variants":["normal 400"],"availableStyles":{"normal":true},"availableWeights":{"400":true},"hasHeavyVariant":false,"hasItalicVariant":false,"hasLightVariant":true,"selected":true}]}