{"version":"2021.4.25.11","config":{"name":"Drawing-9.sketchpad","surface":{"method":"fill","blend":"normal","enabled":true,"opacity":1,"type":"color","color":"#ffffff"},"clipPath":{"enabled":true,"style":{"strokeStyle":"black","lineWidth":1}},"description":"Made with Sketchpad","metadata":{},"exportDPI":72,"exportFormat":"png","exportQuality":0.95,"units":"px","width":1536,"height":731,"pages":[{"width":1536,"height":731}],"uuid":"786c7b92-b67a-49c7-a961-4d90a0f24b88"},"layers":[{"type":"pencil","iteration":1,"blend":"normal","seed":312164905,"exportable":true,"findable":true,"fill":{"method":"fill","blend":"normal","enabled":false,"opacity":0,"type":"color","color":"black"},"filter":{"enabled":true,"opened":true,"stack":[]},"stroke":{"method":"stroke","blend":"normal","enabled":true,"opacity":1,"type":"color","color":"#ff0000","alignment":0.5,"lineCap":"round","lineDash":"none","lineDashOffset":0,"lineJoin":"miter","lineWidth":4.9,"lineWidthVariance":0,"miterLimit":4,"gradient":{"type":"linearGradient","noise":0,"spreadMethod":"pad","stops":[{"color":"#e43a15","offset":0},{"color":"#e65245","offset":1}],"x1":0,"y1":0.5,"x2":1,"y2":0.5}},"bbox":{"x":394,"y":71,"width":6.01,"height":6.01,"rotation":0,"scale":{"x":1,"y":1},"skew":{"x":0,"y":0},"anchor":{"x":0,"y":0}},"id":"0cb4604f-4ec4-410c-98f3-6ba586e097d0","pointerId":"you_67323","pathSmoothing":{"enabled":true,"alpha":0.5,"tension":1,"type":0},"path":[{"x":0,"y":0,"cmd":"M"}],"parentId":"Top","idx":0},{"type":"pencil","iteration":1,"blend":"normal","seed":1580637454,"exportable":true,"findable":true,"fill":{"method":"fill","blend":"normal","enabled":false,"opacity":0,"type":"color","color":"black"},"filter":{"enabled":true,"opened":true,"stack":[]},"stroke":{"method":"stroke","blend":"normal","enabled":true,"opacity":1,"type":"color","color":"#ff0000","alignment":0.5,"lineCap":"round","lineDash":"none","lineDashOffset":0,"lineJoin":"miter","lineWidth":4.9,"lineWidthVariance":0,"miterLimit":4,"gradient":{"type":"linearGradient","noise":0,"spreadMethod":"pad","stops":[{"color":"#e43a15","offset":0},{"color":"#e65245","offset":1}],"x1":0,"y1":0.5,"x2":1,"y2":0.5}},"bbox":{"x":216,"y":68.63921654113953,"width":1082.0324565296742,"height":594.397122794461,"rotation":0,"scale":{"x":1,"y":1},"skew":{"x":0,"y":0},"anchor":{"x":0,"y":0}},"id":"6e1831d1-24df-4675-a690-27dcb2e16662","pointerId":"you_67324","pathSmoothing":{"enabled":true,"alpha":0.5,"tension":1,"type":0},"path":[{"x":0,"y":9.36,"cmd":"M"},{"x":0,"y":9.36,"cmd":"L"},{"x":11,"y":9.36,"cmd":"L"},{"x":16,"y":9.36,"cmd":"L"},{"x":53,"y":7.51,"cmd":"L"},{"x":77,"y":7.38,"cmd":"L"},{"x":96,"y":7.36,"cmd":"L"},{"x":122,"y":7.36,"cmd":"L"},{"x":154,"y":9.19,"cmd":"L"},{"x":172,"y":10.19,"cmd":"L"},{"x":184,"y":10.33,"cmd":"L"},{"x":204,"y":11.23,"cmd":"L"},{"x":227.01,"y":13.12,"cmd":"L"},{"x":249.01,"y":15.09,"cmd":"L"},{"x":267.01,"y":16.18,"cmd":"L"},{"x":283,"y":16.33,"cmd":"L"},{"x":290.02,"y":17.05,"cmd":"L"},{"x":318,"y":17.33,"cmd":"L"},{"x":339,"y":17.36,"cmd":"L"},{"x":356,"y":17.36,"cmd":"L"},{"x":380,"y":17.36,"cmd":"L"},{"x":402,"y":17.36,"cmd":"L"},{"x":444,"y":17.36,"cmd":"L"},{"x":455,"y":17.36,"cmd":"L"},{"x":478,"y":17.36,"cmd":"L"},{"x":501,"y":17.36,"cmd":"L"},{"x":534,"y":17.36,"cmd":"L"},{"x":577,"y":17.36,"cmd":"L"},{"x":612,"y":17.36,"cmd":"L"},{"x":630,"y":16.5,"cmd":"L"},{"x":676,"y":14.49,"cmd":"L"},{"x":699,"y":14.38,"cmd":"L"},{"x":720,"y":13.49,"cmd":"L"},{"x":740,"y":13.38,"cmd":"L"},{"x":766,"y":12.47,"cmd":"L"},{"x":796,"y":12.37,"cmd":"L"},{"x":818,"y":12.36,"cmd":"L"},{"x":836,"y":12.36,"cmd":"L"},{"x":852,"y":12.36,"cmd":"L"},{"x":864,"y":12.36,"cmd":"L"},{"x":881,"y":12.36,"cmd":"L"},{"x":887,"y":12.36,"cmd":"L"},{"x":891,"y":12.36,"cmd":"L"},{"x":898,"y":12.36,"cmd":"L"},{"x":903.02,"y":12.99,"cmd":"L"},{"x":909.1,"y":14.59,"cmd":"L"},{"x":912.28,"y":16.09,"cmd":"L"},{"x":916.64,"y":19.51,"cmd":"L"},{"x":919.97,"y":23.15,"cmd":"L"},{"x":924.36,"y":29.85,"cmd":"L"},{"x":931.2,"y":38.96,"cmd":"L"},{"x":937.57,"y":50.72,"cmd":"L"},{"x":945.38,"y":62.84,"cmd":"L"},{"x":950.6,"y":72.71,"cmd":"L"},{"x":958.65,"y":88.68,"cmd":"L"},{"x":960.8,"y":93.61,"cmd":"L"},{"x":965.06,"y":106.51,"cmd":"L"},{"x":967.42,"y":118.42,"cmd":"L"},{"x":977.82,"y":142.6,"cmd":"L"},{"x":992.57,"y":169.73,"cmd":"L"},{"x":999.64,"y":183.68,"cmd":"L"},{"x":1005.85,"y":198.59,"cmd":"L"},{"x":1009.88,"y":208.58,"cmd":"L"},{"x":1014.78,"y":219.62,"cmd":"L"},{"x":1017.99,"y":228.54,"cmd":"L"},{"x":1023.09,"y":244.5,"cmd":"L"},{"x":1028.31,"y":266.44,"cmd":"L"},{"x":1031.48,"y":284.41,"cmd":"L"},{"x":1034.08,"y":292.5,"cmd":"L"},{"x":1040.16,"y":313.48,"cmd":"L"},{"x":1042.44,"y":325.41,"cmd":"L"},{"x":1046.33,"y":342.44,"cmd":"L"},{"x":1049.28,"y":354.45,"cmd":"L"},{"x":1051.21,"y":361.47,"cmd":"L"},{"x":1053.41,"y":372.42,"cmd":"L"},{"x":1054.22,"y":375.46,"cmd":"L"},{"x":1055.59,"y":385.39,"cmd":"L"},{"x":1056.53,"y":391.4,"cmd":"L"},{"x":1058.28,"y":398.45,"cmd":"L"},{"x":1060.57,"y":414.39,"cmd":"L"},{"x":1062.77,"y":443.37,"cmd":"L"},{"x":1063.63,"y":450.38,"cmd":"L"},{"x":1066.48,"y":466.41,"cmd":"L"},{"x":1068.47,"y":477.41,"cmd":"L"},{"x":1069.62,"y":486.39,"cmd":"L"},{"x":1070.42,"y":490.42,"cmd":"L"},{"x":1071.95,"y":494.55,"cmd":"L"},{"x":1073.78,"y":498.62,"cmd":"L"},{"x":1075.17,"y":503.48,"cmd":"L"},{"x":1075.64,"y":507.38,"cmd":"L"},{"x":1075.94,"y":522.36,"cmd":"L"},{"x":1075.97,"y":525.36,"cmd":"L"},{"x":1075.98,"y":526.36,"cmd":"L"},{"x":1075.99,"y":530.36,"cmd":"L"},{"x":1075.49,"y":533.4,"cmd":"L"},{"x":1073.2,"y":538.61,"cmd":"L"},{"x":1069.2,"y":542.32,"cmd":"L"},{"x":1059.32,"y":550.45,"cmd":"L"},{"x":1051.6,"y":554.87,"cmd":"L"},{"x":1046.73,"y":557.11,"cmd":"L"},{"x":1032.86,"y":561.46,"cmd":"L"},{"x":1015.91,"y":565.64,"cmd":"L"},{"x":1001.93,"y":568.72,"cmd":"L"},{"x":980.92,"y":573.67,"cmd":"L"},{"x":976.91,"y":574.65,"cmd":"L"},{"x":967.97,"y":575.93,"cmd":"L"},{"x":957.98,"y":577.03,"cmd":"L"},{"x":942.95,"y":579.81,"cmd":"L"},{"x":933.98,"y":580.98,"cmd":"L"},{"x":925,"y":581.26,"cmd":"L"},{"x":919,"y":581.33,"cmd":"L"},{"x":903,"y":581.36,"cmd":"L"},{"x":866,"y":581.36,"cmd":"L"},{"x":812,"y":581.36,"cmd":"L"},{"x":804,"y":581.36,"cmd":"L"},{"x":780,"y":581.36,"cmd":"L"},{"x":766,"y":581.36,"cmd":"L"},{"x":749,"y":582.21,"cmd":"L"},{"x":730,"y":583.2,"cmd":"L"},{"x":697.99,"y":585.18,"cmd":"L"},{"x":681,"y":585.33,"cmd":"L"},{"x":671,"y":585.35,"cmd":"L"},{"x":663,"y":585.36,"cmd":"L"},{"x":646,"y":585.36,"cmd":"L"},{"x":615,"y":585.36,"cmd":"L"},{"x":599,"y":585.36,"cmd":"L"},{"x":582,"y":585.36,"cmd":"L"},{"x":566,"y":585.36,"cmd":"L"},{"x":539,"y":585.36,"cmd":"L"},{"x":531.99,"y":586.06,"cmd":"L"},{"x":522,"y":586.29,"cmd":"L"},{"x":506,"y":586.35,"cmd":"L"},{"x":481.99,"y":588.14,"cmd":"L"},{"x":446,"y":588.34,"cmd":"L"},{"x":440,"y":588.36,"cmd":"L"},{"x":414,"y":588.36,"cmd":"L"},{"x":398,"y":588.36,"cmd":"L"},{"x":362,"y":587.44,"cmd":"L"},{"x":338,"y":587.37,"cmd":"L"},{"x":325.99,"y":586.56,"cmd":"L"},{"x":322,"y":586.45,"cmd":"L"},{"x":315,"y":586.39,"cmd":"L"},{"x":306,"y":586.37,"cmd":"L"},{"x":294,"y":586.36,"cmd":"L"},{"x":251.99,"y":583.56,"cmd":"L"},{"x":228.99,"y":581.61,"cmd":"L"},{"x":222.97,"y":580.77,"cmd":"L"},{"x":202.97,"y":577.8,"cmd":"L"},{"x":197.87,"y":576.24,"cmd":"L"},{"x":180.91,"y":572.08,"cmd":"L"},{"x":162.77,"y":564.51,"cmd":"L"},{"x":149.66,"y":557.74,"cmd":"L"},{"x":137.53,"y":549.98,"cmd":"L"},{"x":129.32,"y":543.26,"cmd":"L"},{"x":115.95,"y":527.64,"cmd":"L"},{"x":110.39,"y":517.02,"cmd":"L"},{"x":105.02,"y":502.18,"cmd":"L"},{"x":101.74,"y":489.27,"cmd":"L"},{"x":99.37,"y":470.34,"cmd":"L"},{"x":97.44,"y":457.33,"cmd":"L"},{"x":95.21,"y":426.35,"cmd":"L"},{"x":94.19,"y":410.35,"cmd":"L"},{"x":92.22,"y":383.35,"cmd":"L"},{"x":92.01,"y":337.36,"cmd":"L"},{"x":93.84,"y":303.36,"cmd":"L"},{"x":94.83,"y":286.36,"cmd":"L"},{"x":95.89,"y":256.36,"cmd":"L"},{"x":97.8,"y":228.35,"cmd":"L"},{"x":97.09,"y":204.36,"cmd":"L"},{"x":96.17,"y":188.36,"cmd":"L"},{"x":96.04,"y":178.36,"cmd":"L"},{"x":95.17,"y":163.36,"cmd":"L"},{"x":95.03,"y":150.36,"cmd":"L"},{"x":94.24,"y":140.35,"cmd":"L"},{"x":94.05,"y":128.36,"cmd":"L"},{"x":94.01,"y":115.36,"cmd":"L"},{"x":93.2,"y":103.35,"cmd":"L"},{"x":90.56,"y":89.31,"cmd":"L"},{"x":89.51,"y":83.32,"cmd":"L"},{"x":85.73,"y":68.27,"cmd":"L"},{"x":83.88,"y":62.23,"cmd":"L"},{"x":81.54,"y":49.31,"cmd":"L"},{"x":79.62,"y":40.3,"cmd":"L"},{"x":78.6,"y":35.3,"cmd":"L"},{"x":75.87,"y":26.23,"cmd":"L"},{"x":74.79,"y":22.26,"cmd":"L"},{"x":72.68,"y":13.28,"cmd":"L"},{"x":70.78,"y":6.26,"cmd":"L"},{"x":69.59,"y":0.3,"cmd":"L"},{"x":69.43,"y":0,"cmd":"L"}],"parentId":"Top","idx":1},{"type":"pencil","iteration":1,"blend":"normal","seed":579536140,"exportable":true,"findable":true,"fill":{"method":"fill","blend":"normal","enabled":false,"opacity":0,"type":"color","color":"black"},"filter":{"enabled":true,"opened":true,"stack":[]},"stroke":{"method":"stroke","blend":"normal","enabled":true,"opacity":1,"type":"color","color":"#ff0000","alignment":0.5,"lineCap":"round","lineDash":"none","lineDashOffset":0,"lineJoin":"miter","lineWidth":4.9,"lineWidthVariance":0,"miterLimit":4,"gradient":{"type":"linearGradient","noise":0,"spreadMethod":"pad","stops":[{"color":"#e43a15","offset":0},{"color":"#e65245","offset":1}],"x1":0,"y1":0.5,"x2":1,"y2":0.5}},"bbox":{"x":292.999976920487,"y":94,"width":399.0265861242722,"height":342.9882323942367,"rotation":0,"scale":{"x":1,"y":1},"skew":{"x":0,"y":0},"anchor":{"x":0,"y":0}},"id":"543577ff-c57d-41d6-962f-235cfb24aa08","pointerId":"you_67325","pathSmoothing":{"enabled":true,"alpha":0.5,"tension":1,"type":0},"path":[{"x":338,"y":0,"cmd":"M"},{"x":338,"y":4,"cmd":"L"},{"x":338,"y":13,"cmd":"L"},{"x":338,"y":24,"cmd":"L"},{"x":340.56,"y":41.03,"cmd":"L"},{"x":344.2,"y":54.11,"cmd":"L"},{"x":348.3,"y":71.08,"cmd":"L"},{"x":352.24,"y":86.1,"cmd":"L"},{"x":356.19,"y":100.11,"cmd":"L"},{"x":365,"y":125.17,"cmd":"L"},{"x":369.36,"y":145.07,"cmd":"L"},{"x":373.25,"y":160.1,"cmd":"L"},{"x":376.44,"y":177.05,"cmd":"L"},{"x":381.2,"y":194.11,"cmd":"L"},{"x":384.55,"y":216.03,"cmd":"L"},{"x":387.53,"y":235.04,"cmd":"L"},{"x":389.2,"y":241.11,"cmd":"L"},{"x":389.87,"y":257,"cmd":"L"},{"x":389.97,"y":266,"cmd":"L"},{"x":390.84,"y":282,"cmd":"L"},{"x":392.37,"y":289.07,"cmd":"L"},{"x":392.79,"y":295.01,"cmd":"L"},{"x":392.93,"y":301,"cmd":"L"},{"x":392.97,"y":305,"cmd":"L"},{"x":392.98,"y":308,"cmd":"L"},{"x":392.99,"y":309,"cmd":"L"},{"x":392.99,"y":310,"cmd":"L"},{"x":392.66,"y":310.5,"cmd":"L"},{"x":377.94,"y":313.42,"cmd":"L"},{"x":367,"y":313.87,"cmd":"L"},{"x":350,"y":313.98,"cmd":"L"},{"x":334,"y":314,"cmd":"L"},{"x":325,"y":314,"cmd":"L"},{"x":313.99,"y":314.79,"cmd":"L"},{"x":303.99,"y":315.72,"cmd":"L"},{"x":291.97,"y":317.55,"cmd":"L"},{"x":280.95,"y":319.48,"cmd":"L"},{"x":249,"y":320.87,"cmd":"L"},{"x":244,"y":320.95,"cmd":"L"},{"x":222.99,"y":322.74,"cmd":"L"},{"x":200,"y":323.86,"cmd":"L"},{"x":181,"y":323.98,"cmd":"L"},{"x":151.99,"y":325.81,"cmd":"L"},{"x":133,"y":325.97,"cmd":"L"},{"x":121.97,"y":327.57,"cmd":"L"},{"x":110,"y":327.91,"cmd":"L"},{"x":90.97,"y":330.58,"cmd":"L"},{"x":83.97,"y":331.58,"cmd":"L"},{"x":79,"y":331.84,"cmd":"L"},{"x":77,"y":331.9,"cmd":"L"},{"x":76,"y":331.93,"cmd":"L"},{"x":74,"y":331.96,"cmd":"L"},{"x":73,"y":331.97,"cmd":"L"},{"x":71,"y":331.98,"cmd":"L"},{"x":68.94,"y":332.4,"cmd":"L"},{"x":66.85,"y":333.08,"cmd":"L"},{"x":64.95,"y":333.44,"cmd":"L"},{"x":59.99,"y":333.79,"cmd":"L"},{"x":53,"y":333.94,"cmd":"L"},{"x":46.98,"y":334.65,"cmd":"L"},{"x":43.99,"y":334.82,"cmd":"L"},{"x":43,"y":334.87,"cmd":"L"},{"x":42,"y":334.9,"cmd":"L"},{"x":39.93,"y":335.36,"cmd":"L"},{"x":31.99,"y":335.82,"cmd":"L"},{"x":28.94,"y":336.42,"cmd":"L"},{"x":18,"y":336.88,"cmd":"L"},{"x":2,"y":336.98,"cmd":"L"},{"x":0,"y":336.99,"cmd":"L"}],"parentId":"Top","idx":2},{"type":"pencil","iteration":1,"blend":"normal","seed":1678451612,"exportable":true,"findable":true,"fill":{"method":"fill","blend":"normal","enabled":false,"opacity":0,"type":"color","color":"black"},"filter":{"enabled":true,"opened":true,"stack":[]},"stroke":{"method":"stroke","blend":"normal","enabled":true,"opacity":1,"type":"color","color":"#ff0000","alignment":0.5,"lineCap":"round","lineDash":"none","lineDashOffset":0,"lineJoin":"miter","lineWidth":4.9,"lineWidthVariance":0,"miterLimit":4,"gradient":{"type":"linearGradient","noise":0,"spreadMethod":"pad","stops":[{"color":"#e43a15","offset":0},{"color":"#e65245","offset":1}],"x1":0,"y1":0.5,"x2":1,"y2":0.5}},"bbox":{"x":636.0379836681594,"y":25,"width":56.96201633184057,"height":68.23650138153913,"rotation":0,"scale":{"x":1,"y":1},"skew":{"x":0,"y":0},"anchor":{"x":0,"y":0}},"id":"19c8e823-f3a6-4275-9733-bdea4e55ef20","pointerId":"you_67326","pathSmoothing":{"enabled":true,"alpha":0.5,"tension":1,"type":0},"path":[{"x":50.96,"y":0,"cmd":"M"},{"x":50.96,"y":0,"cmd":"L"},{"x":49.3,"y":3.32,"cmd":"L"},{"x":42.71,"y":12.56,"cmd":"L"},{"x":41.54,"y":14.45,"cmd":"L"},{"x":37.6,"y":20.49,"cmd":"L"},{"x":32.68,"y":27.54,"cmd":"L"},{"x":20.95,"y":40.76,"cmd":"L"},{"x":17.66,"y":45.53,"cmd":"L"},{"x":13.78,"y":50.62,"cmd":"L"},{"x":12.35,"y":53.34,"cmd":"L"},{"x":11.6,"y":54.49,"cmd":"L"},{"x":9.11,"y":56.91,"cmd":"L"},{"x":8.1,"y":57.9,"cmd":"L"},{"x":7.1,"y":58.89,"cmd":"L"},{"x":5.69,"y":58.25,"cmd":"L"},{"x":4.16,"y":54.75,"cmd":"L"},{"x":3.27,"y":45.98,"cmd":"L"},{"x":3.05,"y":39,"cmd":"L"},{"x":3.01,"y":36,"cmd":"L"},{"x":2.98,"y":31,"cmd":"L"},{"x":3.48,"y":27.96,"cmd":"L"},{"x":3.48,"y":27.96,"cmd":"L"},{"x":3.78,"y":33.01,"cmd":"L"},{"x":3.21,"y":40.01,"cmd":"L"},{"x":1.69,"y":46.09,"cmd":"L"},{"x":0.43,"y":54.04,"cmd":"L"},{"x":0.16,"y":58.01,"cmd":"L"},{"x":0.11,"y":59,"cmd":"L"},{"x":0.08,"y":60,"cmd":"L"},{"x":0.05,"y":61,"cmd":"L"},{"x":0.87,"y":61.85,"cmd":"L"},{"x":9.96,"y":61.96,"cmd":"L"},{"x":15.05,"y":60.71,"cmd":"L"},{"x":23.21,"y":57.19,"cmd":"L"},{"x":26.16,"y":56.07,"cmd":"L"},{"x":27.07,"y":55.81,"cmd":"L"},{"x":27.42,"y":55.59,"cmd":"L"}],"parentId":"Top","idx":3},{"type":"pencil","iteration":1,"blend":"normal","seed":1124840196,"exportable":true,"findable":true,"fill":{"method":"fill","blend":"normal","enabled":false,"opacity":0,"type":"color","color":"black"},"filter":{"enabled":true,"opened":true,"stack":[]},"stroke":{"method":"stroke","blend":"normal","enabled":true,"opacity":1,"type":"color","color":"#ff0000","alignment":0.5,"lineCap":"round","lineDash":"none","lineDashOffset":0,"lineJoin":"miter","lineWidth":4.9,"lineWidthVariance":0,"miterLimit":4,"gradient":{"type":"linearGradient","noise":0,"spreadMethod":"pad","stops":[{"color":"#e43a15","offset":0},{"color":"#e65245","offset":1}],"x1":0,"y1":0.5,"x2":1,"y2":0.5}},"bbox":{"x":627.6937612004746,"y":80.04865684967369,"width":13.339635333432852,"height":19.95134315032631,"rotation":0,"scale":{"x":1,"y":1},"skew":{"x":0,"y":0},"anchor":{"x":0,"y":0}},"id":"0868e38d-3729-48e2-b5f9-2972131721d8","pointerId":"you_67327","pathSmoothing":{"enabled":true,"alpha":0.5,"tension":1,"type":0},"path":[{"x":7.31,"y":13.95,"cmd":"M"},{"x":7.31,"y":13.95,"cmd":"L"},{"x":7.31,"y":12.95,"cmd":"L"},{"x":7.31,"y":11.95,"cmd":"L"},{"x":7.31,"y":10.95,"cmd":"L"},{"x":7.31,"y":8.95,"cmd":"L"},{"x":7.31,"y":5.95,"cmd":"L"},{"x":7.31,"y":4.95,"cmd":"L"},{"x":6.42,"y":2.74,"cmd":"L"},{"x":6.15,"y":1.83,"cmd":"L"},{"x":5.95,"y":0.88,"cmd":"L"},{"x":5.77,"y":0.57,"cmd":"L"},{"x":5.36,"y":0.14,"cmd":"L"},{"x":5.1,"y":0.04,"cmd":"L"},{"x":4.31,"y":0.02,"cmd":"L"},{"x":3.23,"y":0.27,"cmd":"L"},{"x":2.06,"y":0.77,"cmd":"L"},{"x":1.66,"y":1.09,"cmd":"L"},{"x":1.21,"y":1.63,"cmd":"L"},{"x":0.52,"y":3.21,"cmd":"L"},{"x":0.23,"y":4.1,"cmd":"L"},{"x":0,"y":5.03,"cmd":"L"},{"x":0.08,"y":5.96,"cmd":"L"},{"x":0.13,"y":6.96,"cmd":"L"},{"x":0.46,"y":8.07,"cmd":"L"},{"x":0.69,"y":8.43,"cmd":"L"},{"x":1.05,"y":9.22,"cmd":"L"},{"x":2.02,"y":11.24,"cmd":"L"},{"x":2.32,"y":12.12,"cmd":"L"}],"parentId":"Top","idx":4},{"type":"pen","iteration":2939,"pathSpacing":{"clamp":{"min":5},"compatOverlapSegments":false,"enabled":true,"type":1},"blend":"normal","seed":2073149318,"exportable":true,"findable":true,"fill":{"method":"fill","blend":"normal","enabled":false,"opacity":0,"type":"color","color":"black"},"filter":{"enabled":true,"opened":true,"stack":[]},"stroke":{"method":"stroke","blend":"normal","enabled":true,"opacity":1,"type":"color","color":"#ff0000","alignment":0.5,"lineCap":"round","lineDash":"none","lineDashOffset":0,"lineJoin":"miter","lineWidth":5.005,"lineWidthVariance":4.995,"miterLimit":4,"gradient":{"type":"linearGradient","noise":0,"spreadMethod":"pad","stops":[{"color":"#e43a15","offset":0},{"color":"#e65245","offset":1}],"x1":0,"y1":0.5,"x2":1,"y2":0.5}},"bbox":{"x":619.9987606,"y":137.5417436,"width":12.43,"height":11.46,"rotation":0,"scale":{"x":1,"y":1},"skew":{"x":0,"y":0},"anchor":{"x":0,"y":0}},"id":"68eefd2c-6ca5-4a3c-a2b9-9c9607e4d4d2","pointerId":"you_67331","path":[{"x":0,"y":1.46,"cmd":"M"},{"x":2.43,"y":0,"cmd":"L"}],"parentId":"Top","idx":5},{"type":"pen","iteration":2941,"pathSpacing":{"clamp":{"min":5},"compatOverlapSegments":false,"enabled":true,"type":1},"blend":"normal","seed":1699104250,"exportable":true,"findable":true,"fill":{"method":"fill","blend":"normal","enabled":false,"opacity":0,"type":"color","color":"black"},"filter":{"enabled":true,"opened":true,"stack":[]},"stroke":{"method":"stroke","blend":"normal","enabled":true,"opacity":1,"type":"color","color":"#ff0000","alignment":0.5,"lineCap":"round","lineDash":"none","lineDashOffset":0,"lineJoin":"miter","lineWidth":5.005,"lineWidthVariance":4.995,"miterLimit":4,"gradient":{"type":"linearGradient","noise":0,"spreadMethod":"pad","stops":[{"color":"#e43a15","offset":0},{"color":"#e65245","offset":1}],"x1":0,"y1":0.5,"x2":1,"y2":0.5}},"bbox":{"x":403.3697814,"y":39.9997238,"width":47.70296676993908,"height":86.37694355774245,"rotation":0,"scale":{"x":1,"y":1},"skew":{"x":0,"y":0},"anchor":{"x":0,"y":0}},"id":"7dfc36b9-5936-44cc-86c5-c555ee726dd7","pointerId":"you_67332","path":[{"x":12.63,"y":0,"cmd":"M"},{"x":12.63,"y":1,"cmd":"L"},{"x":12.63,"y":5,"cmd":"L"},{"x":12.63,"y":12,"cmd":"L"},{"x":12.63,"y":14,"cmd":"L"},{"x":13.36,"y":22.01,"cmd":"L"},{"x":13.49,"y":25,"cmd":"L"},{"x":13.56,"y":28,"cmd":"L"},{"x":14.23,"y":33.03,"cmd":"L"},{"x":15.11,"y":38.05,"cmd":"L"},{"x":16.13,"y":44.04,"cmd":"L"},{"x":16.9,"y":47.09,"cmd":"L"},{"x":17.31,"y":51.02,"cmd":"L"},{"x":17.49,"y":55,"cmd":"L"},{"x":17.58,"y":60,"cmd":"L"},{"x":17.6,"y":62,"cmd":"L"},{"x":17.61,"y":64,"cmd":"L"},{"x":17.62,"y":65,"cmd":"L"},{"x":14.59,"y":64.49,"cmd":"L"},{"x":10.15,"y":61.63,"cmd":"L"},{"x":4.13,"y":57.65,"cmd":"L"},{"x":-0.11,"y":53.97,"cmd":"L"},{"x":-0.14,"y":54,"cmd":"L"},{"x":-0.25,"y":57,"cmd":"L"},{"x":0.73,"y":60.14,"cmd":"L"},{"x":3.15,"y":64.39,"cmd":"L"},{"x":4.21,"y":66.36,"cmd":"L"},{"x":9.54,"y":71.85,"cmd":"L"},{"x":12.31,"y":74.1,"cmd":"L"},{"x":13.88,"y":74.8,"cmd":"L"},{"x":15.04,"y":75.48,"cmd":"L"},{"x":15.87,"y":75.83,"cmd":"L"},{"x":17.72,"y":76.28,"cmd":"L"},{"x":18.68,"y":76.46,"cmd":"L"},{"x":19.82,"y":76.04,"cmd":"L"},{"x":25.79,"y":68.37,"cmd":"L"},{"x":30.16,"y":60.61,"cmd":"L"},{"x":33.47,"y":52.76,"cmd":"L"},{"x":35.61,"y":46.82,"cmd":"L"},{"x":36.47,"y":44.77,"cmd":"L"},{"x":37.24,"y":38.97,"cmd":"L"},{"x":37.33,"y":37.99,"cmd":"L"},{"x":37.7,"y":36.85,"cmd":"L"}],"parentId":"Top","idx":6}],"resources":[]}