{"version":"2021.4.25.11","config":{"name":"Drawing-16.sketchpad","surface":{"method":"fill","blend":"normal","enabled":true,"opacity":1,"type":"color","color":"#ffffff"},"clipPath":{"enabled":true,"style":{"strokeStyle":"black","lineWidth":1}},"description":"Made with Sketchpad","metadata":{},"exportDPI":72,"exportFormat":"png","exportQuality":0.95,"units":"px","width":1536,"height":731,"pages":[{"width":1536,"height":731}],"uuid":"68cb65e0-5dc6-4f6e-b853-0d8e73f47712"},"layers":[{"type":"pencil","iteration":1,"blend":"normal","seed":662851689,"exportable":true,"findable":true,"fill":{"method":"fill","blend":"normal","enabled":false,"opacity":0,"type":"color","color":"black"},"filter":{"enabled":true,"opened":true,"stack":[]},"stroke":{"method":"stroke","blend":"normal","enabled":true,"opacity":1,"type":"color","color":"#074dff","alignment":0.5,"lineCap":"round","lineDash":"none","lineDashOffset":0,"lineJoin":"miter","lineWidth":2,"lineWidthVariance":0,"miterLimit":4},"bbox":{"x":260,"y":126,"width":2.01,"height":2.01,"rotation":0,"scale":{"x":1,"y":1},"skew":{"x":0,"y":0},"anchor":{"x":0,"y":0}},"id":"781c8fca-4b05-4734-8bbd-446b16a89a81","pointerId":"you_65541","pathSmoothing":{"enabled":true,"alpha":0.5,"tension":1,"type":0},"path":[{"x":0,"y":0,"cmd":"M"},{"x":0,"y":0,"cmd":"L"}],"parentId":"Top","idx":0},{"type":"fancyText","content":"AOP","fitText":true,"fontFamily":"source-sans-pro","fontSize":89,"fontStyle":"normal","fontVariant":"normal","fontWeight":400,"letterSpacing":0,"lineHeight":1,"searchTerm":"","textAlign":"center","textDecoration":"none","textTransform":"none","whiteSpace":"pre-wrap","wordSpacing":0,"blend":"normal","exportable":true,"findable":true,"fill":{"method":"fill","blend":"normal","enabled":true,"opacity":1,"type":"color","color":"#000000"},"filter":{"enabled":true,"opened":true,"stack":[]},"stroke":{"method":"stroke","blend":"normal","enabled":false,"opacity":0,"type":"gradient","gradient":{"type":"linearGradient","noise":0,"spreadMethod":"pad","stops":[{"color":"#e43a15","offset":0},{"color":"#e65245","offset":1}],"x1":0.5,"y1":1,"x2":0.5,"y2":0},"alignment":0.5,"lineCap":"round","lineDash":"none","lineDashOffset":0,"lineJoin":"miter","lineWidth":1,"lineWidthVariance":0,"miterLimit":4,"color":"black"},"bbox":{"x":544.800048828125,"y":-5.000007629394531,"width":495.3333333333333,"height":100,"rotation":0,"scale":{"x":1,"y":1},"skew":{"x":0,"y":0},"anchor":{"x":0,"y":0}},"id":"3039b244-3902-4d9e-add0-5064e38dac3b","seed":581537734,"pointerId":"you_65545","parentId":"Top","idx":1},{"type":"fancyText","content":"DAO","fitText":true,"fontFamily":"source-sans-pro","fontSize":89,"fontStyle":"normal","fontVariant":"normal","fontWeight":400,"letterSpacing":0,"lineHeight":1,"searchTerm":"","textAlign":"center","textDecoration":"none","textTransform":"none","whiteSpace":"pre-wrap","wordSpacing":0,"blend":"normal","exportable":true,"findable":true,"fill":{"method":"fill","blend":"normal","enabled":true,"opacity":1,"type":"color","color":"#000000"},"filter":{"enabled":true,"opened":true,"stack":[]},"stroke":{"method":"stroke","blend":"normal","enabled":false,"opacity":0,"type":"gradient","gradient":{"type":"linearGradient","noise":0,"spreadMethod":"pad","stops":[{"color":"#e43a15","offset":0},{"color":"#e65245","offset":1}],"x1":0.5,"y1":1,"x2":0.5,"y2":0},"alignment":0.5,"lineCap":"round","lineDash":"none","lineDashOffset":0,"lineJoin":"miter","lineWidth":1,"lineWidthVariance":0,"miterLimit":4,"color":"black"},"bbox":{"x":35.198405830450724,"y":150.79998779296875,"width":495.3333333333333,"height":100,"rotation":0,"scale":{"x":1,"y":1},"skew":{"x":0,"y":0},"anchor":{"x":0,"y":0}},"id":"f2d3fcf8-6b9a-406b-a928-e8c2000283f0","seed":703557890,"pointerId":"you_65561","parentId":"Top","idx":2},{"type":"fancyText","content":"AccountDAO extend ","fitText":true,"fontFamily":"source-sans-pro","fontSize":58,"fontStyle":"normal","fontVariant":"normal","fontWeight":400,"letterSpacing":0,"lineHeight":1,"searchTerm":"","textAlign":"center","textDecoration":"none","textTransform":"none","whiteSpace":"pre-wrap","wordSpacing":0,"blend":"normal","exportable":true,"findable":true,"fill":{"method":"fill","blend":"normal","enabled":true,"opacity":1,"type":"color","color":"#000000"},"filter":{"enabled":true,"opened":true,"stack":[]},"stroke":{"method":"stroke","blend":"normal","enabled":false,"opacity":0,"type":"gradient","gradient":{"type":"linearGradient","noise":0,"spreadMethod":"pad","stops":[{"color":"#e43a15","offset":0},{"color":"#e65245","offset":1}],"x1":0.5,"y1":1,"x2":0.5,"y2":0},"alignment":0.5,"lineCap":"round","lineDash":"none","lineDashOffset":0,"lineJoin":"miter","lineWidth":1,"lineWidthVariance":0,"miterLimit":4,"color":"black"},"bbox":{"x":556.7999877929688,"y":157.40000915527344,"width":495.3333333333333,"height":100,"rotation":0,"scale":{"x":1,"y":1},"skew":{"x":0,"y":0},"anchor":{"x":0,"y":0}},"id":"1cf6974e-3a2e-4e87-9073-0e452879dc60","seed":2011141180,"pointerId":"you_65582","parentId":"Top","idx":3},{"type":"fancyText","content":"public void addAccount(){\n//add to logging\n//security\n//sent Email before every add command\n\nSystem.out.print(\"added\");\n}","fitText":true,"fontFamily":"source-sans-pro","fontSize":28.875,"fontStyle":"normal","fontVariant":"normal","fontWeight":400,"letterSpacing":0,"lineHeight":1,"searchTerm":"","textAlign":"left","textDecoration":"none","textTransform":"none","whiteSpace":"pre-wrap","wordSpacing":0,"blend":"normal","exportable":true,"findable":true,"fill":{"method":"fill","blend":"normal","enabled":true,"opacity":1,"type":"color","color":"#000000"},"filter":{"enabled":true,"opened":true,"stack":[]},"stroke":{"method":"stroke","blend":"normal","enabled":false,"opacity":0,"type":"gradient","gradient":{"type":"linearGradient","noise":0,"spreadMethod":"pad","stops":[{"color":"#e43a15","offset":0},{"color":"#e65245","offset":1}],"x1":0.5,"y1":1,"x2":0.5,"y2":0},"alignment":0.5,"lineCap":"round","lineDash":"none","lineDashOffset":0,"lineJoin":"miter","lineWidth":1,"lineWidthVariance":0,"miterLimit":4,"color":"black"},"bbox":{"x":26.398402778692912,"y":291.79958706482466,"width":537.9934324628358,"height":206.9763418605894,"rotation":0,"scale":{"x":1,"y":1},"skew":{"x":0,"y":0},"anchor":{"x":0,"y":0}},"id":"2f7ca729-b96f-4888-a35c-81605415dde7","seed":678523419,"pointerId":"you_65637","parentId":"Top","idx":4},{"type":"fancyText","content":"public void  deleteAccount(){\n//add to logging\n//security\n//sent Email before every add command\n\nSystem.out.print(\"added\");\n}","fitText":true,"fontFamily":"source-sans-pro","fontSize":28.875,"fontStyle":"normal","fontVariant":"normal","fontWeight":400,"letterSpacing":0,"lineHeight":1,"searchTerm":"","textAlign":"left","textDecoration":"none","textTransform":"none","whiteSpace":"pre-wrap","wordSpacing":0,"bbox":{"x":572.1984058304507,"y":280.7996175824028,"width":537.9934324628358,"height":206.9763418605894,"rotation":0,"scale":{"x":1,"y":1},"skew":{"x":0,"y":0},"anchor":{"x":0,"y":0}},"blend":"normal","id":"9c6bbd36-3398-409f-802c-51d8b9e17775","idx":5,"pointerId":"you_65637","seed":678523419,"fill":{"method":"fill","blend":"normal","enabled":true,"opacity":1,"type":"color","color":"#000000"},"parentId":"Top"},{"type":"fancyText","content":"public void  deleteCustomer(){\n//add to logging\n//security\n//sent Email before every add command\n\nSystem.out.print(\"added\");\n}","fitText":true,"fontFamily":"source-sans-pro","fontSize":28.875,"fontStyle":"normal","fontVariant":"normal","fontWeight":400,"letterSpacing":0,"lineHeight":1,"searchTerm":"","textAlign":"left","textDecoration":"none","textTransform":"none","whiteSpace":"pre-wrap","wordSpacing":0,"bbox":{"x":13.998393623419474,"y":515.3995626507622,"width":537.9934324628358,"height":206.9763418605894,"rotation":0,"scale":{"x":1,"y":1},"skew":{"x":0,"y":0},"anchor":{"x":0,"y":0}},"blend":"normal","id":"175c19c4-525d-4aa6-9699-53e1912ac885","idx":6,"pointerId":"you_65637","seed":678523419,"fill":{"method":"fill","blend":"normal","enabled":true,"opacity":1,"type":"color","color":"#000000"},"parentId":"Top"},{"type":"fancyText","content":"public void  deleteCustomer(){\n//add to logging\n//security\n//sent Email before every add command\n\nSystem.out.print(\"added\");\n}","fitText":true,"fontFamily":"source-sans-pro","fontSize":28.875,"fontStyle":"normal","fontVariant":"normal","fontWeight":400,"letterSpacing":0,"lineHeight":1,"searchTerm":"","textAlign":"left","textDecoration":"none","textTransform":"none","whiteSpace":"pre-wrap","wordSpacing":0,"bbox":{"x":574.1983905716617,"y":515.5995748577934,"width":537.9934324628358,"height":206.9763418605894,"rotation":0,"scale":{"x":1,"y":1},"skew":{"x":0,"y":0},"anchor":{"x":0,"y":0}},"blend":"normal","id":"acb1567f-6d18-4066-bd0d-1a6887f4314c","idx":7,"pointerId":"you_65637","seed":678523419,"fill":{"method":"fill","blend":"normal","enabled":true,"opacity":1,"type":"color","color":"#000000"},"parentId":"Top"},{"type":"fancyText","content":"97 DAO 5 methods ","fitText":true,"fontFamily":"source-sans-pro","fontSize":64,"fontStyle":"normal","fontVariant":"normal","fontWeight":400,"letterSpacing":0,"lineHeight":1,"searchTerm":"","textAlign":"left","textDecoration":"none","textTransform":"none","whiteSpace":"pre-wrap","wordSpacing":0,"blend":"normal","exportable":true,"findable":true,"fill":{"method":"fill","blend":"normal","enabled":true,"opacity":1,"type":"color","color":"#000000"},"filter":{"enabled":true,"opened":true,"stack":[]},"stroke":{"method":"stroke","blend":"normal","enabled":false,"opacity":0,"type":"gradient","gradient":{"type":"linearGradient","noise":0,"spreadMethod":"pad","stops":[{"color":"#e43a15","offset":0},{"color":"#e65245","offset":1}],"x1":0.5,"y1":1,"x2":0.5,"y2":0},"alignment":0.5,"lineCap":"round","lineDash":"none","lineDashOffset":0,"lineJoin":"miter","lineWidth":1,"lineWidthVariance":0,"miterLimit":4,"color":"black"},"bbox":{"x":125.4000244140625,"y":50.19843659362897,"width":495.3333333333333,"height":100,"rotation":0,"scale":{"x":1,"y":1},"skew":{"x":0,"y":0},"anchor":{"x":0,"y":0}},"id":"ddab82d2-7aad-4ba2-b32a-fb3e2d7eb2bb","seed":1860941359,"pointerId":"you_65896","parentId":"Top","idx":8},{"type":"pencil","iteration":1,"blend":"normal","seed":1658368231,"exportable":true,"findable":true,"fill":{"method":"fill","blend":"normal","enabled":false,"opacity":0,"type":"color","color":"black"},"filter":{"enabled":true,"opened":true,"stack":[]},"stroke":{"method":"stroke","blend":"normal","enabled":true,"opacity":1,"type":"color","color":"#074dff","alignment":0.5,"lineCap":"round","lineDash":"none","lineDashOffset":0,"lineJoin":"miter","lineWidth":2,"lineWidthVariance":0,"miterLimit":4},"bbox":{"x":444,"y":330,"width":2.01,"height":2.01,"rotation":0,"scale":{"x":1,"y":1},"skew":{"x":0,"y":0},"anchor":{"x":0,"y":0}},"id":"67bad9a5-da76-419c-9c7b-f71fc8631461","pointerId":"you_65927","pathSmoothing":{"enabled":true,"alpha":0.5,"tension":1,"type":0},"path":[{"x":0,"y":0,"cmd":"M"}],"parentId":"Top","idx":9},{"type":"pencil","iteration":1,"blend":"normal","seed":117495340,"exportable":true,"findable":true,"fill":{"method":"fill","blend":"normal","enabled":false,"opacity":0,"type":"color","color":"black"},"filter":{"enabled":true,"opened":true,"stack":[]},"stroke":{"method":"stroke","blend":"normal","enabled":true,"opacity":1,"type":"color","color":"#074dff","alignment":0.5,"lineCap":"round","lineDash":"none","lineDashOffset":0,"lineJoin":"miter","lineWidth":2,"lineWidthVariance":0,"miterLimit":4},"bbox":{"x":498,"y":328.1750954690773,"width":36.91526892912725,"height":90.31825512192347,"rotation":0,"scale":{"x":1,"y":1},"skew":{"x":0,"y":0},"anchor":{"x":0,"y":0}},"id":"281ebefd-6ceb-44d2-a443-1bdf19017aca","pointerId":"you_65928","pathSmoothing":{"enabled":true,"alpha":0.5,"tension":1,"type":0},"path":[{"x":0,"y":3.82,"cmd":"M"},{"x":0,"y":3.82,"cmd":"L"},{"x":0,"y":3.82,"cmd":"L"},{"x":0.15,"y":3.77,"cmd":"L"},{"x":0.52,"y":3.52,"cmd":"L"},{"x":2.69,"y":1.73,"cmd":"L"},{"x":3.4,"y":1.32,"cmd":"L"},{"x":4.23,"y":0.98,"cmd":"L"},{"x":5.13,"y":0.7,"cmd":"L"},{"x":7.05,"y":0.36,"cmd":"L"},{"x":9.02,"y":0.15,"cmd":"L"},{"x":10.01,"y":0.07,"cmd":"L"},{"x":11.01,"y":0.01,"cmd":"L"},{"x":12.06,"y":0.22,"cmd":"L"},{"x":14.58,"y":2.06,"cmd":"L"},{"x":15.02,"y":2.57,"cmd":"L"},{"x":17.39,"y":6.29,"cmd":"L"},{"x":18.28,"y":9.91,"cmd":"L"},{"x":18.69,"y":13.84,"cmd":"L"},{"x":18.84,"y":16.83,"cmd":"L"},{"x":18.93,"y":20.83,"cmd":"L"},{"x":19.23,"y":21.93,"cmd":"L"},{"x":19.61,"y":24.85,"cmd":"L"},{"x":20.01,"y":25.99,"cmd":"L"},{"x":20.25,"y":26.92,"cmd":"L"},{"x":20.99,"y":29,"cmd":"L"},{"x":21.61,"y":30.17,"cmd":"L"},{"x":21.93,"y":31.02,"cmd":"L"},{"x":23.12,"y":32.49,"cmd":"L"},{"x":23.67,"y":32.94,"cmd":"L"},{"x":24.39,"y":33.35,"cmd":"L"},{"x":25.22,"y":33.69,"cmd":"L"},{"x":25.22,"y":33.69,"cmd":"L"},{"x":26.31,"y":33.15,"cmd":"L"},{"x":27.77,"y":31.83,"cmd":"L"},{"x":28.21,"y":31.24,"cmd":"L"},{"x":28.61,"y":30.48,"cmd":"L"},{"x":28.93,"y":29.63,"cmd":"L"},{"x":28.93,"y":29.63,"cmd":"L"},{"x":28.93,"y":29.63,"cmd":"L"},{"x":28.93,"y":29.63,"cmd":"L"},{"x":28.93,"y":29.63,"cmd":"L"},{"x":28.93,"y":29.63,"cmd":"L"},{"x":28.26,"y":31.1,"cmd":"L"},{"x":27.64,"y":33.89,"cmd":"L"},{"x":28.42,"y":37.88,"cmd":"L"},{"x":29.23,"y":40.93,"cmd":"L"},{"x":29.98,"y":43,"cmd":"L"},{"x":30.84,"y":45.06,"cmd":"L"},{"x":31.95,"y":48.02,"cmd":"L"},{"x":32.58,"y":49.18,"cmd":"L"},{"x":33.82,"y":52.07,"cmd":"L"},{"x":34.1,"y":52.96,"cmd":"L"},{"x":34.45,"y":54.88,"cmd":"L"},{"x":34.67,"y":56.84,"cmd":"L"},{"x":34.86,"y":60.83,"cmd":"L"},{"x":32.82,"y":67.94,"cmd":"L"},{"x":31.89,"y":70.96,"cmd":"L"},{"x":24.02,"y":79.61,"cmd":"L"},{"x":20.46,"y":82.1,"cmd":"L"},{"x":17.68,"y":83.49,"cmd":"L"},{"x":13.52,"y":86.19,"cmd":"L"},{"x":11.82,"y":86.8,"cmd":"L"},{"x":9.77,"y":87.67,"cmd":"L"},{"x":5.96,"y":88.32,"cmd":"L"}],"parentId":"Top","idx":10},{"type":"fancyText","content":"class before","fitText":true,"fontFamily":"source-sans-pro","fontSize":41,"fontStyle":"normal","fontVariant":"normal","fontWeight":400,"letterSpacing":0,"lineHeight":1,"searchTerm":"","textAlign":"left","textDecoration":"none","textTransform":"none","whiteSpace":"pre-wrap","wordSpacing":0,"blend":"normal","exportable":true,"findable":true,"fill":{"method":"fill","blend":"normal","enabled":true,"opacity":1,"type":"color","color":"#000000"},"filter":{"enabled":true,"opened":true,"stack":[]},"stroke":{"method":"stroke","blend":"normal","enabled":false,"opacity":0,"type":"gradient","gradient":{"type":"linearGradient","noise":0,"spreadMethod":"pad","stops":[{"color":"#e43a15","offset":0},{"color":"#e65245","offset":1}],"x1":0.5,"y1":1,"x2":0.5,"y2":0},"alignment":0.5,"lineCap":"round","lineDash":"none","lineDashOffset":0,"lineJoin":"miter","lineWidth":1,"lineWidthVariance":0,"miterLimit":4,"color":"black"},"bbox":{"x":1233.2316139859686,"y":359.18712325050166,"width":251.6999970039874,"height":46.211325550158605,"rotation":0,"scale":{"x":1,"y":1},"skew":{"x":0,"y":0},"anchor":{"x":0,"y":0}},"id":"f52ab853-7325-4c9b-a979-6becc60c6ae1","seed":1095875586,"pointerId":"you_65946","parentId":"Top","idx":11},{"type":"fancyText","content":"//add to logging\n//security\n//sent Email before every ","fitText":true,"fontFamily":"source-sans-pro","fontSize":23.875,"fontStyle":"normal","fontVariant":"normal","fontWeight":400,"letterSpacing":0,"lineHeight":1,"searchTerm":"","textAlign":"left","textDecoration":"none","textTransform":"none","whiteSpace":"pre-wrap","wordSpacing":0,"bbox":{"x":1247.598430244513,"y":406.59960537537154,"width":387.911633475474,"height":76.58542459071515,"rotation":0,"scale":{"x":1,"y":1},"skew":{"x":0,"y":0},"anchor":{"x":0,"y":0}},"blend":"normal","id":"b09b67c6-f068-424a-a761-5c8be2835563","idx":12,"pointerId":"you_65637","seed":678523419,"fill":{"method":"fill","blend":"normal","enabled":true,"opacity":1,"type":"color","color":"#000000"},"parentId":"Top"},{"type":"pencil","iteration":1,"blend":"normal","seed":63509724,"exportable":true,"findable":true,"fill":{"method":"fill","blend":"normal","enabled":false,"opacity":0,"type":"color","color":"black"},"filter":{"enabled":true,"opened":true,"stack":[]},"stroke":{"method":"stroke","blend":"normal","enabled":true,"opacity":1,"type":"color","color":"#074dff","alignment":0.5,"lineCap":"round","lineDash":"none","lineDashOffset":0,"lineJoin":"miter","lineWidth":2,"lineWidthVariance":0,"miterLimit":4},"bbox":{"x":1152.2738276227249,"y":148.29667214983272,"width":41.76965512324773,"height":66.70332785016728,"rotation":0,"scale":{"x":1,"y":1},"skew":{"x":0,"y":0},"anchor":{"x":0,"y":0}},"id":"f7914c3e-5c56-492e-b87a-43c4a10f12ec","pointerId":"you_65995","pathSmoothing":{"enabled":true,"alpha":0.5,"tension":1,"type":0},"path":[{"x":0.73,"y":64.7,"cmd":"M"},{"x":0.73,"y":64.7,"cmd":"L"},{"x":0.45,"y":63.61,"cmd":"L"},{"x":0,"y":58.69,"cmd":"L"},{"x":0.51,"y":51.7,"cmd":"L"},{"x":1.42,"y":42.69,"cmd":"L"},{"x":2.24,"y":37.66,"cmd":"L"},{"x":4,"y":30.61,"cmd":"L"},{"x":11.35,"y":16.37,"cmd":"L"},{"x":15.27,"y":9.33,"cmd":"L"},{"x":18.98,"y":4.14,"cmd":"L"},{"x":20.15,"y":2.25,"cmd":"L"},{"x":21.6,"y":0.82,"cmd":"L"},{"x":22.24,"y":0.38,"cmd":"L"},{"x":23.02,"y":0,"cmd":"L"},{"x":25.85,"y":0.85,"cmd":"L"},{"x":30.44,"y":4.76,"cmd":"L"},{"x":35.49,"y":15.97,"cmd":"L"},{"x":38.71,"y":24.88,"cmd":"L"},{"x":39.28,"y":28.74,"cmd":"L"},{"x":39.58,"y":34.71,"cmd":"L"},{"x":39.68,"y":40.7,"cmd":"L"},{"x":38.53,"y":44.81,"cmd":"L"},{"x":37.02,"y":47.99,"cmd":"L"},{"x":36.71,"y":48.87,"cmd":"L"},{"x":36.45,"y":49.25,"cmd":"L"},{"x":35.95,"y":49.69,"cmd":"L"},{"x":35.59,"y":49.58,"cmd":"L"},{"x":32.17,"y":43.33,"cmd":"L"},{"x":29.96,"y":38.44,"cmd":"L"},{"x":29.27,"y":34.65,"cmd":"L"},{"x":28.96,"y":30.69,"cmd":"L"},{"x":28.83,"y":26.7,"cmd":"L"},{"x":29.28,"y":23.67,"cmd":"L"},{"x":29.41,"y":23.4,"cmd":"L"},{"x":29.72,"y":22.53,"cmd":"L"},{"x":29.72,"y":22.53,"cmd":"L"},{"x":26.67,"y":23.13,"cmd":"L"},{"x":22.65,"y":24.04,"cmd":"L"},{"x":18.38,"y":26.3,"cmd":"L"},{"x":17.53,"y":26.63,"cmd":"L"},{"x":16.61,"y":26.89,"cmd":"L"},{"x":15.66,"y":27.09,"cmd":"L"},{"x":14.69,"y":27.24,"cmd":"L"},{"x":13.71,"y":27.35,"cmd":"L"}],"parentId":"Top","idx":13},{"type":"pencil","iteration":1,"blend":"normal","seed":1671575432,"exportable":true,"findable":true,"fill":{"method":"fill","blend":"normal","enabled":false,"opacity":0,"type":"color","color":"black"},"filter":{"enabled":true,"opened":true,"stack":[]},"stroke":{"method":"stroke","blend":"normal","enabled":true,"opacity":1,"type":"color","color":"#074dff","alignment":0.5,"lineCap":"round","lineDash":"none","lineDashOffset":0,"lineJoin":"miter","lineWidth":2,"lineWidthVariance":0,"miterLimit":4},"bbox":{"x":1216.9415440656728,"y":164.08647395092504,"width":19.74585319203652,"height":31.84555248082279,"rotation":0,"scale":{"x":1,"y":1},"skew":{"x":0,"y":0},"anchor":{"x":0,"y":0}},"id":"d89e9883-3f57-46b7-99e0-43ad5556178b","pointerId":"you_65996","pathSmoothing":{"enabled":true,"alpha":0.5,"tension":1,"type":0},"path":[{"x":3.06,"y":10.91,"cmd":"M"},{"x":3.06,"y":10.91,"cmd":"L"},{"x":2.39,"y":16.93,"cmd":"L"},{"x":2.18,"y":21.92,"cmd":"L"},{"x":3.37,"y":26.99,"cmd":"L"},{"x":3.54,"y":27.96,"cmd":"L"},{"x":4.45,"y":29.38,"cmd":"L"},{"x":4.9,"y":29.83,"cmd":"L"},{"x":6.13,"y":29.56,"cmd":"L"},{"x":9.32,"y":28.13,"cmd":"L"},{"x":14.01,"y":23.11,"cmd":"L"},{"x":16.85,"y":16.66,"cmd":"L"},{"x":17.32,"y":14.82,"cmd":"L"},{"x":17.74,"y":10.9,"cmd":"L"},{"x":17.35,"y":6.9,"cmd":"L"},{"x":14.81,"y":3.35,"cmd":"L"},{"x":11.63,"y":1.45,"cmd":"L"},{"x":8.95,"y":0.71,"cmd":"L"},{"x":6.03,"y":0.32,"cmd":"L"},{"x":3.05,"y":0.12,"cmd":"L"},{"x":1.92,"y":1.56,"cmd":"L"},{"x":1,"y":2.63,"cmd":"L"},{"x":0.09,"y":5.1,"cmd":"L"},{"x":0.07,"y":8.91,"cmd":"L"},{"x":0.07,"y":9.91,"cmd":"L"}],"parentId":"Top","idx":14},{"type":"pencil","iteration":1,"blend":"normal","seed":1501153636,"exportable":true,"findable":true,"fill":{"method":"fill","blend":"normal","enabled":false,"opacity":0,"type":"color","color":"black"},"filter":{"enabled":true,"opened":true,"stack":[]},"stroke":{"method":"stroke","blend":"normal","enabled":true,"opacity":1,"type":"color","color":"#074dff","alignment":0.5,"lineCap":"round","lineDash":"none","lineDashOffset":0,"lineJoin":"miter","lineWidth":2,"lineWidthVariance":0,"miterLimit":4},"bbox":{"x":1240,"y":136.93595875614687,"width":39.422988989010946,"height":92.5186923928583,"rotation":0,"scale":{"x":1,"y":1},"skew":{"x":0,"y":0},"anchor":{"x":0,"y":0}},"id":"a2659ac1-59b4-4991-84eb-73c6ebea5f5e","pointerId":"you_65997","pathSmoothing":{"enabled":true,"alpha":0.5,"tension":1,"type":0},"path":[{"x":0,"y":35.06,"cmd":"M"},{"x":0.67,"y":41.08,"cmd":"L"},{"x":4.22,"y":54.17,"cmd":"L"},{"x":5.62,"y":65.09,"cmd":"L"},{"x":8.38,"y":78.13,"cmd":"L"},{"x":10.36,"y":87.13,"cmd":"L"},{"x":11.2,"y":90.17,"cmd":"L"},{"x":11.41,"y":90.52,"cmd":"L"},{"x":12.5,"y":84.02,"cmd":"L"},{"x":11.28,"y":71.05,"cmd":"L"},{"x":11.03,"y":46.06,"cmd":"L"},{"x":11,"y":27.06,"cmd":"L"},{"x":11.63,"y":22.04,"cmd":"L"},{"x":18.01,"y":3.89,"cmd":"L"},{"x":19.42,"y":1.61,"cmd":"L"},{"x":22.27,"y":0.31,"cmd":"L"},{"x":25,"y":0.19,"cmd":"L"},{"x":34.78,"y":9.05,"cmd":"L"},{"x":36.58,"y":12.42,"cmd":"L"},{"x":37.37,"y":16.13,"cmd":"L"},{"x":34.6,"y":20.53,"cmd":"L"},{"x":31.54,"y":22.46,"cmd":"L"},{"x":26.71,"y":24.77,"cmd":"L"},{"x":25.55,"y":25.49,"cmd":"L"}],"parentId":"Top","idx":15},{"type":"pencil","iteration":1,"blend":"normal","seed":1858790377,"exportable":true,"findable":true,"fill":{"method":"fill","blend":"normal","enabled":false,"opacity":0,"type":"color","color":"black"},"filter":{"enabled":true,"opened":true,"stack":[]},"stroke":{"method":"stroke","blend":"normal","enabled":true,"opacity":1,"type":"color","color":"#074dff","alignment":0.5,"lineCap":"round","lineDash":"none","lineDashOffset":0,"lineJoin":"miter","lineWidth":2,"lineWidthVariance":0,"miterLimit":4},"bbox":{"x":1123.3944208124183,"y":94.80709929193516,"width":220.12296533123686,"height":137.19290070806483,"rotation":0,"scale":{"x":1,"y":1},"skew":{"x":0,"y":0},"anchor":{"x":0,"y":0}},"id":"75977d20-c29b-478e-b7db-51a60b2c99ee","pointerId":"you_65998","pathSmoothing":{"enabled":true,"alpha":0.5,"tension":1,"type":0},"path":[{"x":5.61,"y":135.19,"cmd":"M"},{"x":5.61,"y":135.19,"cmd":"L"},{"x":13.03,"y":130.74,"cmd":"L"},{"x":50.63,"y":125.6,"cmd":"L"},{"x":65.61,"y":125.26,"cmd":"L"},{"x":106.62,"y":121.47,"cmd":"L"},{"x":134.61,"y":121.22,"cmd":"L"},{"x":174.62,"y":117.47,"cmd":"L"},{"x":206.63,"y":113.56,"cmd":"L"},{"x":213.69,"y":111.88,"cmd":"L"},{"x":215.63,"y":111.61,"cmd":"L"},{"x":215.9,"y":111.48,"cmd":"L"},{"x":216.32,"y":111.13,"cmd":"L"},{"x":217.53,"y":107.99,"cmd":"L"},{"x":218.06,"y":105.14,"cmd":"L"},{"x":217.69,"y":92.19,"cmd":"L"},{"x":216.86,"y":82.18,"cmd":"L"},{"x":215.83,"y":68.18,"cmd":"L"},{"x":213.95,"y":52.17,"cmd":"L"},{"x":213.66,"y":35.19,"cmd":"L"},{"x":213.62,"y":22.19,"cmd":"L"},{"x":212,"y":10.17,"cmd":"L"},{"x":211.78,"y":6.19,"cmd":"L"},{"x":211.1,"y":2.15,"cmd":"L"},{"x":210.98,"y":1.17,"cmd":"L"},{"x":209.85,"y":0.18,"cmd":"L"},{"x":200.6,"y":0.95,"cmd":"L"},{"x":168.54,"y":7.58,"cmd":"L"},{"x":137.55,"y":13.62,"cmd":"L"},{"x":108.58,"y":17.77,"cmd":"L"},{"x":87.56,"y":21.65,"cmd":"L"},{"x":68.57,"y":24.71,"cmd":"L"},{"x":57.56,"y":26.67,"cmd":"L"},{"x":44.53,"y":29.55,"cmd":"L"},{"x":36.45,"y":32.24,"cmd":"L"},{"x":32.36,"y":34.01,"cmd":"L"},{"x":22.46,"y":37.26,"cmd":"L"},{"x":14.43,"y":40.17,"cmd":"L"},{"x":12.37,"y":41.03,"cmd":"L"},{"x":9.24,"y":42.75,"cmd":"L"},{"x":5.27,"y":44.81,"cmd":"L"},{"x":3.28,"y":45.83,"cmd":"L"},{"x":2.13,"y":46.57,"cmd":"L"},{"x":1.68,"y":47.03,"cmd":"L"},{"x":0.56,"y":50.35,"cmd":"L"},{"x":0.02,"y":54.22,"cmd":"L"},{"x":0.43,"y":61.2,"cmd":"L"},{"x":1.82,"y":66.3,"cmd":"L"},{"x":2.94,"y":71.27,"cmd":"L"},{"x":4.83,"y":78.3,"cmd":"L"},{"x":7.62,"y":86.36,"cmd":"L"},{"x":8.95,"y":92.27,"cmd":"L"},{"x":10.75,"y":98.32,"cmd":"L"},{"x":11.82,"y":102.3,"cmd":"L"},{"x":12.21,"y":105.22,"cmd":"L"},{"x":12.8,"y":107.3,"cmd":"L"},{"x":13.26,"y":111.21,"cmd":"L"},{"x":13.43,"y":114.2,"cmd":"L"},{"x":14.11,"y":118.23,"cmd":"L"},{"x":14.74,"y":120.32,"cmd":"L"},{"x":14.95,"y":121.27,"cmd":"L"}],"parentId":"Top","idx":16},{"type":"pencil","iteration":1,"blend":"normal","seed":1064092363,"exportable":true,"findable":true,"fill":{"method":"fill","blend":"normal","enabled":false,"opacity":0,"type":"color","color":"black"},"filter":{"enabled":true,"opened":true,"stack":[]},"stroke":{"method":"stroke","blend":"normal","enabled":true,"opacity":1,"type":"color","color":"#074dff","alignment":0.5,"lineCap":"round","lineDash":"none","lineDashOffset":0,"lineJoin":"miter","lineWidth":2,"lineWidthVariance":0,"miterLimit":4},"bbox":{"x":1346.8650318512348,"y":36,"width":44.13496814876521,"height":52.597371956149985,"rotation":0,"scale":{"x":1,"y":1},"skew":{"x":0,"y":0},"anchor":{"x":0,"y":0}},"id":"b3680469-f9d9-4c79-840a-df0b60ffb6f2","pointerId":"you_65999","pathSmoothing":{"enabled":true,"alpha":0.5,"tension":1,"type":0},"path":[{"x":42.13,"y":0,"cmd":"M"},{"x":42.13,"y":0,"cmd":"L"},{"x":38.72,"y":5.46,"cmd":"L"},{"x":31.15,"y":13.78,"cmd":"L"},{"x":28.02,"y":17.67,"cmd":"L"},{"x":24.18,"y":21.8,"cmd":"L"},{"x":19.91,"y":27.58,"cmd":"L"},{"x":12.41,"y":34.04,"cmd":"L"},{"x":9.32,"y":36.95,"cmd":"L"},{"x":8.3,"y":37.92,"cmd":"L"},{"x":7.29,"y":38.91,"cmd":"L"},{"x":5.27,"y":40.89,"cmd":"L"},{"x":3.38,"y":36.73,"cmd":"L"},{"x":3.24,"y":33,"cmd":"L"},{"x":3.76,"y":28.98,"cmd":"L"},{"x":3.91,"y":26.99,"cmd":"L"},{"x":3.96,"y":26,"cmd":"L"},{"x":4.01,"y":25,"cmd":"L"},{"x":4.04,"y":24,"cmd":"L"},{"x":4.1,"y":23.82,"cmd":"L"},{"x":4.35,"y":22.9,"cmd":"L"},{"x":4.89,"y":21.73,"cmd":"L"},{"x":5.18,"y":20.84,"cmd":"L"},{"x":5.41,"y":19.91,"cmd":"L"},{"x":6.3,"y":16.88,"cmd":"L"},{"x":8.12,"y":11.82,"cmd":"L"},{"x":8.52,"y":9.94,"cmd":"L"},{"x":8.99,"y":8.77,"cmd":"L"},{"x":9.27,"y":7.87,"cmd":"L"},{"x":9.48,"y":6.93,"cmd":"L"},{"x":9.48,"y":6.93,"cmd":"L"},{"x":9.34,"y":9.01,"cmd":"L"},{"x":7.78,"y":16.07,"cmd":"L"},{"x":6.74,"y":21.06,"cmd":"L"},{"x":4.9,"y":28.1,"cmd":"L"},{"x":2.94,"y":35.11,"cmd":"L"},{"x":2.62,"y":37.04,"cmd":"L"},{"x":2.43,"y":39.01,"cmd":"L"},{"x":2.06,"y":40.15,"cmd":"L"},{"x":1.84,"y":41.08,"cmd":"L"},{"x":1.66,"y":42.05,"cmd":"L"},{"x":1.53,"y":43.03,"cmd":"L"},{"x":1.43,"y":44.01,"cmd":"L"},{"x":1.36,"y":45.01,"cmd":"L"},{"x":1.01,"y":46.13,"cmd":"L"},{"x":0.8,"y":47.07,"cmd":"L"},{"x":0.31,"y":48.24,"cmd":"L"},{"x":0.03,"y":49.14,"cmd":"L"},{"x":2.52,"y":50.53,"cmd":"L"},{"x":10.17,"y":49.43,"cmd":"L"},{"x":15.18,"y":48.53,"cmd":"L"},{"x":24.2,"y":46.62,"cmd":"L"},{"x":29.2,"y":45.6,"cmd":"L"},{"x":31.28,"y":44.92,"cmd":"L"},{"x":32.22,"y":44.7,"cmd":"L"},{"x":33.18,"y":44.53,"cmd":"L"}],"parentId":"Top","idx":17}],"resources":[{"author":[{"bio":null,"name":"Paul D. Hunt","email":"http://www.adobe.com/","filename":["SourceSansPro-ExtraLight.ttf","SourceSansPro-ExtraLightItalic.ttf","SourceSansPro-Light.ttf","SourceSansPro-LightItalic.ttf","SourceSansPro-Regular.ttf","SourceSansPro-Italic.ttf","SourceSansPro-SemiBold.ttf","SourceSansPro-SemiBoldItalic.ttf","SourceSansPro-Bold.ttf","SourceSansPro-BoldItalic.ttf","SourceSansPro-Black.ttf","SourceSansPro-BlackItalic.ttf"],"imageUrl":"https://lh3.googleusercontent.com/pXkkq9v6LZQyR5y1YSr2qtOkZ3kHVgutUz4PqXvWzH_Etqe53Xf8PPs0JN0","copyright":"Copyright 2010, 2012, 2014 Adobe Systems Incorporated (http://www.adobe.com/), with Reserved Font Name Source."}],"defaultVariant":"normal 400","key":"source-sans-pro","preview":{"italic 200":{"url":"https://asset.paintserver.com/source-sans-pro-200italic.png","width":170,"height":80},"italic 300":{"url":"https://asset.paintserver.com/source-sans-pro-300italic.png","width":170,"height":80},"italic 400":{"url":"https://asset.paintserver.com/source-sans-pro-italic.png","width":170,"height":80},"italic 600":{"url":"https://asset.paintserver.com/source-sans-pro-600italic.png","width":170,"height":80},"italic 700":{"url":"https://asset.paintserver.com/source-sans-pro-700italic.png","width":170,"height":80},"italic 900":{"url":"https://asset.paintserver.com/source-sans-pro-900italic.png","width":170,"height":80},"normal 200":{"url":"https://asset.paintserver.com/source-sans-pro-200.png","width":170,"height":80},"normal 300":{"url":"https://asset.paintserver.com/source-sans-pro-300.png","width":170,"height":80},"normal 400":{"url":"https://asset.paintserver.com/source-sans-pro-regular.png","width":170,"height":80},"normal 600":{"url":"https://asset.paintserver.com/source-sans-pro-600.png","width":170,"height":80},"normal 700":{"url":"https://asset.paintserver.com/source-sans-pro-700.png","width":170,"height":80},"normal 900":{"url":"https://asset.paintserver.com/source-sans-pro-900.png","width":170,"height":80}},"title":"Source Sans Pro","type":["font"],"value":{"italic 200":{"ttf":"https://asset.paintserver.com/32305eb04569512ab9b7340aa8c10a5d.ttf","woff":"https://asset.paintserver.com/833849fc79597fb11ed47f634ff9ac39.woff","style":"italic","woff2":"https://asset.paintserver.com/22d9ece240a63e502470f6e744bed0c5.woff2","weight":"200"},"italic 300":{"ttf":"https://asset.paintserver.com/eb5d8127e4158c7241a10cc05de930f6.ttf","woff":"https://asset.paintserver.com/a8af7d67480e8707e25906f77bb771cf.woff","style":"italic","woff2":"https://asset.paintserver.com/5ad0cbef5b77ea554eeecb857106bc0c.woff2","weight":"300"},"italic 400":{"ttf":"https://asset.paintserver.com/764c2cc5318c856dfccb29cd8529b51d.ttf","woff":"https://asset.paintserver.com/62356c3e793970eb7f5896d319561737.woff","style":"italic","woff2":"https://asset.paintserver.com/926ecb7d6d364a26ea8b3db53cba5f5e.woff2","weight":"400"},"italic 600":{"ttf":"https://asset.paintserver.com/0f3a2e37b81162b12c9fa35455540231.ttf","woff":"https://asset.paintserver.com/33a2e415f99181c57e824fca0efee221.woff","style":"italic","woff2":"https://asset.paintserver.com/dc7896697e4195fb7bcf729f4e398091.woff2","weight":"600"},"italic 700":{"ttf":"https://asset.paintserver.com/9950e9ec3672c65b4e64bfb5b562131a.ttf","woff":"https://asset.paintserver.com/98c25e7831cecac4a458e9709cf7747c.woff","style":"italic","woff2":"https://asset.paintserver.com/7385066554ed759c84935299cbc01c66.woff2","weight":"700"},"italic 900":{"ttf":"https://asset.paintserver.com/adaf9bf8364b3101b1bcb73ec6794c5c.ttf","woff":"https://asset.paintserver.com/4ef398107aece6d6d98f26731cd1d8e3.woff","style":"italic","woff2":"https://asset.paintserver.com/4f86bb8e6fcbdaf1e24e6ddebb89e740.woff2","weight":"900"},"normal 200":{"ttf":"https://asset.paintserver.com/fd04b68bcc43c5b7aabb44c5386c3542.ttf","woff":"https://asset.paintserver.com/6ee96e52eff79250c5f19914dc6af212.woff","style":"normal","woff2":"https://asset.paintserver.com/5e999328d835bc49bb6ca15ef09f1afb.woff2","weight":"200"},"normal 300":{"ttf":"https://asset.paintserver.com/ee2a11b8055d665afd2ac1d818683ffe.ttf","woff":"https://asset.paintserver.com/550688190bc105978885dae5b802079c.woff","style":"normal","woff2":"https://asset.paintserver.com/003c070ea86db0557172a130df59ca55.woff2","weight":"300"},"normal 400":{"ttf":"https://asset.paintserver.com/5182da425f811908bed9f5b8c72fa44f.ttf","woff":"https://asset.paintserver.com/333d22f496ec09a649a4fe262a2dcb7e.woff","style":"normal","woff2":"https://asset.paintserver.com/b11b8e087850845f557dd2abd2a79797.woff2","weight":"400"},"normal 600":{"ttf":"https://asset.paintserver.com/774c05ccae92d11b95a2ef722c9566a8.ttf","woff":"https://asset.paintserver.com/88acef4fafaf6b95213fbc056cc65f21.woff","style":"normal","woff2":"https://asset.paintserver.com/837a03e169765636841b5637421ba49c.woff2","weight":"600"},"normal 700":{"ttf":"https://asset.paintserver.com/0d9b62a03206f739cd34b2936a5929f1.ttf","woff":"https://asset.paintserver.com/e0b7b522f8613b8fa84004e5ff247387.woff","style":"normal","woff2":"https://asset.paintserver.com/77a63b543dc177b576053ad1a05ed027.woff2","weight":"700"},"normal 900":{"ttf":"https://asset.paintserver.com/e495a7368e5f4d3c155daf129b841378.ttf","woff":"https://asset.paintserver.com/b0c7d4c4d91d9936a637ff34cce31706.woff","style":"normal","woff2":"https://asset.paintserver.com/edf6fb87ba3c32971db429a695b40c7f.woff2","weight":"900"}},"variants":["normal 200","italic 200","normal 300","normal 400","italic 400","italic 300","normal 600","italic 600","normal 700","italic 700","normal 900","italic 900"],"availableStyles":{"normal":true,"italic":true},"availableWeights":{"200":true,"300":true,"400":true,"600":true,"700":true,"900":true},"hasHeavyVariant":true,"hasItalicVariant":true,"hasLightVariant":true,"selected":true}]}